State,District,Date,Year,Month,Avg_rainfall,Agency_name
Andhra Pradesh,Vizianagaram,2025-05-10,2025,05,0.1774530084,NRSC VIC MODEL
Andhra Pradesh,Vizianagaram,2025-05-23,2025,05,13.1704773152,NRSC VIC MODEL
Andhra Pradesh,Vizianagaram,2025-06-18,2025,06,1.2894087173,NRSC VIC MODEL
Andhra Pradesh,West Godavari,2025-01-05,2025,01,0.0015886231,NRSC VIC MODEL
Andhra Pradesh,West Godavari,2025-01-10,2025,01,0.0018781224,NRSC VIC MODEL
Andhra Pradesh,West Godavari,2025-01-11,2025,01,0.0,NRSC VIC MODEL
Andhra Pradesh,West Godavari,2025-01-19,2025,01,0.0,NRSC VIC MODEL
Andhra Pradesh,West Godavari,2025-01-23,2025,01,0.030279655,NRSC VIC MODEL
Andhra Pradesh,West Godavari,2025-01-28,2025,01,0.0,NRSC VIC MODEL
Andhra Pradesh,West Godavari,2025-02-04,2025,02,0.0,NRSC VIC MODEL
Andhra Pradesh,West Godavari,2025-02-08,2025,02,0.0,NRSC VIC MODEL
Andhra Pradesh,West Godavari,2025-02-09,2025,02,0.0,NRSC VIC MODEL
Andhra Pradesh,West Godavari,2025-02-10,2025,02,0.0,NRSC VIC MODEL
Andhra Pradesh,West Godavari,2025-02-13,2025,02,9.11561e-05,NRSC VIC MODEL
Andhra Pradesh,West Godavari,2025-02-14,2025,02,0.0,NRSC VIC MODEL
Andhra Pradesh,West Godavari,2025-02-18,2025,02,0.0,NRSC VIC MODEL
Andhra Pradesh,West Godavari,2025-02-27,2025,02,0.0,NRSC VIC MODEL
Andhra Pradesh,West Godavari,2025-02-28,2025,02,0.0,NRSC VIC MODEL
Andhra Pradesh,West Godavari,2025-03-02,2025,03,0.0,NRSC VIC MODEL
Andhra Pradesh,West Godavari,2025-03-03,2025,03,0.0092355254,NRSC VIC MODEL
Andhra Pradesh,West Godavari,2025-03-04,2025,03,0.0,NRSC VIC MODEL
Andhra Pradesh,West Godavari,2025-03-05,2025,03,0.7424462008,NRSC VIC MODEL
Andhra Pradesh,West Godavari,2025-03-09,2025,03,0.0006509571,NRSC VIC MODEL
Andhra Pradesh,West Godavari,2025-03-19,2025,03,0.0,NRSC VIC MODEL
Andhra Pradesh,West Godavari,2025-03-24,2025,03,0.0012913464,NRSC VIC MODEL
Andhra Pradesh,West Godavari,2025-03-25,2025,03,0.0497244971,NRSC VIC MODEL
Andhra Pradesh,West Godavari,2025-03-26,2025,03,0.0012866594,NRSC VIC MODEL
Andhra Pradesh,West Godavari,2025-03-30,2025,03,0.0,NRSC VIC MODEL
Andhra Pradesh,West Godavari,2025-03-31,2025,03,0.0033307726,NRSC VIC MODEL
Andhra Pradesh,West Godavari,2025-04-06,2025,04,0.6331011314,NRSC VIC MODEL
Andhra Pradesh,West Godavari,2025-04-12,2025,04,1.0625574599,NRSC VIC MODEL
Andhra Pradesh,West Godavari,2025-04-15,2025,04,0.0,NRSC VIC MODEL
Andhra Pradesh,West Godavari,2025-04-25,2025,04,0.0,NRSC VIC MODEL
Andhra Pradesh,West Godavari,2025-04-26,2025,04,0.026200612,NRSC VIC MODEL
Andhra Pradesh,West Godavari,2025-04-29,2025,04,0.015284059,NRSC VIC MODEL
Andhra Pradesh,West Godavari,2025-05-04,2025,05,4.4031326251,NRSC VIC MODEL
Andhra Pradesh,West Godavari,2025-05-07,2025,05,0.7784454918,NRSC VIC MODEL
Andhra Pradesh,West Godavari,2025-05-25,2025,05,6.8659235024,NRSC VIC MODEL
Andhra Pradesh,West Godavari,2025-05-29,2025,05,5.3623490189,NRSC VIC MODEL
Andhra Pradesh,West Godavari,2025-05-30,2025,05,5.8231782502,NRSC VIC MODEL
Andhra Pradesh,West Godavari,2025-06-12,2025,06,2.3136931461,NRSC VIC MODEL
Andhra Pradesh,West Godavari,2025-06-17,2025,06,5.2226366507,NRSC VIC MODEL
Andhra Pradesh,West Godavari,2025-06-18,2025,06,0.3336636089,NRSC VIC MODEL
Andhra Pradesh,West Godavari,2025-06-21,2025,06,6.8968095393,NRSC VIC MODEL
Andhra Pradesh,West Godavari,2025-06-22,2025,06,20.6328202677,NRSC VIC MODEL
Andhra Pradesh,West Godavari,2025-06-26,2025,06,27.1896234964,NRSC VIC MODEL
Andhra Pradesh,Y.S.R.,2025-01-05,2025,01,0.0,NRSC VIC MODEL
Andhra Pradesh,Y.S.R.,2025-01-08,2025,01,0.0,NRSC VIC MODEL
Andhra Pradesh,Y.S.R.,2025-01-11,2025,01,0.0758484919,NRSC VIC MODEL
Andhra Pradesh,Y.S.R.,2025-01-17,2025,01,0.0049119476,NRSC VIC MODEL
Andhra Pradesh,Y.S.R.,2025-01-23,2025,01,0.0,NRSC VIC MODEL
Andhra Pradesh,Y.S.R.,2025-02-04,2025,02,0.001797424,NRSC VIC MODEL
Andhra Pradesh,Y.S.R.,2025-02-17,2025,02,0.0026028895,NRSC VIC MODEL
Andhra Pradesh,Y.S.R.,2025-02-20,2025,02,0.0021599523,NRSC VIC MODEL
Andhra Pradesh,Y.S.R.,2025-02-22,2025,02,0.0004738872,NRSC VIC MODEL
Andhra Pradesh,Y.S.R.,2025-02-27,2025,02,0.0014713069,NRSC VIC MODEL
Andhra Pradesh,Y.S.R.,2025-03-05,2025,03,0.0168952521,NRSC VIC MODEL
Andhra Pradesh,Y.S.R.,2025-03-10,2025,03,0.0014072118,NRSC VIC MODEL
Andhra Pradesh,Y.S.R.,2025-03-14,2025,03,0.0,NRSC VIC MODEL
Andhra Pradesh,Y.S.R.,2025-04-02,2025,04,0.0005459018,NRSC VIC MODEL
Andhra Pradesh,Y.S.R.,2025-04-03,2025,04,0.0007601752,NRSC VIC MODEL
Andhra Pradesh,Y.S.R.,2025-04-15,2025,04,0.701508446,NRSC VIC MODEL
Andhra Pradesh,Y.S.R.,2025-04-18,2025,04,0.0673034532,NRSC VIC MODEL
Andhra Pradesh,Y.S.R.,2025-04-25,2025,04,0.3942614812,NRSC VIC MODEL
Andhra Pradesh,Y.S.R.,2025-04-27,2025,04,0.0,NRSC VIC MODEL
Andhra Pradesh,Y.S.R.,2025-04-29,2025,04,0.0076984396,NRSC VIC MODEL
Andhra Pradesh,Y.S.R.,2025-05-07,2025,05,5.0066740391,NRSC VIC MODEL
Andhra Pradesh,Y.S.R.,2025-05-18,2025,05,14.2427974542,NRSC VIC MODEL
Andhra Pradesh,Y.S.R.,2025-05-19,2025,05,10.4788152818,NRSC VIC MODEL
Andhra Pradesh,Y.S.R.,2025-05-21,2025,05,17.3958088964,NRSC VIC MODEL
Andhra Pradesh,Y.S.R.,2025-05-25,2025,05,0.0099065021,NRSC VIC MODEL
Andhra Pradesh,Y.S.R.,2025-06-04,2025,06,0.19953721,NRSC VIC MODEL
Andhra Pradesh,Y.S.R.,2025-06-11,2025,06,2.7592290825,NRSC VIC MODEL
Andhra Pradesh,Y.S.R.,2025-06-20,2025,06,0.7949093696,NRSC VIC MODEL
Andhra Pradesh,Y.S.R.,2025-06-23,2025,06,4.0895953348,NRSC VIC MODEL
Andhra Pradesh,Y.S.R.,2025-06-25,2025,06,0.1774022508,NRSC VIC MODEL
Andhra Pradesh,Y.S.R.,2025-06-27,2025,06,0.6444004048,NRSC VIC MODEL
Andhra Pradesh,Y.S.R.,2025-06-29,2025,06,0.1736194867,NRSC VIC MODEL
Andhra Pradesh,Kurnool,2025-04-14,2025,04,0.2874821637,NRSC VIC MODEL
Andhra Pradesh,Kurnool,2025-04-15,2025,04,0.6069523164,NRSC VIC MODEL
Andhra Pradesh,Kurnool,2025-04-18,2025,04,0.284381688,NRSC VIC MODEL
Andhra Pradesh,Kurnool,2025-04-22,2025,04,0.0,NRSC VIC MODEL
Andhra Pradesh,Kurnool,2025-04-24,2025,04,0.0,NRSC VIC MODEL
Andhra Pradesh,Kurnool,2025-04-29,2025,04,0.1830091522,NRSC VIC MODEL
Andhra Pradesh,Kurnool,2025-05-02,2025,05,0.379986479,NRSC VIC MODEL
Andhra Pradesh,Kurnool,2025-05-05,2025,05,8.72867e-05,NRSC VIC MODEL
Andhra Pradesh,Kurnool,2025-05-06,2025,05,0.0027260701,NRSC VIC MODEL
Andhra Pradesh,Kurnool,2025-05-08,2025,05,2.1320950806,NRSC VIC MODEL
Andhra Pradesh,Kurnool,2025-05-22,2025,05,4.773554528,NRSC VIC MODEL
Andhra Pradesh,Kurnool,2025-05-23,2025,05,0.0471768871,NRSC VIC MODEL
Andhra Pradesh,Kurnool,2025-06-06,2025,06,0.0,NRSC VIC MODEL
Andhra Pradesh,Kurnool,2025-06-14,2025,06,0.5816293075,NRSC VIC MODEL
Andhra Pradesh,Kurnool,2025-06-16,2025,06,2.2962416308,NRSC VIC MODEL
Andhra Pradesh,Kurnool,2025-06-18,2025,06,0.156463813,NRSC VIC MODEL
Andhra Pradesh,Kurnool,2025-06-15,2025,06,0.0002824618,NRSC VIC MODEL
Andhra Pradesh,Kurnool,2025-06-20,2025,06,0.2058253564,NRSC VIC MODEL
Andhra Pradesh,Kurnool,2025-06-24,2025,06,2.4940713374,NRSC VIC MODEL
Andhra Pradesh,Kurnool,2025-06-26,2025,06,2.0841988615,NRSC VIC MODEL
Andhra Pradesh,Kurnool,2025-06-29,2025,06,0.2531252184,NRSC VIC MODEL
Andhra Pradesh,Prakasam,2025-01-06,2025,01,0.0,NRSC VIC MODEL
Andhra Pradesh,Prakasam,2025-01-11,2025,01,0.0159580437,NRSC VIC MODEL
Andhra Pradesh,Prakasam,2025-01-12,2025,01,0.0010038737,NRSC VIC MODEL
Andhra Pradesh,Prakasam,2025-01-18,2025,01,0.0,NRSC VIC MODEL
Andhra Pradesh,Prakasam,2025-01-25,2025,01,0.0,NRSC VIC MODEL
Andhra Pradesh,Prakasam,2025-02-06,2025,02,0.0,NRSC VIC MODEL
Andhra Pradesh,Prakasam,2025-02-13,2025,02,0.0006546136,NRSC VIC MODEL
Andhra Pradesh,Prakasam,2025-02-14,2025,02,0.0,NRSC VIC MODEL
Andhra Pradesh,Prakasam,2025-02-17,2025,02,0.0,NRSC VIC MODEL
Andhra Pradesh,Prakasam,2025-02-18,2025,02,0.0,NRSC VIC MODEL
Andhra Pradesh,Prakasam,2025-02-22,2025,02,3.3864e-06,NRSC VIC MODEL
Andhra Pradesh,Prakasam,2025-02-26,2025,02,5.0797e-06,NRSC VIC MODEL
Andhra Pradesh,Prakasam,2025-03-01,2025,03,-0.0003498345,NRSC VIC MODEL
Andhra Pradesh,Prakasam,2025-03-09,2025,03,0.0,NRSC VIC MODEL
Andhra Pradesh,Prakasam,2025-03-13,2025,03,0.0,NRSC VIC MODEL
Andhra Pradesh,Prakasam,2025-03-26,2025,03,0.0,NRSC VIC MODEL
Andhra Pradesh,Prakasam,2025-03-27,2025,03,0.0,NRSC VIC MODEL
Andhra Pradesh,Prakasam,2025-04-07,2025,04,0.0034300529,NRSC VIC MODEL
Andhra Pradesh,Prakasam,2025-04-08,2025,04,0.043975357,NRSC VIC MODEL
Andhra Pradesh,Prakasam,2025-04-11,2025,04,0.6066631912,NRSC VIC MODEL
Andhra Pradesh,Prakasam,2025-04-17,2025,04,0.0703258887,NRSC VIC MODEL
Andhra Pradesh,Prakasam,2025-04-20,2025,04,0.0582714394,NRSC VIC MODEL
Andhra Pradesh,Prakasam,2025-05-04,2025,05,0.1141850088,NRSC VIC MODEL
Andhra Pradesh,Prakasam,2025-05-06,2025,05,0.8731723001,NRSC VIC MODEL
Andhra Pradesh,Prakasam,2025-05-08,2025,05,0.8525779017,NRSC VIC MODEL
Andhra Pradesh,Prakasam,2025-05-18,2025,05,11.6000172686,NRSC VIC MODEL
Andhra Pradesh,Prakasam,2025-05-29,2025,05,0.5907376453,NRSC VIC MODEL
Andhra Pradesh,Prakasam,2025-05-30,2025,05,1.8160182842,NRSC VIC MODEL
Andhra Pradesh,Prakasam,2025-06-04,2025,06,0.1390949554,NRSC VIC MODEL
Andhra Pradesh,Prakasam,2025-06-11,2025,06,0.2869920356,NRSC VIC MODEL
Andhra Pradesh,Prakasam,2025-06-15,2025,06,0.2483206722,NRSC VIC MODEL
Andhra Pradesh,Prakasam,2025-06-30,2025,06,4.2826643433,NRSC VIC MODEL
Andhra Pradesh,SPSR Nellore,2025-01-03,2025,01,0.0,NRSC VIC MODEL
Andhra Pradesh,SPSR Nellore,2025-01-08,2025,01,0.0,NRSC VIC MODEL
Andhra Pradesh,SPSR Nellore,2025-01-09,2025,01,0.0,NRSC VIC MODEL
Andhra Pradesh,SPSR Nellore,2025-01-14,2025,01,1.3873163412,NRSC VIC MODEL
Andhra Pradesh,SPSR Nellore,2025-01-15,2025,01,0.0,NRSC VIC MODEL
Andhra Pradesh,SPSR Nellore,2025-01-18,2025,01,0.0,NRSC VIC MODEL
Andhra Pradesh,SPSR Nellore,2025-02-02,2025,02,0.0004451211,NRSC VIC MODEL
Andhra Pradesh,SPSR Nellore,2025-02-07,2025,02,0.0,NRSC VIC MODEL
Andhra Pradesh,SPSR Nellore,2025-02-13,2025,02,0.0002371925,NRSC VIC MODEL
Andhra Pradesh,SPSR Nellore,2025-02-14,2025,02,0.0,NRSC VIC MODEL
Andhra Pradesh,SPSR Nellore,2025-02-20,2025,02,0.0,NRSC VIC MODEL
Andhra Pradesh,SPSR Nellore,2025-03-01,2025,03,0.0837448696,NRSC VIC MODEL
Andhra Pradesh,SPSR Nellore,2025-03-02,2025,03,-0.0015218458,NRSC VIC MODEL
Andhra Pradesh,SPSR Nellore,2025-03-04,2025,03,0.0019241849,NRSC VIC MODEL
Andhra Pradesh,SPSR Nellore,2025-03-12,2025,03,0.3869925252,NRSC VIC MODEL
Andhra Pradesh,SPSR Nellore,2025-03-15,2025,03,0.0,NRSC VIC MODEL
Andhra Pradesh,SPSR Nellore,2025-03-18,2025,03,0.0,NRSC VIC MODEL
Andhra Pradesh,SPSR Nellore,2025-04-02,2025,04,0.0,NRSC VIC MODEL
Andhra Pradesh,SPSR Nellore,2025-04-05,2025,04,0.2516858618,NRSC VIC MODEL
Andhra Pradesh,SPSR Nellore,2025-04-06,2025,04,0.0031049768,NRSC VIC MODEL
Andhra Pradesh,SPSR Nellore,2025-04-09,2025,04,-0.0043548541,NRSC VIC MODEL
Andhra Pradesh,SPSR Nellore,2025-04-10,2025,04,0.0,NRSC VIC MODEL
Andhra Pradesh,SPSR Nellore,2025-04-14,2025,04,0.5384331962,NRSC VIC MODEL
Andhra Pradesh,SPSR Nellore,2025-04-19,2025,04,0.0,NRSC VIC MODEL
Andhra Pradesh,SPSR Nellore,2025-04-22,2025,04,0.0,NRSC VIC MODEL
Andhra Pradesh,SPSR Nellore,2025-04-25,2025,04,0.0,NRSC VIC MODEL
Andhra Pradesh,SPSR Nellore,2025-05-01,2025,05,0.1329099033,NRSC VIC MODEL
Andhra Pradesh,SPSR Nellore,2025-05-06,2025,05,0.0234648347,NRSC VIC MODEL
Andhra Pradesh,SPSR Nellore,2025-05-09,2025,05,5.5078058102,NRSC VIC MODEL
Andhra Pradesh,SPSR Nellore,2025-05-03,2025,05,0.883650748,NRSC VIC MODEL
Andhra Pradesh,SPSR Nellore,2025-05-19,2025,05,10.2047224419,NRSC VIC MODEL
Andhra Pradesh,SPSR Nellore,2025-05-31,2025,05,0.4750763753,NRSC VIC MODEL
Andhra Pradesh,SPSR Nellore,2025-06-10,2025,06,0.0202711874,NRSC VIC MODEL
Andhra Pradesh,SPSR Nellore,2025-06-11,2025,06,0.2434325714,NRSC VIC MODEL
Andhra Pradesh,SPSR Nellore,2025-06-12,2025,06,1.2327540904,NRSC VIC MODEL
Andhra Pradesh,SPSR Nellore,2025-06-16,2025,06,3.2490241944,NRSC VIC MODEL
Andhra Pradesh,SPSR Nellore,2025-06-17,2025,06,0.0142824892,NRSC VIC MODEL
Andhra Pradesh,SPSR Nellore,2025-06-20,2025,06,1.1645744764,NRSC VIC MODEL
Andhra Pradesh,SPSR Nellore,2025-06-21,2025,06,5.8024289728,NRSC VIC MODEL
Andhra Pradesh,Srikakulam,2025-01-13,2025,01,0.0,NRSC VIC MODEL
Andhra Pradesh,Srikakulam,2025-01-12,2025,01,0.0018385266,NRSC VIC MODEL
Andhra Pradesh,Srikakulam,2025-01-22,2025,01,0.0,NRSC VIC MODEL
Andhra Pradesh,Srikakulam,2025-02-05,2025,02,0.0,NRSC VIC MODEL
Andhra Pradesh,Srikakulam,2025-02-10,2025,02,0.0,NRSC VIC MODEL
Andhra Pradesh,Srikakulam,2025-02-16,2025,02,0.0,NRSC VIC MODEL
Andhra Pradesh,Srikakulam,2025-02-19,2025,02,0.0,NRSC VIC MODEL
Andhra Pradesh,Srikakulam,2025-02-22,2025,02,0.0023510386,NRSC VIC MODEL
Andhra Pradesh,Srikakulam,2025-02-28,2025,02,0.0,NRSC VIC MODEL
Andhra Pradesh,Srikakulam,2025-03-03,2025,03,0.0911713497,NRSC VIC MODEL
Andhra Pradesh,Srikakulam,2025-03-04,2025,03,0.0,NRSC VIC MODEL
Andhra Pradesh,Srikakulam,2025-03-14,2025,03,0.0,NRSC VIC MODEL
Andhra Pradesh,Srikakulam,2025-03-19,2025,03,0.0,NRSC VIC MODEL
Andhra Pradesh,Srikakulam,2025-03-21,2025,03,0.0,NRSC VIC MODEL
Andhra Pradesh,Srikakulam,2025-03-23,2025,03,0.035941637,NRSC VIC MODEL
Andhra Pradesh,Srikakulam,2025-03-27,2025,03,0.0,NRSC VIC MODEL
Andhra Pradesh,Srikakulam,2025-03-28,2025,03,0.0,NRSC VIC MODEL
Andhra Pradesh,Srikakulam,2025-04-06,2025,04,0.1692857447,NRSC VIC MODEL
Andhra Pradesh,Srikakulam,2025-04-08,2025,04,0.0,NRSC VIC MODEL
Andhra Pradesh,Srikakulam,2025-04-17,2025,04,0.0,NRSC VIC MODEL
Andhra Pradesh,Srikakulam,2025-04-22,2025,04,0.0011500665,NRSC VIC MODEL
Andhra Pradesh,Srikakulam,2025-04-25,2025,04,0.0762703607,NRSC VIC MODEL
Andhra Pradesh,Srikakulam,2025-04-29,2025,04,5.1811037712,NRSC VIC MODEL
Andhra Pradesh,Srikakulam,2025-05-07,2025,05,0.1880451286,NRSC VIC MODEL
Andhra Pradesh,Srikakulam,2025-05-17,2025,05,2.2925583053,NRSC VIC MODEL
Andhra Pradesh,Srikakulam,2025-05-23,2025,05,4.9728621104,NRSC VIC MODEL
Andhra Pradesh,Srikakulam,2025-05-25,2025,05,0.3126061956,NRSC VIC MODEL
Andhra Pradesh,Srikakulam,2025-05-26,2025,05,3.1976675489,NRSC VIC MODEL
Andhra Pradesh,Srikakulam,2025-05-29,2025,05,9.2392525377,NRSC VIC MODEL
Andhra Pradesh,Srikakulam,2025-06-11,2025,06,6.7758238534,NRSC VIC MODEL
Andhra Pradesh,Srikakulam,2025-06-21,2025,06,0.0224403575,NRSC VIC MODEL
Andhra Pradesh,Srikakulam,2025-06-24,2025,06,5.4013569123,NRSC VIC MODEL
Andhra Pradesh,Visakhapatanam,2025-01-02,2025,01,0.0,NRSC VIC MODEL
Andhra Pradesh,Visakhapatanam,2025-01-04,2025,01,0.0,NRSC VIC MODEL
Andhra Pradesh,Visakhapatanam,2025-01-05,2025,01,0.0011570779,NRSC VIC MODEL
Andhra Pradesh,Visakhapatanam,2025-01-08,2025,01,0.0,NRSC VIC MODEL
Andhra Pradesh,Visakhapatanam,2025-01-15,2025,01,0.0,NRSC VIC MODEL
Andhra Pradesh,Visakhapatanam,2025-01-16,2025,01,0.0,NRSC VIC MODEL
Andhra Pradesh,Visakhapatanam,2025-01-20,2025,01,0.0,NRSC VIC MODEL
Andhra Pradesh,Visakhapatanam,2025-01-19,2025,01,0.0,NRSC VIC MODEL
Andhra Pradesh,Visakhapatanam,2025-02-03,2025,02,0.0,NRSC VIC MODEL
Andhra Pradesh,Visakhapatanam,2025-02-04,2025,02,0.0,NRSC VIC MODEL
Andhra Pradesh,Visakhapatanam,2025-02-05,2025,02,0.0,NRSC VIC MODEL
Andhra Pradesh,Visakhapatanam,2025-02-06,2025,02,0.0,NRSC VIC MODEL
Andhra Pradesh,Visakhapatanam,2025-02-07,2025,02,0.0,NRSC VIC MODEL
Andhra Pradesh,Visakhapatanam,2025-02-09,2025,02,0.0,NRSC VIC MODEL
Andhra Pradesh,Visakhapatanam,2025-02-26,2025,02,6.66355e-05,NRSC VIC MODEL
Andhra Pradesh,Visakhapatanam,2025-03-01,2025,03,0.0,NRSC VIC MODEL
Andhra Pradesh,Visakhapatanam,2025-03-07,2025,03,0.0001249561,NRSC VIC MODEL
Andhra Pradesh,Visakhapatanam,2025-03-15,2025,03,0.0,NRSC VIC MODEL
Andhra Pradesh,Visakhapatanam,2025-03-19,2025,03,0.0,NRSC VIC MODEL
Andhra Pradesh,Visakhapatanam,2025-03-20,2025,03,0.0,NRSC VIC MODEL
Andhra Pradesh,Visakhapatanam,2025-03-23,2025,03,1.2650711505,NRSC VIC MODEL
Andhra Pradesh,Visakhapatanam,2025-03-24,2025,03,2.2926420987,NRSC VIC MODEL
Andhra Pradesh,Visakhapatanam,2025-03-29,2025,03,0.0037268939,NRSC VIC MODEL
Andhra Pradesh,Visakhapatanam,2025-04-02,2025,04,0.0,NRSC VIC MODEL
Andhra Pradesh,Visakhapatanam,2025-04-04,2025,04,2.125554147,NRSC VIC MODEL
Andhra Pradesh,Visakhapatanam,2025-04-05,2025,04,0.233760638,NRSC VIC MODEL
Andhra Pradesh,Visakhapatanam,2025-04-10,2025,04,0.0071046629,NRSC VIC MODEL
Andhra Pradesh,Visakhapatanam,2025-04-18,2025,04,0.2022740518,NRSC VIC MODEL
Andhra Pradesh,Visakhapatanam,2025-04-21,2025,04,1.0113521901,NRSC VIC MODEL
Andhra Pradesh,Visakhapatanam,2025-04-25,2025,04,0.0654508939,NRSC VIC MODEL
Andhra Pradesh,Visakhapatanam,2025-05-02,2025,05,4.3415749327,NRSC VIC MODEL
Andhra Pradesh,Visakhapatanam,2025-05-04,2025,05,11.6738086874,NRSC VIC MODEL
Andhra Pradesh,Visakhapatanam,2025-05-19,2025,05,4.113738739,NRSC VIC MODEL
Andhra Pradesh,Visakhapatanam,2025-05-26,2025,05,12.4498635659,NRSC VIC MODEL
Andhra Pradesh,Visakhapatanam,2025-05-31,2025,05,5.2408592775,NRSC VIC MODEL
Andhra Pradesh,Visakhapatanam,2025-06-02,2025,06,2.0826e-05,NRSC VIC MODEL
Andhra Pradesh,Visakhapatanam,2025-06-08,2025,06,3.5099730749,NRSC VIC MODEL
Andhra Pradesh,Visakhapatanam,2025-06-11,2025,06,15.2241854208,NRSC VIC MODEL
Andhra Pradesh,Visakhapatanam,2025-06-13,2025,06,1.1574554151,NRSC VIC MODEL
Andhra Pradesh,Visakhapatanam,2025-06-17,2025,06,3.931167438,NRSC VIC MODEL
Andhra Pradesh,Visakhapatanam,2025-06-29,2025,06,12.9583428413,NRSC VIC MODEL
Andhra Pradesh,Vizianagaram,2025-01-02,2025,01,7.6938e-06,NRSC VIC MODEL
Andhra Pradesh,Vizianagaram,2025-01-18,2025,01,0.0056818522,NRSC VIC MODEL
Andhra Pradesh,Vizianagaram,2025-01-24,2025,01,0.0,NRSC VIC MODEL
Andhra Pradesh,Vizianagaram,2025-02-05,2025,02,0.0,NRSC VIC MODEL
Andhra Pradesh,Vizianagaram,2025-02-13,2025,02,0.0,NRSC VIC MODEL
Andhra Pradesh,Vizianagaram,2025-02-15,2025,02,0.0,NRSC VIC MODEL
Andhra Pradesh,Vizianagaram,2025-02-17,2025,02,0.0,NRSC VIC MODEL
Andhra Pradesh,Vizianagaram,2025-02-21,2025,02,0.7964279814,NRSC VIC MODEL
Andhra Pradesh,Vizianagaram,2025-03-05,2025,03,0.0059512064,NRSC VIC MODEL
Andhra Pradesh,Vizianagaram,2025-03-06,2025,03,0.0124563127,NRSC VIC MODEL
Andhra Pradesh,Vizianagaram,2025-03-10,2025,03,0.0,NRSC VIC MODEL
Andhra Pradesh,Vizianagaram,2025-03-11,2025,03,0.0,NRSC VIC MODEL
Andhra Pradesh,Vizianagaram,2025-03-18,2025,03,0.0,NRSC VIC MODEL
Andhra Pradesh,Vizianagaram,2025-03-29,2025,03,0.0,NRSC VIC MODEL
Andhra Pradesh,Vizianagaram,2025-04-05,2025,04,0.0406179477,NRSC VIC MODEL
Andhra Pradesh,Vizianagaram,2025-04-06,2025,04,0.4560303501,NRSC VIC MODEL
Andhra Pradesh,Vizianagaram,2025-04-13,2025,04,0.2907517172,NRSC VIC MODEL
Andhra Pradesh,Vizianagaram,2025-04-15,2025,04,0.150660268,NRSC VIC MODEL
Andhra Pradesh,Vizianagaram,2025-04-20,2025,04,0.0103956318,NRSC VIC MODEL
Andhra Pradesh,Vizianagaram,2025-04-22,2025,04,0.0258485498,NRSC VIC MODEL
Andhra Pradesh,Vizianagaram,2025-04-23,2025,04,0.4397901305,NRSC VIC MODEL
Andhra Pradesh,Vizianagaram,2025-04-25,2025,04,0.1672893172,NRSC VIC MODEL
Andhra Pradesh,Vizianagaram,2025-04-26,2025,04,0.0107001184,NRSC VIC MODEL
Andhra Pradesh,Anantapur,2025-03-22,2025,03,0.0033229407,NRSC VIC MODEL
Andhra Pradesh,Anantapur,2025-04-04,2025,04,20.0045394557,NRSC VIC MODEL
Andhra Pradesh,Anantapur,2025-04-07,2025,04,0.018947695,NRSC VIC MODEL
Andhra Pradesh,Anantapur,2025-04-12,2025,04,0.4972993148,NRSC VIC MODEL
Andhra Pradesh,Anantapur,2025-04-19,2025,04,0.0571348874,NRSC VIC MODEL
Andhra Pradesh,Anantapur,2025-04-22,2025,04,0.0,NRSC VIC MODEL
Andhra Pradesh,Anantapur,2025-04-26,2025,04,0.0688155016,NRSC VIC MODEL
Andhra Pradesh,Anantapur,2025-05-06,2025,05,0.0033540757,NRSC VIC MODEL
Andhra Pradesh,Anantapur,2025-05-08,2025,05,0.0581335916,NRSC VIC MODEL
Andhra Pradesh,Anantapur,2025-05-16,2025,05,1.2082035496,NRSC VIC MODEL
Andhra Pradesh,Anantapur,2025-05-26,2025,05,1.1058156321,NRSC VIC MODEL
Andhra Pradesh,Anantapur,2025-05-30,2025,05,7.5967702519,NRSC VIC MODEL
Andhra Pradesh,Anantapur,2025-06-02,2025,06,0.4499040504,NRSC VIC MODEL
Andhra Pradesh,Anantapur,2025-06-04,2025,06,0.3732377634,NRSC VIC MODEL
Andhra Pradesh,Anantapur,2025-06-09,2025,06,12.2230118477,NRSC VIC MODEL
Andhra Pradesh,Anantapur,2025-06-12,2025,06,12.3924867363,NRSC VIC MODEL
Andhra Pradesh,Anantapur,2025-06-13,2025,06,1.1111160017,NRSC VIC MODEL
Andhra Pradesh,Anantapur,2025-06-17,2025,06,0.0412200606,NRSC VIC MODEL
Andhra Pradesh,Anantapur,2025-06-21,2025,06,1.2912402492,NRSC VIC MODEL
Andhra Pradesh,Anantapur,2025-06-15,2025,06,0.0684515402,NRSC VIC MODEL
Andhra Pradesh,Anantapur,2025-06-30,2025,06,0.1869944563,NRSC VIC MODEL
Andhra Pradesh,Chittoor,2025-01-05,2025,01,0.0,NRSC VIC MODEL
Andhra Pradesh,Chittoor,2025-01-15,2025,01,0.0,NRSC VIC MODEL
Andhra Pradesh,Chittoor,2025-01-16,2025,01,7.22762e-05,NRSC VIC MODEL
Andhra Pradesh,Chittoor,2025-01-20,2025,01,6.0797437069,NRSC VIC MODEL
Andhra Pradesh,Chittoor,2025-01-31,2025,01,2.17374e-05,NRSC VIC MODEL
Andhra Pradesh,Chittoor,2025-02-05,2025,02,0.0,NRSC VIC MODEL
Andhra Pradesh,Chittoor,2025-02-06,2025,02,0.0,NRSC VIC MODEL
Andhra Pradesh,Chittoor,2025-02-24,2025,02,1.07677e-05,NRSC VIC MODEL
Andhra Pradesh,Chittoor,2025-03-10,2025,03,5.3838e-06,NRSC VIC MODEL
Andhra Pradesh,Chittoor,2025-03-19,2025,03,0.0,NRSC VIC MODEL
Andhra Pradesh,Chittoor,2025-03-25,2025,03,0.0,NRSC VIC MODEL
Andhra Pradesh,Chittoor,2025-03-31,2025,03,0.000106387,NRSC VIC MODEL
Andhra Pradesh,Chittoor,2025-04-01,2025,04,0.0,NRSC VIC MODEL
Andhra Pradesh,Chittoor,2025-04-04,2025,04,3.4019828787,NRSC VIC MODEL
Andhra Pradesh,Chittoor,2025-04-05,2025,04,1.2902434733,NRSC VIC MODEL
Andhra Pradesh,Chittoor,2025-04-06,2025,04,0.0363410421,NRSC VIC MODEL
Andhra Pradesh,Chittoor,2025-04-27,2025,04,0.0065277327,NRSC VIC MODEL
Andhra Pradesh,Chittoor,2025-05-05,2025,05,3.952780447,NRSC VIC MODEL
Andhra Pradesh,Chittoor,2025-05-03,2025,05,10.1810741771,NRSC VIC MODEL
Andhra Pradesh,Chittoor,2025-05-18,2025,05,12.4007225667,NRSC VIC MODEL
Andhra Pradesh,Chittoor,2025-05-21,2025,05,19.4449427273,NRSC VIC MODEL
Andhra Pradesh,Chittoor,2025-05-28,2025,05,0.719319177,NRSC VIC MODEL
Andhra Pradesh,Chittoor,2025-06-10,2025,06,1.8366693632,NRSC VIC MODEL
Andhra Pradesh,Chittoor,2025-06-15,2025,06,1.0016663906,NRSC VIC MODEL
Andhra Pradesh,Chittoor,2025-06-21,2025,06,2.2524354214,NRSC VIC MODEL
Andhra Pradesh,Chittoor,2025-06-25,2025,06,0.0217540667,NRSC VIC MODEL
Andhra Pradesh,Chittoor,2025-06-27,2025,06,1.264286816,NRSC VIC MODEL
Andhra Pradesh,East Godavari,2025-01-06,2025,01,0.0,NRSC VIC MODEL
Andhra Pradesh,East Godavari,2025-01-15,2025,01,0.0,NRSC VIC MODEL
Andhra Pradesh,East Godavari,2025-01-19,2025,01,0.0,NRSC VIC MODEL
Andhra Pradesh,East Godavari,2025-01-25,2025,01,0.0,NRSC VIC MODEL
Andhra Pradesh,East Godavari,2025-02-01,2025,02,0.0002165312,NRSC VIC MODEL
Andhra Pradesh,East Godavari,2025-02-10,2025,02,0.0,NRSC VIC MODEL
Andhra Pradesh,East Godavari,2025-02-13,2025,02,0.0,NRSC VIC MODEL
Andhra Pradesh,East Godavari,2025-02-16,2025,02,0.0,NRSC VIC MODEL
Andhra Pradesh,East Godavari,2025-02-23,2025,02,0.0318598283,NRSC VIC MODEL
Andhra Pradesh,East Godavari,2025-02-27,2025,02,0.0,NRSC VIC MODEL
Andhra Pradesh,East Godavari,2025-03-06,2025,03,0.00072473,NRSC VIC MODEL
Andhra Pradesh,East Godavari,2025-03-10,2025,03,0.0,NRSC VIC MODEL
Andhra Pradesh,East Godavari,2025-03-16,2025,03,0.0,NRSC VIC MODEL
Andhra Pradesh,East Godavari,2025-03-24,2025,03,0.098403799,NRSC VIC MODEL
Andhra Pradesh,East Godavari,2025-03-25,2025,03,0.6379720255,NRSC VIC MODEL
Andhra Pradesh,East Godavari,2025-03-27,2025,03,0.1009604364,NRSC VIC MODEL
Andhra Pradesh,East Godavari,2025-04-09,2025,04,0.0528479039,NRSC VIC MODEL
Andhra Pradesh,East Godavari,2025-04-13,2025,04,1.1277626694,NRSC VIC MODEL
Andhra Pradesh,East Godavari,2025-04-15,2025,04,0.0011131419,NRSC VIC MODEL
Andhra Pradesh,East Godavari,2025-04-17,2025,04,0.0,NRSC VIC MODEL
Andhra Pradesh,East Godavari,2025-05-17,2025,05,1.8657209671,NRSC VIC MODEL
Andhra Pradesh,East Godavari,2025-05-22,2025,05,11.5044662054,NRSC VIC MODEL
Andhra Pradesh,East Godavari,2025-05-23,2025,05,8.5521317434,NRSC VIC MODEL
Andhra Pradesh,East Godavari,2025-06-08,2025,06,1.9298197716,NRSC VIC MODEL
Andhra Pradesh,East Godavari,2025-06-09,2025,06,0.1865428799,NRSC VIC MODEL
Andhra Pradesh,East Godavari,2025-06-11,2025,06,3.0106737171,NRSC VIC MODEL
Andhra Pradesh,East Godavari,2025-06-12,2025,06,1.5759433051,NRSC VIC MODEL
Andhra Pradesh,East Godavari,2025-06-13,2025,06,1.1743786155,NRSC VIC MODEL
Andhra Pradesh,East Godavari,2025-06-14,2025,06,3.4939719378,NRSC VIC MODEL
Andhra Pradesh,East Godavari,2025-06-18,2025,06,0.5803163548,NRSC VIC MODEL
Andhra Pradesh,East Godavari,2025-06-19,2025,06,0.1986666592,NRSC VIC MODEL
Andhra Pradesh,East Godavari,2025-06-21,2025,06,5.4830422663,NRSC VIC MODEL
Andhra Pradesh,East Godavari,2025-06-22,2025,06,3.3128833437,NRSC VIC MODEL
Andhra Pradesh,East Godavari,2025-06-26,2025,06,21.7282527615,NRSC VIC MODEL
Andhra Pradesh,East Godavari,2025-06-29,2025,06,5.1262014402,NRSC VIC MODEL
Andhra Pradesh,Guntur,2025-01-04,2025,01,0.0025523863,NRSC VIC MODEL
Andhra Pradesh,Guntur,2025-01-10,2025,01,0.0073751742,NRSC VIC MODEL
Andhra Pradesh,Guntur,2025-01-11,2025,01,0.0009710755,NRSC VIC MODEL
Andhra Pradesh,Guntur,2025-01-20,2025,01,0.0,NRSC VIC MODEL
Andhra Pradesh,Guntur,2025-01-22,2025,01,0.0,NRSC VIC MODEL
Andhra Pradesh,Guntur,2025-01-25,2025,01,0.0,NRSC VIC MODEL
Andhra Pradesh,Guntur,2025-01-29,2025,01,0.0387367279,NRSC VIC MODEL
Andhra Pradesh,Guntur,2025-01-30,2025,01,0.0,NRSC VIC MODEL
Andhra Pradesh,Guntur,2025-01-31,2025,01,0.0,NRSC VIC MODEL
Andhra Pradesh,Guntur,2025-02-01,2025,02,0.0,NRSC VIC MODEL
Andhra Pradesh,Guntur,2025-02-03,2025,02,0.0,NRSC VIC MODEL
Andhra Pradesh,Guntur,2025-02-17,2025,02,0.0328660275,NRSC VIC MODEL
Andhra Pradesh,Guntur,2025-02-18,2025,02,0.0,NRSC VIC MODEL
Andhra Pradesh,Guntur,2025-02-19,2025,02,0.0,NRSC VIC MODEL
Andhra Pradesh,Guntur,2025-02-21,2025,02,0.0,NRSC VIC MODEL
Andhra Pradesh,Guntur,2025-02-25,2025,02,0.0,NRSC VIC MODEL
Andhra Pradesh,Guntur,2025-03-05,2025,03,0.0921143302,NRSC VIC MODEL
Andhra Pradesh,Guntur,2025-03-17,2025,03,0.0,NRSC VIC MODEL
Andhra Pradesh,Guntur,2025-03-21,2025,03,0.0,NRSC VIC MODEL
Andhra Pradesh,Guntur,2025-04-02,2025,04,0.0080987919,NRSC VIC MODEL
Andhra Pradesh,Guntur,2025-04-03,2025,04,0.0035471453,NRSC VIC MODEL
Andhra Pradesh,Guntur,2025-04-08,2025,04,2.8312725348,NRSC VIC MODEL
Andhra Pradesh,Guntur,2025-04-10,2025,04,0.0,NRSC VIC MODEL
Andhra Pradesh,Guntur,2025-04-12,2025,04,0.1519739111,NRSC VIC MODEL
Andhra Pradesh,Guntur,2025-04-16,2025,04,3.7447697693,NRSC VIC MODEL
Andhra Pradesh,Guntur,2025-04-18,2025,04,0.0,NRSC VIC MODEL
Andhra Pradesh,Guntur,2025-04-20,2025,04,0.070368101,NRSC VIC MODEL
Andhra Pradesh,Guntur,2025-04-24,2025,04,0.0034529733,NRSC VIC MODEL
Andhra Pradesh,Guntur,2025-04-26,2025,04,0.0,NRSC VIC MODEL
Andhra Pradesh,Guntur,2025-05-07,2025,05,7.030204907,NRSC VIC MODEL
Andhra Pradesh,Guntur,2025-05-08,2025,05,0.1119043944,NRSC VIC MODEL
Andhra Pradesh,Guntur,2025-05-10,2025,05,0.0269536761,NRSC VIC MODEL
Andhra Pradesh,Guntur,2025-05-20,2025,05,19.4479426294,NRSC VIC MODEL
Andhra Pradesh,Guntur,2025-05-29,2025,05,0.5711563901,NRSC VIC MODEL
Andhra Pradesh,Guntur,2025-06-01,2025,06,0.2821693085,NRSC VIC MODEL
Andhra Pradesh,Guntur,2025-06-02,2025,06,0.0120927472,NRSC VIC MODEL
Andhra Pradesh,Guntur,2025-06-12,2025,06,7.0477100437,NRSC VIC MODEL
Andhra Pradesh,Guntur,2025-06-15,2025,06,1.3663502483,NRSC VIC MODEL
Andhra Pradesh,Guntur,2025-06-28,2025,06,0.1469120123,NRSC VIC MODEL
Andhra Pradesh,Krishna,2025-01-04,2025,01,0.0,NRSC VIC MODEL
Andhra Pradesh,Krishna,2025-01-09,2025,01,0.0,NRSC VIC MODEL
Andhra Pradesh,Krishna,2025-01-10,2025,01,0.003864629,NRSC VIC MODEL
Andhra Pradesh,Krishna,2025-01-26,2025,01,5.41499e-05,NRSC VIC MODEL
Andhra Pradesh,Krishna,2025-02-03,2025,02,0.0,NRSC VIC MODEL
Andhra Pradesh,Krishna,2025-02-04,2025,02,0.0,NRSC VIC MODEL
Andhra Pradesh,Krishna,2025-02-17,2025,02,0.0025964751,NRSC VIC MODEL
Andhra Pradesh,Krishna,2025-02-18,2025,02,0.0,NRSC VIC MODEL
Andhra Pradesh,Krishna,2025-02-24,2025,02,0.0,NRSC VIC MODEL
Andhra Pradesh,Krishna,2025-02-25,2025,02,0.0,NRSC VIC MODEL
Andhra Pradesh,Krishna,2025-02-26,2025,02,0.000291762,NRSC VIC MODEL
Andhra Pradesh,Krishna,2025-02-27,2025,02,0.0,NRSC VIC MODEL
Andhra Pradesh,Krishna,2025-02-28,2025,02,0.0,NRSC VIC MODEL
Andhra Pradesh,Krishna,2025-03-07,2025,03,0.0469910604,NRSC VIC MODEL
Andhra Pradesh,Krishna,2025-03-09,2025,03,0.0,NRSC VIC MODEL
Andhra Pradesh,Krishna,2025-03-14,2025,03,0.0,NRSC VIC MODEL
Andhra Pradesh,Krishna,2025-03-31,2025,03,0.002530434,NRSC VIC MODEL
Andhra Pradesh,Krishna,2025-04-11,2025,04,1.0752057334,NRSC VIC MODEL
Andhra Pradesh,Krishna,2025-04-19,2025,04,0.0308634726,NRSC VIC MODEL
Andhra Pradesh,Krishna,2025-04-20,2025,04,0.0094516979,NRSC VIC MODEL
Andhra Pradesh,Krishna,2025-04-21,2025,04,0.1211517045,NRSC VIC MODEL
Andhra Pradesh,Krishna,2025-04-24,2025,04,0.0,NRSC VIC MODEL
Andhra Pradesh,Krishna,2025-04-25,2025,04,0.0472502702,NRSC VIC MODEL
Andhra Pradesh,Krishna,2025-05-04,2025,05,1.3886812708,NRSC VIC MODEL
Andhra Pradesh,Krishna,2025-05-05,2025,05,14.8629004898,NRSC VIC MODEL
Andhra Pradesh,Krishna,2025-05-20,2025,05,16.3625328957,NRSC VIC MODEL
Andhra Pradesh,Krishna,2025-05-22,2025,05,32.8350947044,NRSC VIC MODEL
Andhra Pradesh,Krishna,2025-05-26,2025,05,2.1702592374,NRSC VIC MODEL
Andhra Pradesh,Krishna,2025-05-28,2025,05,13.9625177365,NRSC VIC MODEL
Andhra Pradesh,Krishna,2025-06-03,2025,06,0.2214154261,NRSC VIC MODEL
Andhra Pradesh,Krishna,2025-06-04,2025,06,0.069793034,NRSC VIC MODEL
Andhra Pradesh,Krishna,2025-06-17,2025,06,2.7219669295,NRSC VIC MODEL
Andhra Pradesh,Krishna,2025-06-20,2025,06,0.1660206101,NRSC VIC MODEL
Andhra Pradesh,Krishna,2025-06-27,2025,06,11.4665022938,NRSC VIC MODEL
Andhra Pradesh,Kurnool,2025-01-17,2025,01,0.0056417972,NRSC VIC MODEL
Andhra Pradesh,Kurnool,2025-01-19,2025,01,0.0085247223,NRSC VIC MODEL
Andhra Pradesh,Kurnool,2025-01-20,2025,01,0.0,NRSC VIC MODEL
Andhra Pradesh,Kurnool,2025-02-04,2025,02,0.0002669607,NRSC VIC MODEL
Andhra Pradesh,Kurnool,2025-02-17,2025,02,0.0002834734,NRSC VIC MODEL
Andhra Pradesh,Kurnool,2025-02-22,2025,02,0.0002014924,NRSC VIC MODEL
Andhra Pradesh,Kurnool,2025-03-02,2025,03,0.0,NRSC VIC MODEL
Andhra Pradesh,Kurnool,2025-03-12,2025,03,0.0,NRSC VIC MODEL
Andhra Pradesh,Kurnool,2025-03-16,2025,03,0.0,NRSC VIC MODEL
Andhra Pradesh,Kurnool,2025-03-17,2025,03,0.0,NRSC VIC MODEL
Andhra Pradesh,Kurnool,2025-03-19,2025,03,0.0,NRSC VIC MODEL
Andhra Pradesh,Kurnool,2025-03-24,2025,03,0.0051860487,NRSC VIC MODEL
Andhra Pradesh,Kurnool,2025-03-27,2025,03,0.0,NRSC VIC MODEL
Andhra Pradesh,Kurnool,2025-04-04,2025,04,11.2788701274,NRSC VIC MODEL
Andhra Pradesh,Kurnool,2025-04-05,2025,04,0.5330009447,NRSC VIC MODEL
Andhra Pradesh,Kurnool,2025-04-08,2025,04,0.0014866267,NRSC VIC MODEL
Andhra Pradesh,Kurnool,2025-04-09,2025,04,0.1300148548,NRSC VIC MODEL
Andhra Pradesh,Kurnool,2025-04-11,2025,04,0.6421335468,NRSC VIC MODEL
Andhra Pradesh,Kurnool,2025-04-12,2025,04,0.183073337,NRSC VIC MODEL
Andhra Pradesh,Anantapur,2025-01-05,2025,01,0.0002238122,NRSC VIC MODEL
Andhra Pradesh,Anantapur,2025-01-10,2025,01,0.0,NRSC VIC MODEL
Andhra Pradesh,Anantapur,2025-01-29,2025,01,0.0029011558,NRSC VIC MODEL
Andhra Pradesh,Anantapur,2025-01-31,2025,01,0.0,NRSC VIC MODEL
Andhra Pradesh,Anantapur,2025-02-03,2025,02,0.0004020238,NRSC VIC MODEL
Andhra Pradesh,Anantapur,2025-02-06,2025,02,0.0,NRSC VIC MODEL
Andhra Pradesh,Anantapur,2025-02-07,2025,02,0.0,NRSC VIC MODEL
Andhra Pradesh,Anantapur,2025-02-08,2025,02,0.0,NRSC VIC MODEL
Andhra Pradesh,Anantapur,2025-02-15,2025,02,0.0,NRSC VIC MODEL
Andhra Pradesh,Anantapur,2025-02-17,2025,02,0.0154326078,NRSC VIC MODEL
Andhra Pradesh,Anantapur,2025-03-07,2025,03,0.0,NRSC VIC MODEL
Andhra Pradesh,Anantapur,2025-03-10,2025,03,0.0020434635,NRSC VIC MODEL
Andhra Pradesh,Anantapur,2025-01-07,2025,01,0.0002797208,NRSC VIC MODEL
Andhra Pradesh,Anantapur,2025-01-12,2025,01,0.0002226571,NRSC VIC MODEL
Andhra Pradesh,Anantapur,2025-01-21,2025,01,0.0016709524,NRSC VIC MODEL
Andhra Pradesh,Chittoor,2025-01-02,2025,01,0.0,NRSC VIC MODEL
Andhra Pradesh,Chittoor,2025-01-03,2025,01,0.0,NRSC VIC MODEL
Andhra Pradesh,Chittoor,2025-01-08,2025,01,0.0,NRSC VIC MODEL
Andhra Pradesh,Chittoor,2025-01-21,2025,01,5.3838e-06,NRSC VIC MODEL
Andhra Pradesh,Chittoor,2025-01-27,2025,01,0.0,NRSC VIC MODEL
Andhra Pradesh,East Godavari,2025-01-08,2025,01,0.0,NRSC VIC MODEL
Andhra Pradesh,East Godavari,2025-01-11,2025,01,0.0,NRSC VIC MODEL
Andhra Pradesh,East Godavari,2025-01-29,2025,01,0.0,NRSC VIC MODEL
Andhra Pradesh,Guntur,2025-01-07,2025,01,0.0156194914,NRSC VIC MODEL
Andhra Pradesh,Guntur,2025-01-08,2025,01,0.0,NRSC VIC MODEL
Andhra Pradesh,Guntur,2025-01-11,2025,01,0.0009710755,NRSC VIC MODEL
Andhra Pradesh,Guntur,2025-01-14,2025,01,0.0,NRSC VIC MODEL
Andhra Pradesh,Guntur,2025-01-18,2025,01,0.0,NRSC VIC MODEL
Andhra Pradesh,Krishna,2025-01-06,2025,01,0.0005143776,NRSC VIC MODEL
Andhra Pradesh,Krishna,2025-01-14,2025,01,0.0,NRSC VIC MODEL
Andhra Pradesh,Krishna,2025-01-27,2025,01,0.0,NRSC VIC MODEL
Andhra Pradesh,Kurnool,2025-01-03,2025,01,0.0034541016,NRSC VIC MODEL
Andhra Pradesh,Kurnool,2025-01-09,2025,01,0.0,NRSC VIC MODEL
Andhra Pradesh,Kurnool,2025-01-21,2025,01,0.0004039186,NRSC VIC MODEL
Andhra Pradesh,Kurnool,2025-01-22,2025,01,0.0,NRSC VIC MODEL
Andhra Pradesh,Kurnool,2025-01-24,2025,01,0.0106860247,NRSC VIC MODEL
Andhra Pradesh,Kurnool,2025-01-25,2025,01,0.0020242787,NRSC VIC MODEL
Andhra Pradesh,Prakasam,2025-01-09,2025,01,0.0,NRSC VIC MODEL
Andhra Pradesh,Prakasam,2025-01-16,2025,01,0.0308743197,NRSC VIC MODEL
Andhra Pradesh,Prakasam,2025-01-17,2025,01,4.39228e-05,NRSC VIC MODEL
Andhra Pradesh,Prakasam,2025-01-24,2025,01,0.0,NRSC VIC MODEL
Andhra Pradesh,Prakasam,2025-01-25,2025,01,0.0,NRSC VIC MODEL
Andhra Pradesh,Prakasam,2025-01-29,2025,01,0.0,NRSC VIC MODEL
Andhra Pradesh,SPSR Nellore,2025-01-01,2025,01,3.1324e-05,NRSC VIC MODEL
Andhra Pradesh,SPSR Nellore,2025-01-02,2025,01,0.0,NRSC VIC MODEL
Andhra Pradesh,SPSR Nellore,2025-01-03,2025,01,0.0,NRSC VIC MODEL
Andhra Pradesh,SPSR Nellore,2025-01-10,2025,01,0.0002898122,NRSC VIC MODEL
Andhra Pradesh,SPSR Nellore,2025-01-11,2025,01,0.1773991328,NRSC VIC MODEL
Andhra Pradesh,SPSR Nellore,2025-01-13,2025,01,0.1570184264,NRSC VIC MODEL
Andhra Pradesh,SPSR Nellore,2025-01-15,2025,01,0.0,NRSC VIC MODEL
Andhra Pradesh,SPSR Nellore,2025-01-24,2025,01,0.0005508031,NRSC VIC MODEL
Andhra Pradesh,SPSR Nellore,2025-01-30,2025,01,0.0,NRSC VIC MODEL
Andhra Pradesh,Srikakulam,2025-01-01,2025,01,0.0,NRSC VIC MODEL
Andhra Pradesh,Srikakulam,2025-01-07,2025,01,0.0,NRSC VIC MODEL
Andhra Pradesh,Srikakulam,2025-01-08,2025,01,0.0,NRSC VIC MODEL
Andhra Pradesh,Srikakulam,2025-01-10,2025,01,0.0001305367,NRSC VIC MODEL
Andhra Pradesh,Srikakulam,2025-01-11,2025,01,0.0,NRSC VIC MODEL
Andhra Pradesh,Srikakulam,2025-01-12,2025,01,0.0018385266,NRSC VIC MODEL
Andhra Pradesh,Srikakulam,2025-01-18,2025,01,4.59e-07,NRSC VIC MODEL
Andhra Pradesh,Srikakulam,2025-01-20,2025,01,0.0007625664,NRSC VIC MODEL
Andhra Pradesh,Srikakulam,2025-01-22,2025,01,0.0,NRSC VIC MODEL
Andhra Pradesh,Visakhapatanam,2025-01-11,2025,01,0.0,NRSC VIC MODEL
Andhra Pradesh,Visakhapatanam,2025-01-15,2025,01,0.0,NRSC VIC MODEL
Andhra Pradesh,Visakhapatanam,2025-01-19,2025,01,0.0,NRSC VIC MODEL
Andhra Pradesh,Visakhapatanam,2025-01-23,2025,01,6.27218e-05,NRSC VIC MODEL
Andhra Pradesh,Visakhapatanam,2025-01-30,2025,01,0.0,NRSC VIC MODEL
Andhra Pradesh,Vizianagaram,2025-01-09,2025,01,0.0,NRSC VIC MODEL
Andhra Pradesh,Vizianagaram,2025-01-18,2025,01,0.0056818522,NRSC VIC MODEL
Andhra Pradesh,West Godavari,2025-01-03,2025,01,8.59921e-05,NRSC VIC MODEL
Andhra Pradesh,West Godavari,2025-01-04,2025,01,0.0,NRSC VIC MODEL
Andhra Pradesh,West Godavari,2025-01-09,2025,01,0.0,NRSC VIC MODEL
Andhra Pradesh,West Godavari,2025-01-12,2025,01,2.07974e-05,NRSC VIC MODEL
Andhra Pradesh,West Godavari,2025-01-13,2025,01,0.000118502,NRSC VIC MODEL
Andhra Pradesh,West Godavari,2025-01-15,2025,01,4.79815e-05,NRSC VIC MODEL
Andhra Pradesh,West Godavari,2025-01-19,2025,01,0.0,NRSC VIC MODEL
Andhra Pradesh,West Godavari,2025-01-22,2025,01,0.0,NRSC VIC MODEL
Andhra Pradesh,West Godavari,2025-01-23,2025,01,0.030279655,NRSC VIC MODEL
Andhra Pradesh,West Godavari,2025-01-24,2025,01,5.2141e-05,NRSC VIC MODEL
Andhra Pradesh,West Godavari,2025-01-28,2025,01,0.0,NRSC VIC MODEL
Andhra Pradesh,Y.S.R.,2025-01-05,2025,01,0.0,NRSC VIC MODEL
Andhra Pradesh,Y.S.R.,2025-01-07,2025,01,0.0082787357,NRSC VIC MODEL
Andhra Pradesh,Y.S.R.,2025-01-15,2025,01,0.0,NRSC VIC MODEL
Andhra Pradesh,Y.S.R.,2025-01-16,2025,01,8.68843e-05,NRSC VIC MODEL
Andhra Pradesh,Y.S.R.,2025-01-19,2025,01,0.3518934508,NRSC VIC MODEL
Andhra Pradesh,Y.S.R.,2025-01-26,2025,01,0.0278299443,NRSC VIC MODEL
Andhra Pradesh,Y.S.R.,2025-01-28,2025,01,5.72948e-05,NRSC VIC MODEL
Andhra Pradesh,Anantapur,2025-02-04,2025,02,0.0026971239,NRSC VIC MODEL
Andhra Pradesh,Anantapur,2025-02-05,2025,02,0.0006081507,NRSC VIC MODEL
Andhra Pradesh,Anantapur,2025-02-10,2025,02,0.0003473331,NRSC VIC MODEL
Andhra Pradesh,Anantapur,2025-02-13,2025,02,0.0,NRSC VIC MODEL
Andhra Pradesh,Anantapur,2025-02-17,2025,02,0.0154326078,NRSC VIC MODEL
Andhra Pradesh,Anantapur,2025-02-25,2025,02,0.0,NRSC VIC MODEL
Andhra Pradesh,Chittoor,2025-02-08,2025,02,0.0,NRSC VIC MODEL
Andhra Pradesh,Chittoor,2025-02-10,2025,02,0.0,NRSC VIC MODEL
Andhra Pradesh,Chittoor,2025-02-19,2025,02,0.0,NRSC VIC MODEL
Andhra Pradesh,Chittoor,2025-02-22,2025,02,7.65991e-05,NRSC VIC MODEL
Andhra Pradesh,Chittoor,2025-02-24,2025,02,1.07677e-05,NRSC VIC MODEL
Andhra Pradesh,Chittoor,2025-02-27,2025,02,3.82995e-05,NRSC VIC MODEL
Andhra Pradesh,East Godavari,2025-02-03,2025,02,0.0,NRSC VIC MODEL
Andhra Pradesh,East Godavari,2025-02-08,2025,02,0.0026291148,NRSC VIC MODEL
Andhra Pradesh,East Godavari,2025-02-10,2025,02,0.0,NRSC VIC MODEL
Andhra Pradesh,East Godavari,2025-02-13,2025,02,0.0,NRSC VIC MODEL
Andhra Pradesh,East Godavari,2025-02-19,2025,02,0.0,NRSC VIC MODEL
Andhra Pradesh,Guntur,2025-02-01,2025,02,0.0,NRSC VIC MODEL
Andhra Pradesh,Guntur,2025-02-06,2025,02,0.0,NRSC VIC MODEL
Andhra Pradesh,Guntur,2025-02-18,2025,02,0.0,NRSC VIC MODEL
Andhra Pradesh,Guntur,2025-02-25,2025,02,0.0,NRSC VIC MODEL
Andhra Pradesh,Guntur,2025-02-26,2025,02,0.007302338,NRSC VIC MODEL
Andhra Pradesh,Guntur,2025-02-27,2025,02,0.0,NRSC VIC MODEL
Andhra Pradesh,Krishna,2025-02-05,2025,02,0.0,NRSC VIC MODEL
Andhra Pradesh,Krishna,2025-02-06,2025,02,0.0,NRSC VIC MODEL
Andhra Pradesh,Krishna,2025-02-07,2025,02,0.0,NRSC VIC MODEL
Andhra Pradesh,Krishna,2025-02-10,2025,02,0.0,NRSC VIC MODEL
Andhra Pradesh,Krishna,2025-02-19,2025,02,0.0003952167,NRSC VIC MODEL
Andhra Pradesh,Krishna,2025-02-24,2025,02,0.0,NRSC VIC MODEL
Andhra Pradesh,Krishna,2025-02-28,2025,02,0.0,NRSC VIC MODEL
Andhra Pradesh,Kurnool,2025-02-01,2025,02,0.0080300241,NRSC VIC MODEL
Andhra Pradesh,Kurnool,2025-02-05,2025,02,0.0109747875,NRSC VIC MODEL
Andhra Pradesh,Kurnool,2025-02-06,2025,02,0.0,NRSC VIC MODEL
Andhra Pradesh,Kurnool,2025-02-07,2025,02,0.0,NRSC VIC MODEL
Andhra Pradesh,Kurnool,2025-02-09,2025,02,0.000697842,NRSC VIC MODEL
Andhra Pradesh,Kurnool,2025-02-13,2025,02,0.0,NRSC VIC MODEL
Andhra Pradesh,Kurnool,2025-02-14,2025,02,0.0,NRSC VIC MODEL
Andhra Pradesh,Kurnool,2025-02-19,2025,02,0.0,NRSC VIC MODEL
Andhra Pradesh,Kurnool,2025-02-21,2025,02,0.0005479382,NRSC VIC MODEL
Andhra Pradesh,Kurnool,2025-02-24,2025,02,0.0001326589,NRSC VIC MODEL
Andhra Pradesh,Prakasam,2025-02-01,2025,02,0.0,NRSC VIC MODEL
Andhra Pradesh,Prakasam,2025-02-05,2025,02,2.19614e-05,NRSC VIC MODEL
Andhra Pradesh,Prakasam,2025-02-15,2025,02,0.0,NRSC VIC MODEL
Andhra Pradesh,Prakasam,2025-02-16,2025,02,0.0,NRSC VIC MODEL
Andhra Pradesh,Prakasam,2025-02-19,2025,02,0.0,NRSC VIC MODEL
Andhra Pradesh,SPSR Nellore,2025-02-02,2025,02,0.0004451211,NRSC VIC MODEL
Andhra Pradesh,SPSR Nellore,2025-02-03,2025,02,0.0004451211,NRSC VIC MODEL
Andhra Pradesh,Srikakulam,2025-02-06,2025,02,0.0,NRSC VIC MODEL
Andhra Pradesh,Srikakulam,2025-02-07,2025,02,0.0,NRSC VIC MODEL
Andhra Pradesh,Srikakulam,2025-02-09,2025,02,0.0,NRSC VIC MODEL
Andhra Pradesh,Srikakulam,2025-02-08,2025,02,0.0575466544,NRSC VIC MODEL
Andhra Pradesh,Srikakulam,2025-02-10,2025,02,0.0,NRSC VIC MODEL
Andhra Pradesh,Visakhapatanam,2025-02-01,2025,02,0.0,NRSC VIC MODEL
Andhra Pradesh,Visakhapatanam,2025-02-03,2025,02,0.0,NRSC VIC MODEL
Andhra Pradesh,Visakhapatanam,2025-02-05,2025,02,0.0,NRSC VIC MODEL
Andhra Pradesh,Visakhapatanam,2025-02-15,2025,02,0.0,NRSC VIC MODEL
Andhra Pradesh,Visakhapatanam,2025-02-18,2025,02,0.0,NRSC VIC MODEL
Andhra Pradesh,Visakhapatanam,2025-02-20,2025,02,3.479e-06,NRSC VIC MODEL
Andhra Pradesh,Visakhapatanam,2025-02-26,2025,02,6.66355e-05,NRSC VIC MODEL
Andhra Pradesh,Vizianagaram,2025-02-09,2025,02,0.0,NRSC VIC MODEL
Andhra Pradesh,Vizianagaram,2025-02-16,2025,02,0.0,NRSC VIC MODEL
Andhra Pradesh,Vizianagaram,2025-02-27,2025,02,0.0,NRSC VIC MODEL
Andhra Pradesh,West Godavari,2025-02-07,2025,02,0.0,NRSC VIC MODEL
Andhra Pradesh,West Godavari,2025-02-18,2025,02,0.0,NRSC VIC MODEL
Andhra Pradesh,Y.S.R.,2025-02-05,2025,02,0.0101666147,NRSC VIC MODEL
Andhra Pradesh,Y.S.R.,2025-02-14,2025,02,0.0,NRSC VIC MODEL
Andhra Pradesh,Y.S.R.,2025-02-19,2025,02,0.0,NRSC VIC MODEL
Andhra Pradesh,Y.S.R.,2025-02-20,2025,02,0.0021599523,NRSC VIC MODEL
Andhra Pradesh,Y.S.R.,2025-02-22,2025,02,0.0004738872,NRSC VIC MODEL
Andhra Pradesh,Y.S.R.,2025-02-28,2025,02,0.0,NRSC VIC MODEL
Andhra Pradesh,Anantapur,2025-04-04,2025,04,20.0045394557,NRSC VIC MODEL
Andhra Pradesh,Anantapur,2025-04-13,2025,04,-0.0056265788,NRSC VIC MODEL
Andhra Pradesh,Anantapur,2025-04-15,2025,04,1.3317064277,NRSC VIC MODEL
Andhra Pradesh,Anantapur,2025-04-17,2025,04,0.0557985729,NRSC VIC MODEL
Andhra Pradesh,Anantapur,2025-04-25,2025,04,5.9678357978,NRSC VIC MODEL
Andhra Pradesh,Chittoor,2025-04-04,2025,04,3.4019828787,NRSC VIC MODEL
Andhra Pradesh,Chittoor,2025-04-18,2025,04,0.9150794709,NRSC VIC MODEL
Andhra Pradesh,Chittoor,2025-04-19,2025,04,0.0020228763,NRSC VIC MODEL
Andhra Pradesh,Chittoor,2025-04-22,2025,04,0.0,NRSC VIC MODEL
Andhra Pradesh,Chittoor,2025-04-25,2025,04,0.2510646095,NRSC VIC MODEL
Andhra Pradesh,East Godavari,2025-04-03,2025,04,0.0006901846,NRSC VIC MODEL
Andhra Pradesh,East Godavari,2025-04-07,2025,04,2.9358532708,NRSC VIC MODEL
Andhra Pradesh,East Godavari,2025-04-10,2025,04,0.9387494258,NRSC VIC MODEL
Andhra Pradesh,East Godavari,2025-04-11,2025,04,3.4066043965,NRSC VIC MODEL
Andhra Pradesh,East Godavari,2025-04-12,2025,04,2.1966491771,NRSC VIC MODEL
Andhra Pradesh,East Godavari,2025-04-14,2025,04,10.7767937087,NRSC VIC MODEL
Andhra Pradesh,East Godavari,2025-04-17,2025,04,0.0,NRSC VIC MODEL
Andhra Pradesh,East Godavari,2025-04-22,2025,04,0.0,NRSC VIC MODEL
Andhra Pradesh,East Godavari,2025-04-23,2025,04,0.8382652847,NRSC VIC MODEL
Andhra Pradesh,East Godavari,2025-04-28,2025,04,0.0009254475,NRSC VIC MODEL
Andhra Pradesh,East Godavari,2025-04-29,2025,04,2.8355162207,NRSC VIC MODEL
Andhra Pradesh,Guntur,2025-04-03,2025,04,0.0035471453,NRSC VIC MODEL
Andhra Pradesh,Guntur,2025-04-05,2025,04,0.2277324549,NRSC VIC MODEL
Andhra Pradesh,Guntur,2025-04-11,2025,04,0.6440289313,NRSC VIC MODEL
Andhra Pradesh,Guntur,2025-04-13,2025,04,0.3931045987,NRSC VIC MODEL
Andhra Pradesh,Guntur,2025-04-19,2025,04,0.0375474735,NRSC VIC MODEL
Andhra Pradesh,Guntur,2025-04-23,2025,04,0.0,NRSC VIC MODEL
Andhra Pradesh,Guntur,2025-04-24,2025,04,0.0034529733,NRSC VIC MODEL
Andhra Pradesh,Guntur,2025-04-25,2025,04,0.0004121744,NRSC VIC MODEL
Andhra Pradesh,Guntur,2025-04-30,2025,04,0.0748633415,NRSC VIC MODEL
Andhra Pradesh,Krishna,2025-04-06,2025,04,0.348337898,NRSC VIC MODEL
Andhra Pradesh,Krishna,2025-04-11,2025,04,1.0752057334,NRSC VIC MODEL
Andhra Pradesh,Krishna,2025-04-13,2025,04,0.7188847915,NRSC VIC MODEL
Andhra Pradesh,Krishna,2025-04-18,2025,04,0.0,NRSC VIC MODEL
Andhra Pradesh,Krishna,2025-04-20,2025,04,0.0094516979,NRSC VIC MODEL
Andhra Pradesh,Krishna,2025-04-23,2025,04,2.142e-06,NRSC VIC MODEL
Andhra Pradesh,Kurnool,2025-04-02,2025,04,0.0004096057,NRSC VIC MODEL
Andhra Pradesh,Kurnool,2025-04-06,2025,04,0.2786192109,NRSC VIC MODEL
Andhra Pradesh,Kurnool,2025-04-13,2025,04,0.0002771135,NRSC VIC MODEL
Andhra Pradesh,Kurnool,2025-04-22,2025,04,0.0,NRSC VIC MODEL
Andhra Pradesh,Prakasam,2025-04-02,2025,04,2.19614e-05,NRSC VIC MODEL
Andhra Pradesh,Prakasam,2025-04-04,2025,04,12.0257254534,NRSC VIC MODEL
Andhra Pradesh,Prakasam,2025-04-06,2025,04,0.025036497,NRSC VIC MODEL
Andhra Pradesh,Prakasam,2025-04-10,2025,04,0.0,NRSC VIC MODEL
Andhra Pradesh,Prakasam,2025-04-11,2025,04,0.6066631912,NRSC VIC MODEL
Andhra Pradesh,Prakasam,2025-04-23,2025,04,0.0,NRSC VIC MODEL
Andhra Pradesh,SPSR Nellore,2025-04-01,2025,04,0.0,NRSC VIC MODEL
Andhra Pradesh,SPSR Nellore,2025-04-25,2025,04,0.0,NRSC VIC MODEL
Andhra Pradesh,Srikakulam,2025-04-02,2025,04,0.0,NRSC VIC MODEL
Andhra Pradesh,Srikakulam,2025-04-05,2025,04,0.0245677432,NRSC VIC MODEL
Andhra Pradesh,Srikakulam,2025-04-12,2025,04,0.1399504406,NRSC VIC MODEL
Andhra Pradesh,Srikakulam,2025-04-19,2025,04,0.0004588048,NRSC VIC MODEL
Andhra Pradesh,Srikakulam,2025-04-23,2025,04,0.0022059504,NRSC VIC MODEL
Andhra Pradesh,Srikakulam,2025-04-25,2025,04,0.0762703607,NRSC VIC MODEL
Andhra Pradesh,Srikakulam,2025-04-30,2025,04,9.0783685779,NRSC VIC MODEL
Andhra Pradesh,Visakhapatanam,2025-04-02,2025,04,0.0,NRSC VIC MODEL
Andhra Pradesh,Visakhapatanam,2025-04-04,2025,04,2.125554147,NRSC VIC MODEL
Andhra Pradesh,Visakhapatanam,2025-04-05,2025,04,0.233760638,NRSC VIC MODEL
Andhra Pradesh,Visakhapatanam,2025-04-23,2025,04,3.0783519785,NRSC VIC MODEL
Andhra Pradesh,Visakhapatanam,2025-04-25,2025,04,0.0654508939,NRSC VIC MODEL
Andhra Pradesh,Visakhapatanam,2025-04-28,2025,04,0.0348058681,NRSC VIC MODEL
Andhra Pradesh,Vizianagaram,2025-04-04,2025,04,0.251348666,NRSC VIC MODEL
Andhra Pradesh,Vizianagaram,2025-04-06,2025,04,0.4560303501,NRSC VIC MODEL
Andhra Pradesh,Vizianagaram,2025-04-08,2025,04,0.0843429464,NRSC VIC MODEL
Andhra Pradesh,Vizianagaram,2025-04-11,2025,04,0.8746844308,NRSC VIC MODEL
Andhra Pradesh,Vizianagaram,2025-04-12,2025,04,0.4993825015,NRSC VIC MODEL
Andhra Pradesh,Vizianagaram,2025-04-19,2025,04,0.0016746566,NRSC VIC MODEL
Andhra Pradesh,Vizianagaram,2025-04-26,2025,04,0.0107001184,NRSC VIC MODEL
Andhra Pradesh,Vizianagaram,2025-04-29,2025,04,8.6489586642,NRSC VIC MODEL
Andhra Pradesh,West Godavari,2025-04-02,2025,04,0.0,NRSC VIC MODEL
Andhra Pradesh,West Godavari,2025-04-15,2025,04,0.0,NRSC VIC MODEL
Andhra Pradesh,West Godavari,2025-04-16,2025,04,5.2669749836,NRSC VIC MODEL
Andhra Pradesh,West Godavari,2025-04-18,2025,04,0.0,NRSC VIC MODEL
Andhra Pradesh,West Godavari,2025-04-19,2025,04,0.0048744358,NRSC VIC MODEL
Andhra Pradesh,West Godavari,2025-04-23,2025,04,0.0240440144,NRSC VIC MODEL
Andhra Pradesh,West Godavari,2025-04-26,2025,04,0.026200612,NRSC VIC MODEL
Andhra Pradesh,West Godavari,2025-04-29,2025,04,0.015284059,NRSC VIC MODEL
Andhra Pradesh,Y.S.R.,2025-04-01,2025,04,0.0001658527,NRSC VIC MODEL
Andhra Pradesh,Y.S.R.,2025-04-07,2025,04,0.0013439681,NRSC VIC MODEL
Andhra Pradesh,Y.S.R.,2025-04-08,2025,04,0.0015076695,NRSC VIC MODEL
Andhra Pradesh,Anantapur,2025-03-08,2025,03,0.0004734177,NRSC VIC MODEL
Andhra Pradesh,Anantapur,2025-03-09,2025,03,0.0,NRSC VIC MODEL
Andhra Pradesh,Anantapur,2025-03-13,2025,03,0.0,NRSC VIC MODEL
Andhra Pradesh,Anantapur,2025-03-17,2025,03,0.0,NRSC VIC MODEL
Andhra Pradesh,Anantapur,2025-03-24,2025,03,0.2586237491,NRSC VIC MODEL
Andhra Pradesh,Anantapur,2025-03-28,2025,03,8.9484e-06,NRSC VIC MODEL
Andhra Pradesh,Chittoor,2025-03-12,2025,03,1.2448400681,NRSC VIC MODEL
Andhra Pradesh,Chittoor,2025-03-25,2025,03,0.0,NRSC VIC MODEL
Andhra Pradesh,East Godavari,2025-03-07,2025,03,0.0282984917,NRSC VIC MODEL
Andhra Pradesh,East Godavari,2025-03-08,2025,03,0.0,NRSC VIC MODEL
Andhra Pradesh,East Godavari,2025-03-11,2025,03,0.0,NRSC VIC MODEL
Andhra Pradesh,East Godavari,2025-03-26,2025,03,0.0652809579,NRSC VIC MODEL
Andhra Pradesh,East Godavari,2025-03-28,2025,03,0.0,NRSC VIC MODEL
Andhra Pradesh,East Godavari,2025-03-29,2025,03,0.0,NRSC VIC MODEL
Andhra Pradesh,Guntur,2025-03-01,2025,03,0.0,NRSC VIC MODEL
Andhra Pradesh,Guntur,2025-03-07,2025,03,0.0,NRSC VIC MODEL
Andhra Pradesh,Guntur,2025-03-13,2025,03,0.0,NRSC VIC MODEL
Andhra Pradesh,Guntur,2025-03-14,2025,03,0.0,NRSC VIC MODEL
Andhra Pradesh,Guntur,2025-03-22,2025,03,0.0429137129,NRSC VIC MODEL
Andhra Pradesh,Guntur,2025-03-27,2025,03,0.0024625342,NRSC VIC MODEL
Andhra Pradesh,Guntur,2025-03-28,2025,03,0.0001863129,NRSC VIC MODEL
Andhra Pradesh,Krishna,2025-03-03,2025,03,0.0004045052,NRSC VIC MODEL
Andhra Pradesh,Krishna,2025-03-04,2025,03,0.0,NRSC VIC MODEL
Andhra Pradesh,Krishna,2025-03-20,2025,03,0.0,NRSC VIC MODEL
Andhra Pradesh,Krishna,2025-03-27,2025,03,0.0697053553,NRSC VIC MODEL
Andhra Pradesh,Krishna,2025-03-28,2025,03,0.0058550442,NRSC VIC MODEL
Andhra Pradesh,Kurnool,2025-03-06,2025,03,0.0012907132,NRSC VIC MODEL
Andhra Pradesh,Kurnool,2025-03-14,2025,03,0.0,NRSC VIC MODEL
Andhra Pradesh,Kurnool,2025-03-15,2025,03,0.0,NRSC VIC MODEL
Andhra Pradesh,Kurnool,2025-03-16,2025,03,0.0,NRSC VIC MODEL
Andhra Pradesh,Kurnool,2025-03-19,2025,03,0.0,NRSC VIC MODEL
Andhra Pradesh,Kurnool,2025-03-21,2025,03,0.0040835584,NRSC VIC MODEL
Andhra Pradesh,Kurnool,2025-03-25,2025,03,0.011427551,NRSC VIC MODEL
Andhra Pradesh,Kurnool,2025-03-26,2025,03,0.0773666342,NRSC VIC MODEL
Andhra Pradesh,Prakasam,2025-03-04,2025,03,0.0,NRSC VIC MODEL
Andhra Pradesh,SPSR Nellore,2025-03-02,2025,03,-0.0015218458,NRSC VIC MODEL
Andhra Pradesh,SPSR Nellore,2025-03-08,2025,03,0.0,NRSC VIC MODEL
Andhra Pradesh,SPSR Nellore,2025-03-11,2025,03,0.0,NRSC VIC MODEL
Andhra Pradesh,SPSR Nellore,2025-03-19,2025,03,0.0,NRSC VIC MODEL
Andhra Pradesh,SPSR Nellore,2025-03-24,2025,03,0.0023100619,NRSC VIC MODEL
Andhra Pradesh,Srikakulam,2025-03-12,2025,03,0.0,NRSC VIC MODEL
Andhra Pradesh,Srikakulam,2025-03-13,2025,03,0.0,NRSC VIC MODEL
Andhra Pradesh,Srikakulam,2025-03-17,2025,03,0.0,NRSC VIC MODEL
Andhra Pradesh,Srikakulam,2025-03-18,2025,03,0.0,NRSC VIC MODEL
Andhra Pradesh,Srikakulam,2025-03-20,2025,03,4.50027e-05,NRSC VIC MODEL
Andhra Pradesh,Srikakulam,2025-03-21,2025,03,0.0,NRSC VIC MODEL
Andhra Pradesh,Srikakulam,2025-03-26,2025,03,0.0162764014,NRSC VIC MODEL
Andhra Pradesh,Srikakulam,2025-03-29,2025,03,0.0,NRSC VIC MODEL
Andhra Pradesh,Visakhapatanam,2025-03-01,2025,03,0.0,NRSC VIC MODEL
Andhra Pradesh,Visakhapatanam,2025-03-02,2025,03,0.0,NRSC VIC MODEL
Andhra Pradesh,Visakhapatanam,2025-03-04,2025,03,0.0,NRSC VIC MODEL
Andhra Pradesh,Visakhapatanam,2025-03-11,2025,03,0.0,NRSC VIC MODEL
Andhra Pradesh,Visakhapatanam,2025-03-15,2025,03,0.0,NRSC VIC MODEL
Andhra Pradesh,Visakhapatanam,2025-03-21,2025,03,0.0,NRSC VIC MODEL
Andhra Pradesh,Visakhapatanam,2025-03-22,2025,03,0.1175024455,NRSC VIC MODEL
Andhra Pradesh,Visakhapatanam,2025-03-24,2025,03,2.2926420987,NRSC VIC MODEL
Andhra Pradesh,Visakhapatanam,2025-03-29,2025,03,0.0037268939,NRSC VIC MODEL
Andhra Pradesh,Vizianagaram,2025-03-02,2025,03,0.0,NRSC VIC MODEL
Andhra Pradesh,Vizianagaram,2025-03-04,2025,03,0.0,NRSC VIC MODEL
Andhra Pradesh,Vizianagaram,2025-03-12,2025,03,0.0,NRSC VIC MODEL
Andhra Pradesh,Vizianagaram,2025-03-14,2025,03,0.0,NRSC VIC MODEL
Andhra Pradesh,Vizianagaram,2025-03-19,2025,03,0.0,NRSC VIC MODEL
Andhra Pradesh,Vizianagaram,2025-03-25,2025,03,0.0901697925,NRSC VIC MODEL
Andhra Pradesh,Vizianagaram,2025-03-26,2025,03,0.6742228303,NRSC VIC MODEL
Andhra Pradesh,Vizianagaram,2025-03-28,2025,03,0.0,NRSC VIC MODEL
Andhra Pradesh,Vizianagaram,2025-03-29,2025,03,0.0,NRSC VIC MODEL
Andhra Pradesh,Vizianagaram,2025-03-30,2025,03,0.0153384407,NRSC VIC MODEL
Andhra Pradesh,West Godavari,2025-03-02,2025,03,0.0,NRSC VIC MODEL
Andhra Pradesh,West Godavari,2025-03-03,2025,03,0.0092355254,NRSC VIC MODEL
Andhra Pradesh,West Godavari,2025-03-14,2025,03,0.0,NRSC VIC MODEL
Andhra Pradesh,West Godavari,2025-03-15,2025,03,0.0,NRSC VIC MODEL
Andhra Pradesh,West Godavari,2025-03-19,2025,03,0.0,NRSC VIC MODEL
Andhra Pradesh,West Godavari,2025-03-24,2025,03,0.0012913464,NRSC VIC MODEL
Andhra Pradesh,West Godavari,2025-03-28,2025,03,5.47413e-05,NRSC VIC MODEL
Andhra Pradesh,West Godavari,2025-03-30,2025,03,0.0,NRSC VIC MODEL
Andhra Pradesh,Y.S.R.,2025-03-09,2025,03,0.0,NRSC VIC MODEL
Andhra Pradesh,Y.S.R.,2025-03-11,2025,03,0.0,NRSC VIC MODEL
Andhra Pradesh,Y.S.R.,2025-03-12,2025,03,0.0047273963,NRSC VIC MODEL
Andhra Pradesh,Y.S.R.,2025-03-21,2025,03,0.0039301836,NRSC VIC MODEL
Andhra Pradesh,Y.S.R.,2025-03-25,2025,03,0.0,NRSC VIC MODEL
Andhra Pradesh,Anantapur,2025-03-02,2025,03,0.0,NRSC VIC MODEL
Andhra Pradesh,Anantapur,2025-03-07,2025,03,0.0,NRSC VIC MODEL
Andhra Pradesh,Anantapur,2025-05-01,2025,05,3.0444185716,NRSC VIC MODEL
Andhra Pradesh,Anantapur,2025-05-03,2025,05,10.9502745601,NRSC VIC MODEL
Andhra Pradesh,Anantapur,2025-05-05,2025,05,0.0001467636,NRSC VIC MODEL
Andhra Pradesh,Anantapur,2025-05-08,2025,05,0.0581335916,NRSC VIC MODEL
Andhra Pradesh,Anantapur,2025-05-15,2025,05,19.1172731603,NRSC VIC MODEL
Andhra Pradesh,Anantapur,2025-05-20,2025,05,2.3131948854,NRSC VIC MODEL
Andhra Pradesh,Anantapur,2025-05-26,2025,05,1.1058156321,NRSC VIC MODEL
Andhra Pradesh,Chittoor,2025-05-03,2025,05,10.1810741771,NRSC VIC MODEL
Andhra Pradesh,Chittoor,2025-05-06,2025,05,0.8305412381,NRSC VIC MODEL
Andhra Pradesh,Chittoor,2025-05-16,2025,05,5.3293470668,NRSC VIC MODEL
Andhra Pradesh,Chittoor,2025-05-17,2025,05,9.2795138934,NRSC VIC MODEL
Andhra Pradesh,Chittoor,2025-05-18,2025,05,12.4007225667,NRSC VIC MODEL
Andhra Pradesh,Chittoor,2025-05-23,2025,05,0.3402750017,NRSC VIC MODEL
Andhra Pradesh,Chittoor,2025-05-28,2025,05,0.719319177,NRSC VIC MODEL
Andhra Pradesh,East Godavari,2025-05-03,2025,05,0.0091905211,NRSC VIC MODEL
Andhra Pradesh,East Godavari,2025-05-09,2025,05,1.0365621266,NRSC VIC MODEL
Andhra Pradesh,East Godavari,2025-05-19,2025,05,3.0623778412,NRSC VIC MODEL
Andhra Pradesh,East Godavari,2025-05-24,2025,05,3.0404376279,NRSC VIC MODEL
Andhra Pradesh,East Godavari,2025-05-26,2025,05,7.1129201041,NRSC VIC MODEL
Andhra Pradesh,Guntur,2025-05-03,2025,05,3.9494164703,NRSC VIC MODEL
Andhra Pradesh,Guntur,2025-05-07,2025,05,7.030204907,NRSC VIC MODEL
Andhra Pradesh,Guntur,2025-05-18,2025,05,11.940275417,NRSC VIC MODEL
Andhra Pradesh,Guntur,2025-05-31,2025,05,0.9339048123,NRSC VIC MODEL
Andhra Pradesh,Krishna,2025-05-01,2025,05,0.7708335483,NRSC VIC MODEL
Andhra Pradesh,Krishna,2025-05-02,2025,05,5.90944668,NRSC VIC MODEL
Andhra Pradesh,Krishna,2025-05-06,2025,05,0.0050540891,NRSC VIC MODEL
Andhra Pradesh,Krishna,2025-05-09,2025,05,4.1203537934,NRSC VIC MODEL
Andhra Pradesh,Krishna,2025-05-10,2025,05,0.457148617,NRSC VIC MODEL
Andhra Pradesh,Krishna,2025-05-28,2025,05,13.9625177365,NRSC VIC MODEL
Andhra Pradesh,Krishna,2025-05-31,2025,05,1.1869125263,NRSC VIC MODEL
Andhra Pradesh,Kurnool,2025-05-02,2025,05,0.379986479,NRSC VIC MODEL
Andhra Pradesh,Kurnool,2025-05-10,2025,05,0.0006298772,NRSC VIC MODEL
Andhra Pradesh,Kurnool,2025-05-24,2025,05,0.0090665807,NRSC VIC MODEL
Andhra Pradesh,Kurnool,2025-05-25,2025,05,0.7854288844,NRSC VIC MODEL
Andhra Pradesh,Prakasam,2025-05-05,2025,05,0.9704873467,NRSC VIC MODEL
Andhra Pradesh,Prakasam,2025-05-06,2025,05,0.8731723001,NRSC VIC MODEL
Andhra Pradesh,Prakasam,2025-05-09,2025,05,4.516356102,NRSC VIC MODEL
Andhra Pradesh,Prakasam,2025-05-15,2025,05,3.9072808713,NRSC VIC MODEL
Andhra Pradesh,Prakasam,2025-05-20,2025,05,14.9995689293,NRSC VIC MODEL
Andhra Pradesh,Prakasam,2025-05-25,2025,05,9.8137489934,NRSC VIC MODEL
Andhra Pradesh,Prakasam,2025-05-27,2025,05,0.739032039,NRSC VIC MODEL
Andhra Pradesh,SPSR Nellore,2025-05-04,2025,05,0.0044851128,NRSC VIC MODEL
Andhra Pradesh,SPSR Nellore,2025-05-15,2025,05,0.0265371588,NRSC VIC MODEL
Andhra Pradesh,SPSR Nellore,2025-05-17,2025,05,1.2857194772,NRSC VIC MODEL
Andhra Pradesh,SPSR Nellore,2025-05-23,2025,05,0.235421999,NRSC VIC MODEL
Andhra Pradesh,SPSR Nellore,2025-05-27,2025,05,0.8144562967,NRSC VIC MODEL
Andhra Pradesh,Srikakulam,2025-05-06,2025,05,4.0686e-06,NRSC VIC MODEL
Andhra Pradesh,Srikakulam,2025-05-18,2025,05,0.4512034512,NRSC VIC MODEL
Andhra Pradesh,Srikakulam,2025-05-20,2025,05,2.0189995611,NRSC VIC MODEL
Andhra Pradesh,Srikakulam,2025-05-29,2025,05,9.2392525377,NRSC VIC MODEL
Andhra Pradesh,Srikakulam,2025-05-31,2025,05,2.0568431517,NRSC VIC MODEL
Andhra Pradesh,Visakhapatanam,2025-05-23,2025,05,9.9179647162,NRSC VIC MODEL
Andhra Pradesh,Vizianagaram,2025-05-05,2025,05,1.2676062985,NRSC VIC MODEL
Andhra Pradesh,Vizianagaram,2025-05-07,2025,05,0.0002001784,NRSC VIC MODEL
Andhra Pradesh,Vizianagaram,2025-05-19,2025,05,4.7971818724,NRSC VIC MODEL
Andhra Pradesh,Vizianagaram,2025-05-29,2025,05,9.1743508297,NRSC VIC MODEL
Andhra Pradesh,West Godavari,2025-05-02,2025,05,6.1842920652,NRSC VIC MODEL
Andhra Pradesh,West Godavari,2025-05-05,2025,05,34.0132879171,NRSC VIC MODEL
Andhra Pradesh,West Godavari,2025-05-08,2025,05,4.2061867096,NRSC VIC MODEL
Andhra Pradesh,West Godavari,2025-05-10,2025,05,4.3228029213,NRSC VIC MODEL
Andhra Pradesh,West Godavari,2025-05-15,2025,05,9.8656726744,NRSC VIC MODEL
Andhra Pradesh,West Godavari,2025-05-20,2025,05,12.2586386048,NRSC VIC MODEL
Andhra Pradesh,West Godavari,2025-05-23,2025,05,9.6899257518,NRSC VIC MODEL
Andhra Pradesh,West Godavari,2025-05-24,2025,05,12.9191549387,NRSC VIC MODEL
Andhra Pradesh,West Godavari,2025-05-25,2025,05,6.8659235024,NRSC VIC MODEL
Andhra Pradesh,Y.S.R.,2025-05-02,2025,05,6.0644347942,NRSC VIC MODEL
Andhra Pradesh,Y.S.R.,2025-05-06,2025,05,0.0257198514,NRSC VIC MODEL
Andhra Pradesh,Y.S.R.,2025-05-09,2025,05,3.4953542117,NRSC VIC MODEL
Andhra Pradesh,Y.S.R.,2025-05-23,2025,05,0.2488307919,NRSC VIC MODEL
Andhra Pradesh,Y.S.R.,2025-05-24,2025,05,0.2994943184,NRSC VIC MODEL
Andhra Pradesh,Y.S.R.,2025-05-26,2025,05,8.5344418861,NRSC VIC MODEL
Andhra Pradesh,Anantapur,2025-06-06,2025,06,0.2449362081,NRSC VIC MODEL
Andhra Pradesh,Anantapur,2025-06-10,2025,06,3.5937983433,NRSC VIC MODEL
Andhra Pradesh,Anantapur,2025-06-12,2025,06,12.3924867363,NRSC VIC MODEL
Andhra Pradesh,Anantapur,2025-06-25,2025,06,0.3908938912,NRSC VIC MODEL
Andhra Pradesh,Anantapur,2025-06-27,2025,06,0.3941020079,NRSC VIC MODEL
Andhra Pradesh,Chittoor,2025-06-01,2025,06,0.0208164602,NRSC VIC MODEL
Andhra Pradesh,Chittoor,2025-06-02,2025,06,0.6339040781,NRSC VIC MODEL
Andhra Pradesh,Chittoor,2025-06-04,2025,06,1.0443038995,NRSC VIC MODEL
Andhra Pradesh,Chittoor,2025-06-12,2025,06,0.3372926573,NRSC VIC MODEL
Andhra Pradesh,Chittoor,2025-06-14,2025,06,1.6496209432,NRSC VIC MODEL
Andhra Pradesh,Chittoor,2025-06-18,2025,06,0.3244419833,NRSC VIC MODEL
Andhra Pradesh,East Godavari,2025-06-10,2025,06,0.006574201,NRSC VIC MODEL
Andhra Pradesh,East Godavari,2025-06-11,2025,06,3.0106737171,NRSC VIC MODEL
Andhra Pradesh,East Godavari,2025-06-12,2025,06,1.5759433051,NRSC VIC MODEL
Andhra Pradesh,East Godavari,2025-06-15,2025,06,15.6121124545,NRSC VIC MODEL
Andhra Pradesh,East Godavari,2025-06-22,2025,06,3.3128833437,NRSC VIC MODEL
Andhra Pradesh,East Godavari,2025-06-24,2025,06,10.1209258387,NRSC VIC MODEL
Andhra Pradesh,East Godavari,2025-06-28,2025,06,1.4037493725,NRSC VIC MODEL
Andhra Pradesh,East Godavari,2025-06-30,2025,06,9.859866004,NRSC VIC MODEL
Andhra Pradesh,Guntur,2025-06-02,2025,06,0.0120927472,NRSC VIC MODEL
Andhra Pradesh,Guntur,2025-06-05,2025,06,0.0166015774,NRSC VIC MODEL
Andhra Pradesh,Guntur,2025-06-06,2025,06,0.0031534977,NRSC VIC MODEL
Andhra Pradesh,Guntur,2025-06-12,2025,06,7.0477100437,NRSC VIC MODEL
Andhra Pradesh,Guntur,2025-06-19,2025,06,0.1386955826,NRSC VIC MODEL
Andhra Pradesh,Guntur,2025-06-20,2025,06,0.1806144524,NRSC VIC MODEL
Andhra Pradesh,Guntur,2025-06-23,2025,06,0.9679134544,NRSC VIC MODEL
Andhra Pradesh,Guntur,2025-06-26,2025,06,10.3013226629,NRSC VIC MODEL
Andhra Pradesh,Krishna,2025-06-02,2025,06,0.0056872209,NRSC VIC MODEL
Andhra Pradesh,Krishna,2025-06-04,2025,06,0.069793034,NRSC VIC MODEL
Andhra Pradesh,Krishna,2025-06-08,2025,06,4.5169741595,NRSC VIC MODEL
Andhra Pradesh,Krishna,2025-06-12,2025,06,0.7525997105,NRSC VIC MODEL
Andhra Pradesh,Krishna,2025-06-13,2025,06,3.9357916352,NRSC VIC MODEL
Andhra Pradesh,Krishna,2025-06-17,2025,06,2.7219669295,NRSC VIC MODEL
Andhra Pradesh,Krishna,2025-06-29,2025,06,0.224873283,NRSC VIC MODEL
Andhra Pradesh,Krishna,2025-06-30,2025,06,11.8931187451,NRSC VIC MODEL
Andhra Pradesh,Kurnool,2025-06-01,2025,06,0.2703310675,NRSC VIC MODEL
Andhra Pradesh,Kurnool,2025-06-04,2025,06,0.3436094361,NRSC VIC MODEL
Andhra Pradesh,Kurnool,2025-06-10,2025,06,0.0023412303,NRSC VIC MODEL
Andhra Pradesh,Kurnool,2025-06-09,2025,06,7.6699032498,NRSC VIC MODEL
Andhra Pradesh,Kurnool,2025-06-18,2025,06,0.156463813,NRSC VIC MODEL
Andhra Pradesh,Kurnool,2025-06-29,2025,06,0.2531252184,NRSC VIC MODEL
Andhra Pradesh,Prakasam,2025-06-10,2025,06,0.0065733068,NRSC VIC MODEL
Andhra Pradesh,Prakasam,2025-06-17,2025,06,0.0407764012,NRSC VIC MODEL
Andhra Pradesh,Prakasam,2025-06-20,2025,06,0.2626547333,NRSC VIC MODEL
Andhra Pradesh,Prakasam,2025-06-21,2025,06,1.8521324557,NRSC VIC MODEL
Andhra Pradesh,Prakasam,2025-06-22,2025,06,1.24838791,NRSC VIC MODEL
Andhra Pradesh,Prakasam,2025-06-27,2025,06,0.4336927999,NRSC VIC MODEL
Andhra Pradesh,SPSR Nellore,2025-06-02,2025,06,0.3498241906,NRSC VIC MODEL
Andhra Pradesh,SPSR Nellore,2025-06-11,2025,06,0.2434325714,NRSC VIC MODEL
Andhra Pradesh,SPSR Nellore,2025-06-21,2025,06,5.8024289728,NRSC VIC MODEL
Andhra Pradesh,SPSR Nellore,2025-06-24,2025,06,1.8769546505,NRSC VIC MODEL
Andhra Pradesh,SPSR Nellore,2025-06-28,2025,06,1.187695357,NRSC VIC MODEL
Andhra Pradesh,Srikakulam,2025-06-06,2025,06,1.2138276391,NRSC VIC MODEL
Andhra Pradesh,Srikakulam,2025-06-08,2025,06,2.2158349395,NRSC VIC MODEL
Andhra Pradesh,Srikakulam,2025-06-09,2025,06,0.0304530296,NRSC VIC MODEL
Andhra Pradesh,Srikakulam,2025-06-14,2025,06,0.4856954263,NRSC VIC MODEL
Andhra Pradesh,Srikakulam,2025-06-18,2025,06,0.7673863148,NRSC VIC MODEL
Andhra Pradesh,Srikakulam,2025-06-28,2025,06,0.1417097525,NRSC VIC MODEL
Andhra Pradesh,Visakhapatanam,2025-06-02,2025,06,2.0826e-05,NRSC VIC MODEL
Andhra Pradesh,Visakhapatanam,2025-06-12,2025,06,4.1940700024,NRSC VIC MODEL
Andhra Pradesh,Visakhapatanam,2025-06-13,2025,06,1.1574554151,NRSC VIC MODEL
Andhra Pradesh,Visakhapatanam,2025-06-16,2025,06,1.3195654737,NRSC VIC MODEL
Andhra Pradesh,Visakhapatanam,2025-06-20,2025,06,1.2746048138,NRSC VIC MODEL
Andhra Pradesh,Visakhapatanam,2025-06-25,2025,06,6.6399550369,NRSC VIC MODEL
Andhra Pradesh,Vizianagaram,2025-06-03,2025,06,0.640057029,NRSC VIC MODEL
Andhra Pradesh,Vizianagaram,2025-06-04,2025,06,1.261130306,NRSC VIC MODEL
Andhra Pradesh,Vizianagaram,2025-06-05,2025,06,5.510050824,NRSC VIC MODEL
Andhra Pradesh,Vizianagaram,2025-06-06,2025,06,2.0868304273,NRSC VIC MODEL
Andhra Pradesh,Vizianagaram,2025-06-09,2025,06,0.0423075494,NRSC VIC MODEL
Andhra Pradesh,Vizianagaram,2025-06-18,2025,06,1.2894087173,NRSC VIC MODEL
Andhra Pradesh,Vizianagaram,2025-06-24,2025,06,7.2914907865,NRSC VIC MODEL
Andhra Pradesh,Vizianagaram,2025-06-26,2025,06,6.6406046281,NRSC VIC MODEL
Andhra Pradesh,Vizianagaram,2025-06-28,2025,06,0.292183213,NRSC VIC MODEL
Andhra Pradesh,West Godavari,2025-06-01,2025,06,0.1845069998,NRSC VIC MODEL
Andhra Pradesh,West Godavari,2025-06-02,2025,06,0.0003210105,NRSC VIC MODEL
Andhra Pradesh,West Godavari,2025-06-03,2025,06,0.451384343,NRSC VIC MODEL
Andhra Pradesh,West Godavari,2025-06-14,2025,06,5.6321177633,NRSC VIC MODEL
Andhra Pradesh,West Godavari,2025-06-28,2025,06,0.4218744404,NRSC VIC MODEL
Andhra Pradesh,Y.S.R.,2025-06-04,2025,06,0.19953721,NRSC VIC MODEL
Andhra Pradesh,Y.S.R.,2025-06-07,2025,06,0.9897682677,NRSC VIC MODEL
Andhra Pradesh,Y.S.R.,2025-06-15,2025,06,0.3751375737,NRSC VIC MODEL
Andhra Pradesh,Y.S.R.,2025-06-16,2025,06,2.2965395261,NRSC VIC MODEL
Andhra Pradesh,Y.S.R.,2025-06-22,2025,06,0.7994849504,NRSC VIC MODEL
Andhra Pradesh,Y.S.R.,2025-06-24,2025,06,1.6507587815,NRSC VIC MODEL
Andhra Pradesh,Y.S.R.,2025-06-26,2025,06,2.3520815006,NRSC VIC MODEL
Andhra Pradesh,Y.S.R.,2025-06-27,2025,06,0.6444004048,NRSC VIC MODEL
Andhra Pradesh,East Godavari,2025-01-26,2025,01,1.3076e-06,NRSC VIC MODEL
Andhra Pradesh,East Godavari,2025-01-28,2025,01,0.0,NRSC VIC MODEL
Andhra Pradesh,East Godavari,2025-02-03,2025,02,0.0,NRSC VIC MODEL
Andhra Pradesh,East Godavari,2025-02-20,2025,02,0.0,NRSC VIC MODEL
Andhra Pradesh,East Godavari,2025-02-28,2025,02,0.0,NRSC VIC MODEL
Andhra Pradesh,East Godavari,2025-03-07,2025,03,0.0282984917,NRSC VIC MODEL
Andhra Pradesh,East Godavari,2025-03-08,2025,03,0.0,NRSC VIC MODEL
Andhra Pradesh,East Godavari,2025-03-12,2025,03,0.0,NRSC VIC MODEL
Andhra Pradesh,East Godavari,2025-03-31,2025,03,0.0096704026,NRSC VIC MODEL
Andhra Pradesh,East Godavari,2025-04-04,2025,04,2.4445298704,NRSC VIC MODEL
Andhra Pradesh,East Godavari,2025-04-10,2025,04,0.9387494258,NRSC VIC MODEL
Andhra Pradesh,East Godavari,2025-04-11,2025,04,3.4066043965,NRSC VIC MODEL
Andhra Pradesh,East Godavari,2025-04-14,2025,04,10.7767937087,NRSC VIC MODEL
Andhra Pradesh,East Godavari,2025-04-16,2025,04,4.7964282883,NRSC VIC MODEL
Andhra Pradesh,East Godavari,2025-04-18,2025,04,0.0012305561,NRSC VIC MODEL
Andhra Pradesh,East Godavari,2025-04-19,2025,04,0.0,NRSC VIC MODEL
Andhra Pradesh,East Godavari,2025-04-24,2025,04,0.0359537459,NRSC VIC MODEL
Andhra Pradesh,East Godavari,2025-04-28,2025,04,0.0009254475,NRSC VIC MODEL
Andhra Pradesh,East Godavari,2025-05-02,2025,05,8.2167791773,NRSC VIC MODEL
Andhra Pradesh,East Godavari,2025-05-04,2025,05,6.2701211806,NRSC VIC MODEL
Andhra Pradesh,East Godavari,2025-05-05,2025,05,32.8163070811,NRSC VIC MODEL
Andhra Pradesh,East Godavari,2025-05-07,2025,05,0.5083869934,NRSC VIC MODEL
Andhra Pradesh,East Godavari,2025-05-08,2025,05,2.1655089041,NRSC VIC MODEL
Andhra Pradesh,East Godavari,2025-05-16,2025,05,10.9751999795,NRSC VIC MODEL
Andhra Pradesh,East Godavari,2025-05-21,2025,05,21.4097933629,NRSC VIC MODEL
Andhra Pradesh,East Godavari,2025-05-24,2025,05,3.0404376279,NRSC VIC MODEL
Andhra Pradesh,East Godavari,2025-06-03,2025,06,0.4355803522,NRSC VIC MODEL
Andhra Pradesh,East Godavari,2025-06-05,2025,06,0.0720973564,NRSC VIC MODEL
Andhra Pradesh,East Godavari,2025-06-16,2025,06,1.8410537129,NRSC VIC MODEL
Andhra Pradesh,East Godavari,2025-06-15,2025,06,15.6121124545,NRSC VIC MODEL
Andhra Pradesh,East Godavari,2025-06-23,2025,06,7.8910394259,NRSC VIC MODEL
Andhra Pradesh,East Godavari,2025-06-27,2025,06,14.0552188058,NRSC VIC MODEL
Andhra Pradesh,East Godavari,2025-06-28,2025,06,1.4037493725,NRSC VIC MODEL
Andhra Pradesh,Guntur,2025-01-07,2025,01,0.0156194914,NRSC VIC MODEL
Andhra Pradesh,Guntur,2025-01-09,2025,01,0.0,NRSC VIC MODEL
Andhra Pradesh,Guntur,2025-01-16,2025,01,2.92139e-05,NRSC VIC MODEL
Andhra Pradesh,Guntur,2025-01-18,2025,01,0.0,NRSC VIC MODEL
Andhra Pradesh,Guntur,2025-02-09,2025,02,0.0,NRSC VIC MODEL
Andhra Pradesh,Guntur,2025-02-28,2025,02,0.0,NRSC VIC MODEL
Andhra Pradesh,Guntur,2025-03-11,2025,03,0.0,NRSC VIC MODEL
Andhra Pradesh,Guntur,2025-03-16,2025,03,0.0,NRSC VIC MODEL
Andhra Pradesh,Guntur,2025-03-23,2025,03,0.0632087683,NRSC VIC MODEL
Andhra Pradesh,Guntur,2025-03-27,2025,03,0.0024625342,NRSC VIC MODEL
Andhra Pradesh,Guntur,2025-03-31,2025,03,0.0018283575,NRSC VIC MODEL
Andhra Pradesh,Guntur,2025-04-06,2025,04,0.5691388041,NRSC VIC MODEL
Andhra Pradesh,Guntur,2025-04-14,2025,04,2.3753085724,NRSC VIC MODEL
Andhra Pradesh,Guntur,2025-04-15,2025,04,0.0026164834,NRSC VIC MODEL
Andhra Pradesh,Guntur,2025-04-17,2025,04,0.0,NRSC VIC MODEL
Andhra Pradesh,Guntur,2025-04-22,2025,04,0.0,NRSC VIC MODEL
Andhra Pradesh,Guntur,2025-04-28,2025,04,0.0030855023,NRSC VIC MODEL
Andhra Pradesh,Guntur,2025-05-15,2025,05,2.8439097231,NRSC VIC MODEL
Andhra Pradesh,Guntur,2025-05-17,2025,05,2.5555326363,NRSC VIC MODEL
Andhra Pradesh,Guntur,2025-05-18,2025,05,11.940275417,NRSC VIC MODEL
Andhra Pradesh,Guntur,2025-05-21,2025,05,8.3479391527,NRSC VIC MODEL
Andhra Pradesh,Guntur,2025-06-03,2025,06,0.0063851224,NRSC VIC MODEL
Andhra Pradesh,Guntur,2025-06-14,2025,06,0.7991919141,NRSC VIC MODEL
Andhra Pradesh,Guntur,2025-06-19,2025,06,0.1386955826,NRSC VIC MODEL
Andhra Pradesh,Krishna,2025-01-01,2025,01,7.9934e-06,NRSC VIC MODEL
Andhra Pradesh,Krishna,2025-01-02,2025,01,5.2008e-05,NRSC VIC MODEL
Andhra Pradesh,Krishna,2025-01-05,2025,01,0.0144574035,NRSC VIC MODEL
Andhra Pradesh,Krishna,2025-01-12,2025,01,7.72895e-05,NRSC VIC MODEL
Andhra Pradesh,Krishna,2025-01-31,2025,01,0.0,NRSC VIC MODEL
Andhra Pradesh,Krishna,2025-02-09,2025,02,0.0,NRSC VIC MODEL
Andhra Pradesh,Krishna,2025-02-13,2025,02,0.0013583795,NRSC VIC MODEL
Andhra Pradesh,Krishna,2025-02-14,2025,02,0.0,NRSC VIC MODEL
Andhra Pradesh,Krishna,2025-02-19,2025,02,0.0003952167,NRSC VIC MODEL
Andhra Pradesh,Krishna,2025-03-01,2025,03,0.0,NRSC VIC MODEL
Andhra Pradesh,Krishna,2025-03-12,2025,03,0.0049254095,NRSC VIC MODEL
Andhra Pradesh,Krishna,2025-03-18,2025,03,0.0,NRSC VIC MODEL
Andhra Pradesh,Krishna,2025-03-21,2025,03,0.0,NRSC VIC MODEL
Andhra Pradesh,Krishna,2025-03-23,2025,03,1.6233999681,NRSC VIC MODEL
Andhra Pradesh,Krishna,2025-03-24,2025,03,0.1132709338,NRSC VIC MODEL
Andhra Pradesh,Krishna,2025-03-26,2025,03,0.0,NRSC VIC MODEL
Andhra Pradesh,Krishna,2025-03-27,2025,03,0.0697053553,NRSC VIC MODEL
Andhra Pradesh,Krishna,2025-03-30,2025,03,0.0,NRSC VIC MODEL
Andhra Pradesh,Krishna,2025-04-09,2025,04,0.0346412722,NRSC VIC MODEL
Andhra Pradesh,Krishna,2025-04-10,2025,04,0.000383601,NRSC VIC MODEL
Andhra Pradesh,Krishna,2025-04-22,2025,04,0.0,NRSC VIC MODEL
Andhra Pradesh,Krishna,2025-04-28,2025,04,0.0307579981,NRSC VIC MODEL
Andhra Pradesh,Krishna,2025-04-30,2025,04,0.005345467,NRSC VIC MODEL
Andhra Pradesh,Krishna,2025-05-09,2025,05,4.1203537934,NRSC VIC MODEL
Andhra Pradesh,Krishna,2025-05-17,2025,05,1.5415852525,NRSC VIC MODEL
Andhra Pradesh,Krishna,2025-05-18,2025,05,5.1557833601,NRSC VIC MODEL
Andhra Pradesh,Krishna,2025-06-12,2025,06,0.7525997105,NRSC VIC MODEL
Andhra Pradesh,Krishna,2025-06-13,2025,06,3.9357916352,NRSC VIC MODEL
Andhra Pradesh,Krishna,2025-06-14,2025,06,0.8138102039,NRSC VIC MODEL
Andhra Pradesh,Krishna,2025-06-21,2025,06,0.2921871985,NRSC VIC MODEL
Andhra Pradesh,Kurnool,2025-01-01,2025,01,2.2093e-05,NRSC VIC MODEL
Andhra Pradesh,Kurnool,2025-01-03,2025,01,0.0034541016,NRSC VIC MODEL
Andhra Pradesh,Kurnool,2025-01-06,2025,01,0.0009106779,NRSC VIC MODEL
Andhra Pradesh,Kurnool,2025-01-15,2025,01,0.0,NRSC VIC MODEL
Andhra Pradesh,Kurnool,2025-01-16,2025,01,0.0081925777,NRSC VIC MODEL
Andhra Pradesh,Kurnool,2025-01-21,2025,01,0.0004039186,NRSC VIC MODEL
Andhra Pradesh,Kurnool,2025-01-24,2025,01,0.0106860247,NRSC VIC MODEL
Andhra Pradesh,Kurnool,2025-01-26,2025,01,0.0094943222,NRSC VIC MODEL
Andhra Pradesh,Kurnool,2025-02-05,2025,02,0.0109747875,NRSC VIC MODEL
Andhra Pradesh,Kurnool,2025-02-07,2025,02,0.0,NRSC VIC MODEL
Andhra Pradesh,Kurnool,2025-02-08,2025,02,0.0,NRSC VIC MODEL
Andhra Pradesh,Kurnool,2025-02-09,2025,02,0.000697842,NRSC VIC MODEL
Andhra Pradesh,Kurnool,2025-02-13,2025,02,0.0,NRSC VIC MODEL
Andhra Pradesh,Kurnool,2025-02-14,2025,02,0.0,NRSC VIC MODEL
Andhra Pradesh,Kurnool,2025-02-18,2025,02,0.0,NRSC VIC MODEL
Andhra Pradesh,Kurnool,2025-02-19,2025,02,0.0,NRSC VIC MODEL
Andhra Pradesh,Kurnool,2025-02-21,2025,02,0.0005479382,NRSC VIC MODEL
Andhra Pradesh,Kurnool,2025-02-23,2025,02,0.0,NRSC VIC MODEL
Andhra Pradesh,Kurnool,2025-02-26,2025,02,0.0,NRSC VIC MODEL
Andhra Pradesh,Kurnool,2025-03-05,2025,03,0.0591751028,NRSC VIC MODEL
Andhra Pradesh,Kurnool,2025-03-10,2025,03,7.36994e-05,NRSC VIC MODEL
Andhra Pradesh,Kurnool,2025-03-11,2025,03,0.0015603671,NRSC VIC MODEL
Andhra Pradesh,Kurnool,2025-03-25,2025,03,0.011427551,NRSC VIC MODEL
Andhra Pradesh,Kurnool,2025-03-26,2025,03,0.0773666342,NRSC VIC MODEL
Andhra Pradesh,Kurnool,2025-03-31,2025,03,0.0198164608,NRSC VIC MODEL
Andhra Pradesh,Kurnool,2025-04-16,2025,04,0.0565672145,NRSC VIC MODEL
Andhra Pradesh,Kurnool,2025-04-20,2025,04,0.5443701016,NRSC VIC MODEL
Andhra Pradesh,Kurnool,2025-05-15,2025,05,10.7285847117,NRSC VIC MODEL
Andhra Pradesh,Kurnool,2025-05-16,2025,05,1.6951767472,NRSC VIC MODEL
Andhra Pradesh,Kurnool,2025-05-28,2025,05,1.7058668036,NRSC VIC MODEL
Andhra Pradesh,Kurnool,2025-06-01,2025,06,0.2703310675,NRSC VIC MODEL
Andhra Pradesh,Kurnool,2025-06-07,2025,06,5.5971703953,NRSC VIC MODEL
Andhra Pradesh,Kurnool,2025-06-08,2025,06,4.9481178622,NRSC VIC MODEL
Andhra Pradesh,Kurnool,2025-06-21,2025,06,3.803955112,NRSC VIC MODEL
Andhra Pradesh,Kurnool,2025-06-28,2025,06,0.1522408693,NRSC VIC MODEL
Andhra Pradesh,Prakasam,2025-01-01,2025,01,0.0,NRSC VIC MODEL
Andhra Pradesh,Prakasam,2025-01-03,2025,01,0.0003119122,NRSC VIC MODEL
Andhra Pradesh,Prakasam,2025-01-07,2025,01,0.0,NRSC VIC MODEL
Andhra Pradesh,Prakasam,2025-01-08,2025,01,0.0,NRSC VIC MODEL
Andhra Pradesh,Prakasam,2025-01-10,2025,01,3.8038e-06,NRSC VIC MODEL
Andhra Pradesh,Prakasam,2025-01-13,2025,01,0.0,NRSC VIC MODEL
Andhra Pradesh,Prakasam,2025-01-14,2025,01,0.0,NRSC VIC MODEL
Andhra Pradesh,Prakasam,2025-01-17,2025,01,4.39228e-05,NRSC VIC MODEL
Andhra Pradesh,Prakasam,2025-01-19,2025,01,0.0043011476,NRSC VIC MODEL
Andhra Pradesh,Prakasam,2025-01-24,2025,01,0.0,NRSC VIC MODEL
Andhra Pradesh,Prakasam,2025-01-30,2025,01,0.0,NRSC VIC MODEL
Andhra Pradesh,Prakasam,2025-02-04,2025,02,0.0,NRSC VIC MODEL
Andhra Pradesh,Prakasam,2025-02-07,2025,02,0.0,NRSC VIC MODEL
Andhra Pradesh,Prakasam,2025-02-23,2025,02,5.644e-07,NRSC VIC MODEL
Andhra Pradesh,Prakasam,2025-02-24,2025,02,0.0,NRSC VIC MODEL
Andhra Pradesh,Prakasam,2025-02-28,2025,02,0.0,NRSC VIC MODEL
Andhra Pradesh,Prakasam,2025-03-03,2025,03,0.0,NRSC VIC MODEL
Andhra Pradesh,Prakasam,2025-03-06,2025,03,0.0,NRSC VIC MODEL
Andhra Pradesh,Prakasam,2025-03-14,2025,03,0.0,NRSC VIC MODEL
Andhra Pradesh,Prakasam,2025-03-17,2025,03,0.0,NRSC VIC MODEL
Andhra Pradesh,Prakasam,2025-03-19,2025,03,0.0,NRSC VIC MODEL
Andhra Pradesh,Prakasam,2025-03-20,2025,03,0.0,NRSC VIC MODEL
Andhra Pradesh,Prakasam,2025-03-22,2025,03,3.27292e-05,NRSC VIC MODEL
Andhra Pradesh,Prakasam,2025-03-24,2025,03,0.0019190777,NRSC VIC MODEL
Andhra Pradesh,Prakasam,2025-03-29,2025,03,0.0,NRSC VIC MODEL
Andhra Pradesh,Prakasam,2025-04-02,2025,04,2.19614e-05,NRSC VIC MODEL
Andhra Pradesh,Prakasam,2025-04-25,2025,04,0.0,NRSC VIC MODEL
Andhra Pradesh,Prakasam,2025-04-26,2025,04,0.0,NRSC VIC MODEL
Andhra Pradesh,Prakasam,2025-05-02,2025,05,3.3338138059,NRSC VIC MODEL
Andhra Pradesh,Prakasam,2025-05-05,2025,05,0.9704873467,NRSC VIC MODEL
Andhra Pradesh,Prakasam,2025-06-01,2025,06,0.1362968083,NRSC VIC MODEL
Andhra Pradesh,Prakasam,2025-06-03,2025,06,0.158969161,NRSC VIC MODEL
Andhra Pradesh,Prakasam,2025-06-05,2025,06,0.0148753341,NRSC VIC MODEL
Andhra Pradesh,Prakasam,2025-06-07,2025,06,2.1194446594,NRSC VIC MODEL
Andhra Pradesh,Prakasam,2025-06-10,2025,06,0.0065733068,NRSC VIC MODEL
Andhra Pradesh,Prakasam,2025-06-16,2025,06,3.7449106715,NRSC VIC MODEL
Andhra Pradesh,Prakasam,2025-06-17,2025,06,0.0407764012,NRSC VIC MODEL
Andhra Pradesh,Prakasam,2025-06-23,2025,06,1.9460206781,NRSC VIC MODEL
Andhra Pradesh,Prakasam,2025-06-24,2025,06,4.7854284361,NRSC VIC MODEL
Andhra Pradesh,Prakasam,2025-06-25,2025,06,3.1346106625,NRSC VIC MODEL
Andhra Pradesh,Prakasam,2025-06-27,2025,06,0.4336927999,NRSC VIC MODEL
Andhra Pradesh,Prakasam,2025-06-29,2025,06,0.9114460818,NRSC VIC MODEL
Andhra Pradesh,SPSR Nellore,2025-01-01,2025,01,3.1324e-05,NRSC VIC MODEL
Andhra Pradesh,SPSR Nellore,2025-01-13,2025,01,0.1570184264,NRSC VIC MODEL
Andhra Pradesh,SPSR Nellore,2025-01-21,2025,01,0.0,NRSC VIC MODEL
Andhra Pradesh,SPSR Nellore,2025-01-23,2025,01,0.0,NRSC VIC MODEL
Andhra Pradesh,SPSR Nellore,2025-01-28,2025,01,0.0,NRSC VIC MODEL
Andhra Pradesh,SPSR Nellore,2025-01-29,2025,01,0.0004396839,NRSC VIC MODEL
Andhra Pradesh,SPSR Nellore,2025-01-31,2025,01,0.0,NRSC VIC MODEL
Andhra Pradesh,SPSR Nellore,2025-02-09,2025,02,0.0,NRSC VIC MODEL
Andhra Pradesh,SPSR Nellore,2025-02-17,2025,02,0.0,NRSC VIC MODEL
Andhra Pradesh,SPSR Nellore,2025-02-18,2025,02,0.0,NRSC VIC MODEL
Andhra Pradesh,SPSR Nellore,2025-02-26,2025,02,0.0,NRSC VIC MODEL
Andhra Pradesh,SPSR Nellore,2025-02-27,2025,02,0.0007745227,NRSC VIC MODEL
Andhra Pradesh,SPSR Nellore,2025-03-25,2025,03,0.0,NRSC VIC MODEL
Andhra Pradesh,SPSR Nellore,2025-03-27,2025,03,0.0,NRSC VIC MODEL
Andhra Pradesh,SPSR Nellore,2025-04-08,2025,04,0.0,NRSC VIC MODEL
Andhra Pradesh,SPSR Nellore,2025-04-12,2025,04,0.232174148,NRSC VIC MODEL
Andhra Pradesh,SPSR Nellore,2025-04-24,2025,04,0.0,NRSC VIC MODEL
Andhra Pradesh,SPSR Nellore,2025-05-15,2025,05,0.0265371588,NRSC VIC MODEL
Andhra Pradesh,SPSR Nellore,2025-05-21,2025,05,11.4374821792,NRSC VIC MODEL
Andhra Pradesh,SPSR Nellore,2025-06-04,2025,06,0.2437013037,NRSC VIC MODEL
Andhra Pradesh,SPSR Nellore,2025-06-05,2025,06,0.0612470156,NRSC VIC MODEL
Andhra Pradesh,SPSR Nellore,2025-06-24,2025,06,1.8769546505,NRSC VIC MODEL
Andhra Pradesh,Srikakulam,2025-01-02,2025,01,9.00391e-05,NRSC VIC MODEL
Andhra Pradesh,Srikakulam,2025-01-04,2025,01,0.0,NRSC VIC MODEL
Andhra Pradesh,Srikakulam,2025-01-06,2025,01,0.0,NRSC VIC MODEL
Andhra Pradesh,Srikakulam,2025-01-08,2025,01,0.0,NRSC VIC MODEL
Andhra Pradesh,Srikakulam,2025-01-10,2025,01,0.0001305367,NRSC VIC MODEL
Andhra Pradesh,Srikakulam,2025-01-17,2025,01,0.0,NRSC VIC MODEL
Andhra Pradesh,Srikakulam,2025-01-20,2025,01,0.0007625664,NRSC VIC MODEL
Andhra Pradesh,Srikakulam,2025-01-21,2025,01,0.0006315462,NRSC VIC MODEL
Andhra Pradesh,Srikakulam,2025-01-23,2025,01,0.0004058362,NRSC VIC MODEL
Andhra Pradesh,Srikakulam,2025-01-24,2025,01,3.38e-08,NRSC VIC MODEL
Andhra Pradesh,Srikakulam,2025-01-26,2025,01,0.0,NRSC VIC MODEL
Andhra Pradesh,Srikakulam,2025-01-28,2025,01,0.0,NRSC VIC MODEL
Andhra Pradesh,Srikakulam,2025-01-29,2025,01,0.0,NRSC VIC MODEL
Andhra Pradesh,Srikakulam,2025-01-31,2025,01,0.0,NRSC VIC MODEL
Andhra Pradesh,Srikakulam,2025-02-18,2025,02,0.0,NRSC VIC MODEL
Andhra Pradesh,Srikakulam,2025-02-25,2025,02,0.0,NRSC VIC MODEL
Andhra Pradesh,Srikakulam,2025-02-26,2025,02,0.0,NRSC VIC MODEL
Andhra Pradesh,Srikakulam,2025-03-01,2025,03,0.0,NRSC VIC MODEL
Andhra Pradesh,Srikakulam,2025-03-06,2025,03,0.09474486,NRSC VIC MODEL
Andhra Pradesh,Srikakulam,2025-03-09,2025,03,0.0,NRSC VIC MODEL
Andhra Pradesh,Srikakulam,2025-03-17,2025,03,0.0,NRSC VIC MODEL
Andhra Pradesh,Srikakulam,2025-03-20,2025,03,4.50027e-05,NRSC VIC MODEL
Andhra Pradesh,Srikakulam,2025-03-25,2025,03,0.0044255145,NRSC VIC MODEL
Andhra Pradesh,Srikakulam,2025-04-03,2025,04,0.0,NRSC VIC MODEL
Andhra Pradesh,Srikakulam,2025-04-04,2025,04,0.0011192862,NRSC VIC MODEL
Andhra Pradesh,Srikakulam,2025-04-15,2025,04,0.0034603191,NRSC VIC MODEL
Andhra Pradesh,Srikakulam,2025-04-27,2025,04,0.003132116,NRSC VIC MODEL
Andhra Pradesh,Srikakulam,2025-05-02,2025,05,16.5947414835,NRSC VIC MODEL
Andhra Pradesh,Srikakulam,2025-05-06,2025,05,4.0686e-06,NRSC VIC MODEL
Andhra Pradesh,Srikakulam,2025-05-09,2025,05,0.0554756453,NRSC VIC MODEL
Andhra Pradesh,Srikakulam,2025-05-03,2025,05,0.0,NRSC VIC MODEL
Andhra Pradesh,Srikakulam,2025-05-18,2025,05,0.4512034512,NRSC VIC MODEL
Andhra Pradesh,Srikakulam,2025-05-19,2025,05,1.0247372434,NRSC VIC MODEL
Andhra Pradesh,Srikakulam,2025-06-01,2025,06,9.5800230648,NRSC VIC MODEL
Andhra Pradesh,Srikakulam,2025-06-02,2025,06,0.0,NRSC VIC MODEL
Andhra Pradesh,Srikakulam,2025-06-08,2025,06,2.2158349395,NRSC VIC MODEL
Andhra Pradesh,Srikakulam,2025-06-17,2025,06,2.7006083068,NRSC VIC MODEL
Andhra Pradesh,Srikakulam,2025-06-22,2025,06,0.4215798124,NRSC VIC MODEL
Andhra Pradesh,Srikakulam,2025-06-26,2025,06,4.9363743267,NRSC VIC MODEL
Andhra Pradesh,Srikakulam,2025-06-28,2025,06,0.1417097525,NRSC VIC MODEL
Andhra Pradesh,Srikakulam,2025-06-29,2025,06,2.2448056932,NRSC VIC MODEL
Andhra Pradesh,Visakhapatanam,2025-01-03,2025,01,0.0010130246,NRSC VIC MODEL
Andhra Pradesh,Visakhapatanam,2025-01-21,2025,01,0.0066723124,NRSC VIC MODEL
Andhra Pradesh,Visakhapatanam,2025-01-22,2025,01,0.0,NRSC VIC MODEL
Andhra Pradesh,Visakhapatanam,2025-01-23,2025,01,6.27218e-05,NRSC VIC MODEL
Andhra Pradesh,Visakhapatanam,2025-01-24,2025,01,0.0,NRSC VIC MODEL
Andhra Pradesh,Visakhapatanam,2025-01-28,2025,01,0.0042959457,NRSC VIC MODEL
Andhra Pradesh,Visakhapatanam,2025-01-29,2025,01,0.0,NRSC VIC MODEL
Andhra Pradesh,Visakhapatanam,2025-02-01,2025,02,0.0,NRSC VIC MODEL
Andhra Pradesh,Visakhapatanam,2025-02-13,2025,02,0.0,NRSC VIC MODEL
Andhra Pradesh,Visakhapatanam,2025-02-15,2025,02,0.0,NRSC VIC MODEL
Andhra Pradesh,Visakhapatanam,2025-02-16,2025,02,0.0,NRSC VIC MODEL
Andhra Pradesh,Visakhapatanam,2025-02-18,2025,02,0.0,NRSC VIC MODEL
Andhra Pradesh,Visakhapatanam,2025-02-21,2025,02,0.0137700673,NRSC VIC MODEL
Andhra Pradesh,Visakhapatanam,2025-02-27,2025,02,0.0,NRSC VIC MODEL
Andhra Pradesh,Visakhapatanam,2025-02-28,2025,02,0.0,NRSC VIC MODEL
Andhra Pradesh,Visakhapatanam,2025-03-02,2025,03,0.0,NRSC VIC MODEL
Andhra Pradesh,Visakhapatanam,2025-03-04,2025,03,0.0,NRSC VIC MODEL
Andhra Pradesh,Visakhapatanam,2025-03-16,2025,03,0.0789956518,NRSC VIC MODEL
Andhra Pradesh,Visakhapatanam,2025-03-18,2025,03,0.0,NRSC VIC MODEL
Andhra Pradesh,Visakhapatanam,2025-03-21,2025,03,0.0,NRSC VIC MODEL
Andhra Pradesh,Visakhapatanam,2025-03-22,2025,03,0.1175024455,NRSC VIC MODEL
Andhra Pradesh,Visakhapatanam,2025-03-25,2025,03,1.6004884407,NRSC VIC MODEL
Andhra Pradesh,Visakhapatanam,2025-03-27,2025,03,0.2571815548,NRSC VIC MODEL
Andhra Pradesh,Visakhapatanam,2025-03-28,2025,03,0.0,NRSC VIC MODEL
Andhra Pradesh,Visakhapatanam,2025-04-01,2025,04,0.0245393041,NRSC VIC MODEL
Andhra Pradesh,Visakhapatanam,2025-04-06,2025,04,5.6865521207,NRSC VIC MODEL
Andhra Pradesh,Visakhapatanam,2025-04-07,2025,04,1.0734555004,NRSC VIC MODEL
Andhra Pradesh,Visakhapatanam,2025-04-13,2025,04,0.7082699789,NRSC VIC MODEL
Andhra Pradesh,Visakhapatanam,2025-04-14,2025,04,8.8129329183,NRSC VIC MODEL
Andhra Pradesh,Visakhapatanam,2025-04-15,2025,04,0.1602742242,NRSC VIC MODEL
Andhra Pradesh,Visakhapatanam,2025-04-20,2025,04,0.3521154811,NRSC VIC MODEL
Andhra Pradesh,Visakhapatanam,2025-04-23,2025,04,3.0783519785,NRSC VIC MODEL
Andhra Pradesh,Visakhapatanam,2025-04-24,2025,04,2.1372935288,NRSC VIC MODEL
Andhra Pradesh,Visakhapatanam,2025-04-26,2025,04,0.7431972222,NRSC VIC MODEL
Andhra Pradesh,Visakhapatanam,2025-05-25,2025,05,1.7154773708,NRSC VIC MODEL
Andhra Pradesh,Visakhapatanam,2025-05-27,2025,05,8.594506063,NRSC VIC MODEL
Andhra Pradesh,Visakhapatanam,2025-05-28,2025,05,54.0164235257,NRSC VIC MODEL
Andhra Pradesh,Visakhapatanam,2025-06-03,2025,06,0.6515553697,NRSC VIC MODEL
Andhra Pradesh,Visakhapatanam,2025-06-09,2025,06,0.9667594658,NRSC VIC MODEL
Andhra Pradesh,Visakhapatanam,2025-06-14,2025,06,2.0292797242,NRSC VIC MODEL
Andhra Pradesh,Visakhapatanam,2025-06-21,2025,06,0.1873274324,NRSC VIC MODEL
Andhra Pradesh,Visakhapatanam,2025-06-22,2025,06,2.3736403378,NRSC VIC MODEL
Andhra Pradesh,Visakhapatanam,2025-06-25,2025,06,6.6399550369,NRSC VIC MODEL
Andhra Pradesh,Vizianagaram,2025-01-07,2025,01,0.0,NRSC VIC MODEL
Andhra Pradesh,Vizianagaram,2025-01-21,2025,01,0.0,NRSC VIC MODEL
Andhra Pradesh,Vizianagaram,2025-01-23,2025,01,0.0,NRSC VIC MODEL
Andhra Pradesh,Vizianagaram,2025-01-26,2025,01,0.0,NRSC VIC MODEL
Andhra Pradesh,Vizianagaram,2025-01-28,2025,01,0.0,NRSC VIC MODEL
Andhra Pradesh,Vizianagaram,2025-01-30,2025,01,0.0,NRSC VIC MODEL
Andhra Pradesh,Vizianagaram,2025-02-02,2025,02,1.36816e-05,NRSC VIC MODEL
Andhra Pradesh,Vizianagaram,2025-02-03,2025,02,0.0,NRSC VIC MODEL
Andhra Pradesh,Vizianagaram,2025-02-04,2025,02,0.0,NRSC VIC MODEL
Andhra Pradesh,Vizianagaram,2025-02-07,2025,02,0.0,NRSC VIC MODEL
Andhra Pradesh,Vizianagaram,2025-02-19,2025,02,0.0,NRSC VIC MODEL
Andhra Pradesh,Vizianagaram,2025-02-20,2025,02,0.0022626407,NRSC VIC MODEL
Andhra Pradesh,Vizianagaram,2025-02-22,2025,02,0.1509776863,NRSC VIC MODEL
Andhra Pradesh,Vizianagaram,2025-02-23,2025,02,0.070770505,NRSC VIC MODEL
Andhra Pradesh,Vizianagaram,2025-02-25,2025,02,0.0,NRSC VIC MODEL
Andhra Pradesh,Vizianagaram,2025-03-02,2025,03,0.0,NRSC VIC MODEL
Andhra Pradesh,Vizianagaram,2025-03-12,2025,03,0.0,NRSC VIC MODEL
Andhra Pradesh,Vizianagaram,2025-03-13,2025,03,0.0,NRSC VIC MODEL
Andhra Pradesh,Vizianagaram,2025-03-22,2025,03,0.0049313417,NRSC VIC MODEL
Andhra Pradesh,Vizianagaram,2025-03-27,2025,03,0.0,NRSC VIC MODEL
Andhra Pradesh,Vizianagaram,2025-03-31,2025,03,0.0002615254,NRSC VIC MODEL
Andhra Pradesh,Vizianagaram,2025-04-07,2025,04,0.886922459,NRSC VIC MODEL
Andhra Pradesh,Vizianagaram,2025-04-09,2025,04,0.257898375,NRSC VIC MODEL
Andhra Pradesh,Vizianagaram,2025-04-17,2025,04,0.0,NRSC VIC MODEL
Andhra Pradesh,Vizianagaram,2025-04-21,2025,04,0.2630567191,NRSC VIC MODEL
Andhra Pradesh,Vizianagaram,2025-04-29,2025,04,8.6489586642,NRSC VIC MODEL
Andhra Pradesh,Vizianagaram,2025-05-05,2025,05,1.2676062985,NRSC VIC MODEL
Andhra Pradesh,Vizianagaram,2025-05-17,2025,05,5.0655897265,NRSC VIC MODEL
Andhra Pradesh,Vizianagaram,2025-05-18,2025,05,2.147983197,NRSC VIC MODEL
Andhra Pradesh,Vizianagaram,2025-05-26,2025,05,12.4786338049,NRSC VIC MODEL
Andhra Pradesh,Vizianagaram,2025-05-27,2025,05,2.7805502245,NRSC VIC MODEL
Andhra Pradesh,Vizianagaram,2025-06-07,2025,06,2.6672928939,NRSC VIC MODEL
Andhra Pradesh,Vizianagaram,2025-06-08,2025,06,1.6903907845,NRSC VIC MODEL
Andhra Pradesh,Vizianagaram,2025-06-10,2025,06,8.1535022497,NRSC VIC MODEL
Andhra Pradesh,Vizianagaram,2025-06-13,2025,06,2.9106348528,NRSC VIC MODEL
Andhra Pradesh,Vizianagaram,2025-06-17,2025,06,6.310483121,NRSC VIC MODEL
Andhra Pradesh,Vizianagaram,2025-06-19,2025,06,0.1487926003,NRSC VIC MODEL
Andhra Pradesh,Vizianagaram,2025-06-23,2025,06,2.958045249,NRSC VIC MODEL
Andhra Pradesh,West Godavari,2025-01-03,2025,01,8.59921e-05,NRSC VIC MODEL
Andhra Pradesh,West Godavari,2025-01-06,2025,01,0.0,NRSC VIC MODEL
Andhra Pradesh,West Godavari,2025-01-18,2025,01,0.0015314268,NRSC VIC MODEL
Andhra Pradesh,West Godavari,2025-01-21,2025,01,2.70366e-05,NRSC VIC MODEL
Andhra Pradesh,West Godavari,2025-01-27,2025,01,0.0,NRSC VIC MODEL
Andhra Pradesh,West Godavari,2025-01-31,2025,01,0.0,NRSC VIC MODEL
Andhra Pradesh,West Godavari,2025-02-02,2025,02,0.0,NRSC VIC MODEL
Andhra Pradesh,West Godavari,2025-02-06,2025,02,0.0,NRSC VIC MODEL
Andhra Pradesh,West Godavari,2025-02-26,2025,02,0.0,NRSC VIC MODEL
Andhra Pradesh,West Godavari,2025-03-01,2025,03,0.0,NRSC VIC MODEL
Andhra Pradesh,West Godavari,2025-03-17,2025,03,0.0,NRSC VIC MODEL
Andhra Pradesh,West Godavari,2025-03-20,2025,03,0.0,NRSC VIC MODEL
Andhra Pradesh,West Godavari,2025-03-28,2025,03,5.47413e-05,NRSC VIC MODEL
Andhra Pradesh,West Godavari,2025-03-29,2025,03,0.0114314866,NRSC VIC MODEL
Andhra Pradesh,West Godavari,2025-04-09,2025,04,0.0902740426,NRSC VIC MODEL
Andhra Pradesh,West Godavari,2025-04-10,2025,04,0.6407051328,NRSC VIC MODEL
Andhra Pradesh,West Godavari,2025-04-24,2025,04,1.87771e-05,NRSC VIC MODEL
Andhra Pradesh,West Godavari,2025-04-27,2025,04,0.0046604868,NRSC VIC MODEL
Andhra Pradesh,West Godavari,2025-04-28,2025,04,0.0002713597,NRSC VIC MODEL
Andhra Pradesh,West Godavari,2025-05-02,2025,05,6.1842920652,NRSC VIC MODEL
Andhra Pradesh,West Godavari,2025-05-05,2025,05,34.0132879171,NRSC VIC MODEL
Andhra Pradesh,West Godavari,2025-05-15,2025,05,9.8656726744,NRSC VIC MODEL
Andhra Pradesh,West Godavari,2025-05-19,2025,05,3.8487968839,NRSC VIC MODEL
Andhra Pradesh,West Godavari,2025-05-23,2025,05,9.6899257518,NRSC VIC MODEL
Andhra Pradesh,West Godavari,2025-06-02,2025,06,0.0003210105,NRSC VIC MODEL
Andhra Pradesh,West Godavari,2025-06-04,2025,06,0.7242747975,NRSC VIC MODEL
Andhra Pradesh,West Godavari,2025-06-06,2025,06,0.0085421124,NRSC VIC MODEL
Andhra Pradesh,West Godavari,2025-06-07,2025,06,0.4383198868,NRSC VIC MODEL
Andhra Pradesh,West Godavari,2025-06-08,2025,06,0.543815878,NRSC VIC MODEL
Andhra Pradesh,West Godavari,2025-06-09,2025,06,0.2394001379,NRSC VIC MODEL
Andhra Pradesh,West Godavari,2025-06-14,2025,06,5.6321177633,NRSC VIC MODEL
Andhra Pradesh,West Godavari,2025-06-16,2025,06,0.5701221491,NRSC VIC MODEL
Andhra Pradesh,Y.S.R.,2025-01-03,2025,01,0.0080728053,NRSC VIC MODEL
Andhra Pradesh,Y.S.R.,2025-01-04,2025,01,0.0,NRSC VIC MODEL
Andhra Pradesh,Y.S.R.,2025-01-14,2025,01,0.559908615,NRSC VIC MODEL
Andhra Pradesh,Y.S.R.,2025-01-12,2025,01,0.0055363649,NRSC VIC MODEL
Andhra Pradesh,Y.S.R.,2025-01-16,2025,01,8.68843e-05,NRSC VIC MODEL
Andhra Pradesh,Y.S.R.,2025-01-26,2025,01,0.0278299443,NRSC VIC MODEL
Andhra Pradesh,Y.S.R.,2025-01-27,2025,01,0.0170660341,NRSC VIC MODEL
Andhra Pradesh,Y.S.R.,2025-01-28,2025,01,5.72948e-05,NRSC VIC MODEL
Andhra Pradesh,Y.S.R.,2025-01-31,2025,01,0.0,NRSC VIC MODEL
Andhra Pradesh,Y.S.R.,2025-02-08,2025,02,0.0,NRSC VIC MODEL
Andhra Pradesh,Y.S.R.,2025-02-25,2025,02,0.0,NRSC VIC MODEL
Andhra Pradesh,Y.S.R.,2025-02-26,2025,02,4.14632e-05,NRSC VIC MODEL
Andhra Pradesh,Y.S.R.,2025-03-01,2025,03,0.0125497087,NRSC VIC MODEL
Andhra Pradesh,Y.S.R.,2025-03-03,2025,03,0.0,NRSC VIC MODEL
Andhra Pradesh,Y.S.R.,2025-03-09,2025,03,0.0,NRSC VIC MODEL
Andhra Pradesh,Y.S.R.,2025-03-11,2025,03,0.0,NRSC VIC MODEL
Andhra Pradesh,Y.S.R.,2025-03-12,2025,03,0.0047273963,NRSC VIC MODEL
Andhra Pradesh,Y.S.R.,2025-03-13,2025,03,0.0,NRSC VIC MODEL
Andhra Pradesh,Y.S.R.,2025-03-18,2025,03,0.0,NRSC VIC MODEL
Andhra Pradesh,Anantapur,2025-01-04,2025,01,0.0,NRSC VIC MODEL
Andhra Pradesh,Anantapur,2025-01-08,2025,01,0.0,NRSC VIC MODEL
Andhra Pradesh,Anantapur,2025-01-11,2025,01,0.0,NRSC VIC MODEL
Andhra Pradesh,Anantapur,2025-01-15,2025,01,0.0,NRSC VIC MODEL
Andhra Pradesh,Anantapur,2025-01-18,2025,01,0.0,NRSC VIC MODEL
Andhra Pradesh,Anantapur,2025-01-22,2025,01,0.0,NRSC VIC MODEL
Andhra Pradesh,Anantapur,2025-02-05,2025,02,0.0006081507,NRSC VIC MODEL
Andhra Pradesh,Anantapur,2025-02-14,2025,02,0.0,NRSC VIC MODEL
Andhra Pradesh,Anantapur,2025-02-19,2025,02,0.0,NRSC VIC MODEL
Andhra Pradesh,Anantapur,2025-02-27,2025,02,0.0001726839,NRSC VIC MODEL
Andhra Pradesh,Anantapur,2025-02-28,2025,02,0.0,NRSC VIC MODEL
Andhra Pradesh,Anantapur,2025-03-02,2025,03,0.0,NRSC VIC MODEL
Andhra Pradesh,Anantapur,2025-03-16,2025,03,0.0,NRSC VIC MODEL
Andhra Pradesh,Anantapur,2025-03-17,2025,03,0.0,NRSC VIC MODEL
Andhra Pradesh,Anantapur,2025-03-21,2025,03,0.0001518511,NRSC VIC MODEL
Andhra Pradesh,Anantapur,2025-03-23,2025,03,1.2074702552,NRSC VIC MODEL
Andhra Pradesh,Anantapur,2025-03-30,2025,03,0.0,NRSC VIC MODEL
Andhra Pradesh,Anantapur,2025-04-13,2025,04,-0.0056265788,NRSC VIC MODEL
Andhra Pradesh,Anantapur,2025-04-27,2025,04,0.4453318065,NRSC VIC MODEL
Andhra Pradesh,Anantapur,2025-04-28,2025,04,9.2105859773,NRSC VIC MODEL
Andhra Pradesh,Anantapur,2025-05-04,2025,05,0.1197399631,NRSC VIC MODEL
Andhra Pradesh,Anantapur,2025-05-15,2025,05,19.1172731603,NRSC VIC MODEL
Andhra Pradesh,Anantapur,2025-05-17,2025,05,7.7045763206,NRSC VIC MODEL
Andhra Pradesh,Anantapur,2025-05-22,2025,05,6.2352837615,NRSC VIC MODEL
Andhra Pradesh,Anantapur,2025-05-27,2025,05,2.8237683112,NRSC VIC MODEL
Andhra Pradesh,Anantapur,2025-05-29,2025,05,0.2906546889,NRSC VIC MODEL
Andhra Pradesh,Anantapur,2025-06-08,2025,06,2.1075578076,NRSC VIC MODEL
Andhra Pradesh,Anantapur,2025-06-10,2025,06,3.5937983433,NRSC VIC MODEL
Andhra Pradesh,Anantapur,2025-06-23,2025,06,5.8409092517,NRSC VIC MODEL
Andhra Pradesh,Anantapur,2025-06-26,2025,06,1.2016425788,NRSC VIC MODEL
Andhra Pradesh,Anantapur,2025-06-29,2025,06,0.0297919329,NRSC VIC MODEL
Andhra Pradesh,Chittoor,2025-01-11,2025,01,0.160407794,NRSC VIC MODEL
Andhra Pradesh,Chittoor,2025-01-14,2025,01,3.1984362117,NRSC VIC MODEL
Andhra Pradesh,Chittoor,2025-01-21,2025,01,5.3838e-06,NRSC VIC MODEL
Andhra Pradesh,Chittoor,2025-01-24,2025,01,6.14898e-05,NRSC VIC MODEL
Andhra Pradesh,Chittoor,2025-01-27,2025,01,0.0,NRSC VIC MODEL
Andhra Pradesh,Chittoor,2025-02-02,2025,02,0.0,NRSC VIC MODEL
Andhra Pradesh,Chittoor,2025-02-09,2025,02,2.6919e-06,NRSC VIC MODEL
Andhra Pradesh,Chittoor,2025-02-13,2025,02,0.0,NRSC VIC MODEL
Andhra Pradesh,Chittoor,2025-03-05,2025,03,0.0208273001,NRSC VIC MODEL
Andhra Pradesh,Chittoor,2025-03-09,2025,03,0.0,NRSC VIC MODEL
Andhra Pradesh,Chittoor,2025-03-11,2025,03,0.0,NRSC VIC MODEL
Andhra Pradesh,Chittoor,2025-03-15,2025,03,0.0,NRSC VIC MODEL
Andhra Pradesh,Chittoor,2025-03-17,2025,03,0.0,NRSC VIC MODEL
Andhra Pradesh,Chittoor,2025-03-23,2025,03,1.4876972605,NRSC VIC MODEL
Andhra Pradesh,Chittoor,2025-03-24,2025,03,0.3199848892,NRSC VIC MODEL
Andhra Pradesh,Chittoor,2025-03-27,2025,03,0.0,NRSC VIC MODEL
Andhra Pradesh,Chittoor,2025-03-30,2025,03,0.0,NRSC VIC MODEL
Andhra Pradesh,Chittoor,2025-04-07,2025,04,3.23516e-05,NRSC VIC MODEL
Andhra Pradesh,Chittoor,2025-04-11,2025,04,0.894890508,NRSC VIC MODEL
Andhra Pradesh,Chittoor,2025-05-06,2025,05,0.8305412381,NRSC VIC MODEL
Andhra Pradesh,Chittoor,2025-05-07,2025,05,20.3468902984,NRSC VIC MODEL
Andhra Pradesh,Chittoor,2025-05-23,2025,05,0.3402750017,NRSC VIC MODEL
Andhra Pradesh,Chittoor,2025-05-27,2025,05,0.5934004671,NRSC VIC MODEL
Andhra Pradesh,Chittoor,2025-06-07,2025,06,0.2221410291,NRSC VIC MODEL
Andhra Pradesh,Chittoor,2025-06-11,2025,06,1.2805035429,NRSC VIC MODEL
Andhra Pradesh,Chittoor,2025-06-16,2025,06,0.2120865465,NRSC VIC MODEL
Andhra Pradesh,Chittoor,2025-06-23,2025,06,6.4537271897,NRSC VIC MODEL
Andhra Pradesh,East Godavari,2025-01-01,2025,01,0.0,NRSC VIC MODEL
Andhra Pradesh,East Godavari,2025-01-12,2025,01,0.0,NRSC VIC MODEL
Andhra Pradesh,Y.S.R.,2025-03-19,2025,03,0.0,NRSC VIC MODEL
Andhra Pradesh,Y.S.R.,2025-04-07,2025,04,0.0013439681,NRSC VIC MODEL
Andhra Pradesh,Y.S.R.,2025-04-08,2025,04,0.0015076695,NRSC VIC MODEL
Andhra Pradesh,Y.S.R.,2025-04-22,2025,04,0.0,NRSC VIC MODEL
Andhra Pradesh,Y.S.R.,2025-04-28,2025,04,0.3540885485,NRSC VIC MODEL
Andhra Pradesh,Y.S.R.,2025-04-30,2025,04,0.0006487633,NRSC VIC MODEL
Andhra Pradesh,Y.S.R.,2025-05-10,2025,05,0.0665661257,NRSC VIC MODEL
Andhra Pradesh,Y.S.R.,2025-05-15,2025,05,8.0829419461,NRSC VIC MODEL
Andhra Pradesh,Y.S.R.,2025-05-16,2025,05,3.6185569126,NRSC VIC MODEL
Andhra Pradesh,Y.S.R.,2025-05-17,2025,05,2.3743833772,NRSC VIC MODEL
Andhra Pradesh,Y.S.R.,2025-05-28,2025,05,0.1693139375,NRSC VIC MODEL
Andhra Pradesh,Y.S.R.,2025-05-29,2025,05,0.1364721563,NRSC VIC MODEL
Andhra Pradesh,Y.S.R.,2025-05-30,2025,05,4.9187487201,NRSC VIC MODEL
Andhra Pradesh,Y.S.R.,2025-05-31,2025,05,0.2945925359,NRSC VIC MODEL
Andhra Pradesh,Y.S.R.,2025-06-03,2025,06,0.3301089313,NRSC VIC MODEL
Andhra Pradesh,Y.S.R.,2025-06-07,2025,06,0.9897682677,NRSC VIC MODEL
Andhra Pradesh,Y.S.R.,2025-06-08,2025,06,0.6538909722,NRSC VIC MODEL
Andhra Pradesh,Y.S.R.,2025-06-10,2025,06,0.3590109032,NRSC VIC MODEL
Andhra Pradesh,Y.S.R.,2025-06-15,2025,06,0.3751375737,NRSC VIC MODEL
Andhra Pradesh,Y.S.R.,2025-06-19,2025,06,0.477310336,NRSC VIC MODEL
Andhra Pradesh,Y.S.R.,2025-06-28,2025,06,0.303900199,NRSC VIC MODEL
Andhra Pradesh,East Godavari,2025-01-18,2025,01,0.0049687065,NRSC VIC MODEL
Andhra Pradesh,Anantapur,2025-01-06,2025,01,7.92768e-05,NRSC VIC MODEL
Andhra Pradesh,Anantapur,2025-01-09,2025,01,0.0,NRSC VIC MODEL
Andhra Pradesh,Anantapur,2025-01-14,2025,01,0.0783768162,NRSC VIC MODEL
Andhra Pradesh,Anantapur,2025-01-18,2025,01,0.0,NRSC VIC MODEL
Andhra Pradesh,Anantapur,2025-01-19,2025,01,0.0265144486,NRSC VIC MODEL
Andhra Pradesh,Anantapur,2025-01-20,2025,01,0.1230295702,NRSC VIC MODEL
Andhra Pradesh,Anantapur,2025-01-22,2025,01,0.0,NRSC VIC MODEL
Andhra Pradesh,Anantapur,2025-01-24,2025,01,0.0025712624,NRSC VIC MODEL
Andhra Pradesh,Anantapur,2025-01-28,2025,01,4.0223e-06,NRSC VIC MODEL
Andhra Pradesh,Anantapur,2025-01-29,2025,01,0.0029011558,NRSC VIC MODEL
Andhra Pradesh,Anantapur,2025-01-30,2025,01,0.0,NRSC VIC MODEL
Andhra Pradesh,Chittoor,2025-01-04,2025,01,0.0,NRSC VIC MODEL
Andhra Pradesh,Chittoor,2025-01-05,2025,01,0.0,NRSC VIC MODEL
Andhra Pradesh,Chittoor,2025-01-09,2025,01,0.0,NRSC VIC MODEL
Andhra Pradesh,Chittoor,2025-01-11,2025,01,0.160407794,NRSC VIC MODEL
Andhra Pradesh,Chittoor,2025-01-13,2025,01,0.3320588794,NRSC VIC MODEL
Andhra Pradesh,Chittoor,2025-01-22,2025,01,0.0,NRSC VIC MODEL
Andhra Pradesh,Chittoor,2025-01-23,2025,01,0.0,NRSC VIC MODEL
Andhra Pradesh,East Godavari,2025-01-01,2025,01,0.0,NRSC VIC MODEL
Andhra Pradesh,East Godavari,2025-01-12,2025,01,0.0,NRSC VIC MODEL
Andhra Pradesh,East Godavari,2025-01-13,2025,01,0.0012884996,NRSC VIC MODEL
Andhra Pradesh,East Godavari,2025-01-20,2025,01,0.0,NRSC VIC MODEL
Andhra Pradesh,East Godavari,2025-01-21,2025,01,0.0,NRSC VIC MODEL
Andhra Pradesh,Guntur,2025-01-13,2025,01,0.0,NRSC VIC MODEL
Andhra Pradesh,Guntur,2025-01-16,2025,01,2.92139e-05,NRSC VIC MODEL
Andhra Pradesh,Guntur,2025-01-20,2025,01,0.0,NRSC VIC MODEL
Andhra Pradesh,Guntur,2025-01-26,2025,01,0.0,NRSC VIC MODEL
Andhra Pradesh,Guntur,2025-01-25,2025,01,0.0,NRSC VIC MODEL
Andhra Pradesh,Guntur,2025-01-31,2025,01,0.0,NRSC VIC MODEL
Andhra Pradesh,Krishna,2025-01-09,2025,01,0.0,NRSC VIC MODEL
Andhra Pradesh,Krishna,2025-01-11,2025,01,0.0,NRSC VIC MODEL
Andhra Pradesh,Krishna,2025-01-22,2025,01,0.0,NRSC VIC MODEL
Andhra Pradesh,Krishna,2025-01-25,2025,01,0.0,NRSC VIC MODEL
Andhra Pradesh,Krishna,2025-01-28,2025,01,0.0,NRSC VIC MODEL
Andhra Pradesh,Krishna,2025-01-30,2025,01,0.0,NRSC VIC MODEL
Andhra Pradesh,Krishna,2025-01-31,2025,01,0.0,NRSC VIC MODEL
Andhra Pradesh,Kurnool,2025-01-12,2025,01,0.0073008964,NRSC VIC MODEL
Andhra Pradesh,Kurnool,2025-01-16,2025,01,0.0081925777,NRSC VIC MODEL
Andhra Pradesh,Kurnool,2025-01-20,2025,01,0.0,NRSC VIC MODEL
Andhra Pradesh,Kurnool,2025-01-30,2025,01,5.21466e-05,NRSC VIC MODEL
Andhra Pradesh,Prakasam,2025-01-06,2025,01,0.0,NRSC VIC MODEL
Andhra Pradesh,Prakasam,2025-01-10,2025,01,3.8038e-06,NRSC VIC MODEL
Andhra Pradesh,Prakasam,2025-01-13,2025,01,0.0,NRSC VIC MODEL
Andhra Pradesh,Prakasam,2025-01-15,2025,01,0.0,NRSC VIC MODEL
Andhra Pradesh,Prakasam,2025-01-27,2025,01,0.0,NRSC VIC MODEL
Andhra Pradesh,Prakasam,2025-01-31,2025,01,0.0,NRSC VIC MODEL
Andhra Pradesh,SPSR Nellore,2025-01-04,2025,01,0.0,NRSC VIC MODEL
Andhra Pradesh,SPSR Nellore,2025-01-19,2025,01,1.4397228821,NRSC VIC MODEL
Andhra Pradesh,SPSR Nellore,2025-01-26,2025,01,0.017852749,NRSC VIC MODEL
Andhra Pradesh,SPSR Nellore,2025-01-27,2025,01,0.0325028335,NRSC VIC MODEL
Andhra Pradesh,SPSR Nellore,2025-01-31,2025,01,0.0,NRSC VIC MODEL
Andhra Pradesh,Srikakulam,2025-01-06,2025,01,0.0,NRSC VIC MODEL
Andhra Pradesh,Srikakulam,2025-01-23,2025,01,0.0004058362,NRSC VIC MODEL
Andhra Pradesh,Visakhapatanam,2025-01-01,2025,01,0.0002920154,NRSC VIC MODEL
Andhra Pradesh,Visakhapatanam,2025-01-08,2025,01,0.0,NRSC VIC MODEL
Andhra Pradesh,Visakhapatanam,2025-01-21,2025,01,0.0066723124,NRSC VIC MODEL
Andhra Pradesh,Visakhapatanam,2025-01-27,2025,01,0.0,NRSC VIC MODEL
Andhra Pradesh,Vizianagaram,2025-01-01,2025,01,0.0,NRSC VIC MODEL
Andhra Pradesh,Vizianagaram,2025-01-02,2025,01,7.6938e-06,NRSC VIC MODEL
Andhra Pradesh,Vizianagaram,2025-01-07,2025,01,0.0,NRSC VIC MODEL
Andhra Pradesh,Vizianagaram,2025-01-08,2025,01,0.0,NRSC VIC MODEL
Andhra Pradesh,Vizianagaram,2025-01-11,2025,01,0.0,NRSC VIC MODEL
Andhra Pradesh,Vizianagaram,2025-01-12,2025,01,1.92345e-05,NRSC VIC MODEL
Andhra Pradesh,Vizianagaram,2025-01-13,2025,01,0.0,NRSC VIC MODEL
Andhra Pradesh,Vizianagaram,2025-01-15,2025,01,0.0,NRSC VIC MODEL
Andhra Pradesh,Vizianagaram,2025-01-22,2025,01,0.0,NRSC VIC MODEL
Andhra Pradesh,Vizianagaram,2025-01-24,2025,01,0.0,NRSC VIC MODEL
Andhra Pradesh,Vizianagaram,2025-01-26,2025,01,0.0,NRSC VIC MODEL
Andhra Pradesh,Vizianagaram,2025-01-25,2025,01,0.0,NRSC VIC MODEL
Andhra Pradesh,Vizianagaram,2025-01-30,2025,01,0.0,NRSC VIC MODEL
Andhra Pradesh,West Godavari,2025-01-05,2025,01,0.0015886231,NRSC VIC MODEL
Andhra Pradesh,West Godavari,2025-01-08,2025,01,0.0,NRSC VIC MODEL
Andhra Pradesh,West Godavari,2025-01-10,2025,01,0.0018781224,NRSC VIC MODEL
Andhra Pradesh,West Godavari,2025-01-11,2025,01,0.0,NRSC VIC MODEL
Andhra Pradesh,West Godavari,2025-01-17,2025,01,0.0,NRSC VIC MODEL
Andhra Pradesh,West Godavari,2025-01-18,2025,01,0.0015314268,NRSC VIC MODEL
Andhra Pradesh,West Godavari,2025-01-29,2025,01,5.00612e-05,NRSC VIC MODEL
Andhra Pradesh,Y.S.R.,2025-01-01,2025,01,0.0,NRSC VIC MODEL
Andhra Pradesh,Y.S.R.,2025-01-03,2025,01,0.0080728053,NRSC VIC MODEL
Andhra Pradesh,Y.S.R.,2025-01-08,2025,01,0.0,NRSC VIC MODEL
Andhra Pradesh,Y.S.R.,2025-01-13,2025,01,0.0080251428,NRSC VIC MODEL
Andhra Pradesh,Y.S.R.,2025-01-17,2025,01,0.0049119476,NRSC VIC MODEL
Andhra Pradesh,Y.S.R.,2025-01-20,2025,01,0.071363415,NRSC VIC MODEL
Andhra Pradesh,Y.S.R.,2025-01-25,2025,01,0.0017424658,NRSC VIC MODEL
Andhra Pradesh,Y.S.R.,2025-01-29,2025,01,0.0102087124,NRSC VIC MODEL
Andhra Pradesh,Y.S.R.,2025-01-31,2025,01,0.0,NRSC VIC MODEL
Andhra Pradesh,Anantapur,2025-02-06,2025,02,0.0,NRSC VIC MODEL
Andhra Pradesh,Chittoor,2025-02-01,2025,02,0.0,NRSC VIC MODEL
Andhra Pradesh,Chittoor,2025-02-07,2025,02,0.0,NRSC VIC MODEL
Andhra Pradesh,Chittoor,2025-02-23,2025,02,0.0,NRSC VIC MODEL
Andhra Pradesh,Chittoor,2025-02-26,2025,02,0.0,NRSC VIC MODEL
Andhra Pradesh,East Godavari,2025-02-01,2025,02,0.0002165312,NRSC VIC MODEL
Andhra Pradesh,East Godavari,2025-02-07,2025,02,0.0,NRSC VIC MODEL
Andhra Pradesh,East Godavari,2025-02-09,2025,02,0.0,NRSC VIC MODEL
Andhra Pradesh,East Godavari,2025-02-17,2025,02,0.0,NRSC VIC MODEL
Andhra Pradesh,East Godavari,2025-02-21,2025,02,0.0,NRSC VIC MODEL
Andhra Pradesh,East Godavari,2025-02-27,2025,02,0.0,NRSC VIC MODEL
Andhra Pradesh,Guntur,2025-02-07,2025,02,0.0,NRSC VIC MODEL
Andhra Pradesh,Guntur,2025-02-09,2025,02,0.0,NRSC VIC MODEL
Andhra Pradesh,Guntur,2025-02-13,2025,02,3.811e-07,NRSC VIC MODEL
Andhra Pradesh,Guntur,2025-02-16,2025,02,0.0,NRSC VIC MODEL
Andhra Pradesh,Guntur,2025-02-20,2025,02,0.0,NRSC VIC MODEL
Andhra Pradesh,Guntur,2025-02-21,2025,02,0.0,NRSC VIC MODEL
Andhra Pradesh,Krishna,2025-02-02,2025,02,0.0,NRSC VIC MODEL
Andhra Pradesh,Krishna,2025-02-27,2025,02,0.0,NRSC VIC MODEL
Andhra Pradesh,Kurnool,2025-02-15,2025,02,0.0,NRSC VIC MODEL
Andhra Pradesh,Kurnool,2025-02-16,2025,02,0.0,NRSC VIC MODEL
Andhra Pradesh,Kurnool,2025-02-17,2025,02,0.0002834734,NRSC VIC MODEL
Andhra Pradesh,Kurnool,2025-02-28,2025,02,0.0,NRSC VIC MODEL
Andhra Pradesh,Prakasam,2025-02-02,2025,02,0.0,NRSC VIC MODEL
Andhra Pradesh,Prakasam,2025-02-06,2025,02,0.0,NRSC VIC MODEL
Andhra Pradesh,Prakasam,2025-02-07,2025,02,0.0,NRSC VIC MODEL
Andhra Pradesh,Prakasam,2025-02-09,2025,02,0.0,NRSC VIC MODEL
Andhra Pradesh,Prakasam,2025-02-10,2025,02,0.0,NRSC VIC MODEL
Andhra Pradesh,Prakasam,2025-02-22,2025,02,3.3864e-06,NRSC VIC MODEL
Andhra Pradesh,Prakasam,2025-02-23,2025,02,5.644e-07,NRSC VIC MODEL
Andhra Pradesh,Prakasam,2025-02-28,2025,02,0.0,NRSC VIC MODEL
Andhra Pradesh,SPSR Nellore,2025-02-04,2025,02,0.0,NRSC VIC MODEL
Andhra Pradesh,SPSR Nellore,2025-02-09,2025,02,0.0,NRSC VIC MODEL
Andhra Pradesh,SPSR Nellore,2025-02-14,2025,02,0.0,NRSC VIC MODEL
Andhra Pradesh,SPSR Nellore,2025-02-20,2025,02,0.0,NRSC VIC MODEL
Andhra Pradesh,SPSR Nellore,2025-02-21,2025,02,0.0,NRSC VIC MODEL
Andhra Pradesh,SPSR Nellore,2025-02-22,2025,02,0.0,NRSC VIC MODEL
Andhra Pradesh,SPSR Nellore,2025-02-26,2025,02,0.0,NRSC VIC MODEL
Andhra Pradesh,Srikakulam,2025-02-02,2025,02,0.0,NRSC VIC MODEL
Andhra Pradesh,Srikakulam,2025-02-03,2025,02,0.0,NRSC VIC MODEL
Andhra Pradesh,Srikakulam,2025-02-14,2025,02,0.0,NRSC VIC MODEL
Andhra Pradesh,Srikakulam,2025-02-15,2025,02,0.0,NRSC VIC MODEL
Andhra Pradesh,Srikakulam,2025-02-19,2025,02,0.0,NRSC VIC MODEL
Andhra Pradesh,Srikakulam,2025-02-20,2025,02,0.0011644516,NRSC VIC MODEL
Andhra Pradesh,Srikakulam,2025-02-22,2025,02,0.0023510386,NRSC VIC MODEL
Andhra Pradesh,Srikakulam,2025-02-26,2025,02,0.0,NRSC VIC MODEL
Andhra Pradesh,Visakhapatanam,2025-02-09,2025,02,0.0,NRSC VIC MODEL
Andhra Pradesh,Visakhapatanam,2025-02-10,2025,02,0.0,NRSC VIC MODEL
Andhra Pradesh,Visakhapatanam,2025-02-21,2025,02,0.0137700673,NRSC VIC MODEL
Andhra Pradesh,Visakhapatanam,2025-02-22,2025,02,0.1958570604,NRSC VIC MODEL
Andhra Pradesh,Vizianagaram,2025-02-02,2025,02,1.36816e-05,NRSC VIC MODEL
Andhra Pradesh,Vizianagaram,2025-02-06,2025,02,0.0,NRSC VIC MODEL
Andhra Pradesh,Vizianagaram,2025-02-07,2025,02,0.0,NRSC VIC MODEL
Andhra Pradesh,Vizianagaram,2025-02-10,2025,02,0.0,NRSC VIC MODEL
Andhra Pradesh,Vizianagaram,2025-02-13,2025,02,0.0,NRSC VIC MODEL
Andhra Pradesh,Vizianagaram,2025-02-24,2025,02,0.0,NRSC VIC MODEL
Andhra Pradesh,West Godavari,2025-02-03,2025,02,0.0,NRSC VIC MODEL
Andhra Pradesh,West Godavari,2025-02-14,2025,02,0.0,NRSC VIC MODEL
Andhra Pradesh,West Godavari,2025-02-16,2025,02,0.0,NRSC VIC MODEL
Andhra Pradesh,West Godavari,2025-02-26,2025,02,0.0,NRSC VIC MODEL
Andhra Pradesh,Y.S.R.,2025-02-01,2025,02,0.0079055014,NRSC VIC MODEL
Andhra Pradesh,Y.S.R.,2025-02-25,2025,02,0.0,NRSC VIC MODEL
Andhra Pradesh,Anantapur,2025-03-01,2025,03,0.0,NRSC VIC MODEL
Andhra Pradesh,Anantapur,2025-03-11,2025,03,0.0002847448,NRSC VIC MODEL
Andhra Pradesh,Anantapur,2025-03-14,2025,03,0.0,NRSC VIC MODEL
Andhra Pradesh,Anantapur,2025-03-15,2025,03,0.0,NRSC VIC MODEL
Andhra Pradesh,Anantapur,2025-03-18,2025,03,3.40082e-05,NRSC VIC MODEL
Andhra Pradesh,Anantapur,2025-03-19,2025,03,0.0,NRSC VIC MODEL
Andhra Pradesh,Anantapur,2025-03-21,2025,03,0.0001518511,NRSC VIC MODEL
Andhra Pradesh,Anantapur,2025-03-23,2025,03,1.2074702552,NRSC VIC MODEL
Andhra Pradesh,Anantapur,2025-03-25,2025,03,0.0,NRSC VIC MODEL
Andhra Pradesh,Anantapur,2025-03-26,2025,03,0.0001878357,NRSC VIC MODEL
Andhra Pradesh,Anantapur,2025-03-29,2025,03,0.0001329202,NRSC VIC MODEL
Andhra Pradesh,Anantapur,2025-03-30,2025,03,0.0,NRSC VIC MODEL
Andhra Pradesh,Chittoor,2025-03-01,2025,03,0.0768680016,NRSC VIC MODEL
Andhra Pradesh,Chittoor,2025-03-04,2025,03,0.0019931505,NRSC VIC MODEL
Andhra Pradesh,Chittoor,2025-03-06,2025,03,0.0095336969,NRSC VIC MODEL
Andhra Pradesh,Chittoor,2025-03-07,2025,03,0.0,NRSC VIC MODEL
Andhra Pradesh,Chittoor,2025-03-14,2025,03,0.0,NRSC VIC MODEL
Andhra Pradesh,Chittoor,2025-03-16,2025,03,0.0,NRSC VIC MODEL
Andhra Pradesh,East Godavari,2025-03-04,2025,03,0.0,NRSC VIC MODEL
Andhra Pradesh,East Godavari,2025-03-05,2025,03,0.7022073813,NRSC VIC MODEL
Andhra Pradesh,East Godavari,2025-03-06,2025,03,0.00072473,NRSC VIC MODEL
Andhra Pradesh,East Godavari,2025-03-12,2025,03,0.0,NRSC VIC MODEL
Andhra Pradesh,Guntur,2025-03-05,2025,03,0.0921143302,NRSC VIC MODEL
Andhra Pradesh,Guntur,2025-03-10,2025,03,0.0391441607,NRSC VIC MODEL
Andhra Pradesh,Guntur,2025-03-15,2025,03,0.0,NRSC VIC MODEL
Andhra Pradesh,Guntur,2025-03-18,2025,03,0.0,NRSC VIC MODEL
Andhra Pradesh,Guntur,2025-03-26,2025,03,0.0,NRSC VIC MODEL
Andhra Pradesh,Krishna,2025-03-11,2025,03,0.0,NRSC VIC MODEL
Andhra Pradesh,Krishna,2025-03-16,2025,03,0.0,NRSC VIC MODEL
Andhra Pradesh,Krishna,2025-03-22,2025,03,0.2971256722,NRSC VIC MODEL
Andhra Pradesh,Krishna,2025-03-29,2025,03,0.0624383792,NRSC VIC MODEL
Andhra Pradesh,Krishna,2025-03-30,2025,03,0.0,NRSC VIC MODEL
Andhra Pradesh,Krishna,2025-03-31,2025,03,0.002530434,NRSC VIC MODEL
Andhra Pradesh,Kurnool,2025-03-01,2025,03,0.0,NRSC VIC MODEL
Andhra Pradesh,Kurnool,2025-03-04,2025,03,0.0077213351,NRSC VIC MODEL
Andhra Pradesh,Kurnool,2025-03-09,2025,03,0.0,NRSC VIC MODEL
Andhra Pradesh,Kurnool,2025-03-22,2025,03,0.0793709043,NRSC VIC MODEL
Andhra Pradesh,Kurnool,2025-03-28,2025,03,0.0,NRSC VIC MODEL
Andhra Pradesh,Kurnool,2025-03-29,2025,03,0.0,NRSC VIC MODEL
Andhra Pradesh,Kurnool,2025-03-30,2025,03,0.0,NRSC VIC MODEL
Andhra Pradesh,Prakasam,2025-03-08,2025,03,0.0,NRSC VIC MODEL
Andhra Pradesh,Prakasam,2025-03-11,2025,03,0.0,NRSC VIC MODEL
Andhra Pradesh,Prakasam,2025-03-15,2025,03,0.0,NRSC VIC MODEL
Andhra Pradesh,Prakasam,2025-03-16,2025,03,0.0,NRSC VIC MODEL
Andhra Pradesh,Prakasam,2025-03-24,2025,03,0.0019190777,NRSC VIC MODEL
Andhra Pradesh,Prakasam,2025-03-29,2025,03,0.0,NRSC VIC MODEL
Andhra Pradesh,Prakasam,2025-03-31,2025,03,0.0001117799,NRSC VIC MODEL
Andhra Pradesh,SPSR Nellore,2025-03-05,2025,03,0.039300037,NRSC VIC MODEL
Andhra Pradesh,SPSR Nellore,2025-03-15,2025,03,0.0,NRSC VIC MODEL
Andhra Pradesh,SPSR Nellore,2025-03-16,2025,03,0.0,NRSC VIC MODEL
Andhra Pradesh,SPSR Nellore,2025-03-28,2025,03,0.0,NRSC VIC MODEL
Andhra Pradesh,SPSR Nellore,2025-03-29,2025,03,0.0004090765,NRSC VIC MODEL
Andhra Pradesh,Srikakulam,2025-03-04,2025,03,0.0,NRSC VIC MODEL
Andhra Pradesh,Srikakulam,2025-03-08,2025,03,0.0,NRSC VIC MODEL
Andhra Pradesh,Srikakulam,2025-03-14,2025,03,0.0,NRSC VIC MODEL
Andhra Pradesh,Srikakulam,2025-03-19,2025,03,0.0,NRSC VIC MODEL
Andhra Pradesh,Srikakulam,2025-03-28,2025,03,0.0,NRSC VIC MODEL
Andhra Pradesh,Srikakulam,2025-03-30,2025,03,1.45284e-05,NRSC VIC MODEL
Andhra Pradesh,Visakhapatanam,2025-03-03,2025,03,0.0875991621,NRSC VIC MODEL
Andhra Pradesh,Visakhapatanam,2025-03-05,2025,03,0.2086897984,NRSC VIC MODEL
Andhra Pradesh,Visakhapatanam,2025-03-06,2025,03,0.0298531274,NRSC VIC MODEL
Andhra Pradesh,Visakhapatanam,2025-03-12,2025,03,0.0,NRSC VIC MODEL
Andhra Pradesh,Visakhapatanam,2025-03-13,2025,03,0.0,NRSC VIC MODEL
Andhra Pradesh,Visakhapatanam,2025-03-23,2025,03,1.2650711505,NRSC VIC MODEL
Andhra Pradesh,Vizianagaram,2025-03-05,2025,03,0.0059512064,NRSC VIC MODEL
Andhra Pradesh,Vizianagaram,2025-03-06,2025,03,0.0124563127,NRSC VIC MODEL
Andhra Pradesh,Vizianagaram,2025-03-10,2025,03,0.0,NRSC VIC MODEL
Andhra Pradesh,Vizianagaram,2025-03-13,2025,03,0.0,NRSC VIC MODEL
Andhra Pradesh,Vizianagaram,2025-03-15,2025,03,0.0,NRSC VIC MODEL
Andhra Pradesh,Vizianagaram,2025-03-18,2025,03,0.0,NRSC VIC MODEL
Andhra Pradesh,Vizianagaram,2025-03-20,2025,03,0.0,NRSC VIC MODEL
Andhra Pradesh,Vizianagaram,2025-03-24,2025,03,12.4198874903,NRSC VIC MODEL
Andhra Pradesh,West Godavari,2025-03-05,2025,03,0.7424462008,NRSC VIC MODEL
Andhra Pradesh,West Godavari,2025-03-07,2025,03,0.0432665527,NRSC VIC MODEL
Andhra Pradesh,West Godavari,2025-03-10,2025,03,0.0,NRSC VIC MODEL
Andhra Pradesh,West Godavari,2025-03-13,2025,03,0.0,NRSC VIC MODEL
Andhra Pradesh,West Godavari,2025-03-21,2025,03,0.0,NRSC VIC MODEL
Andhra Pradesh,West Godavari,2025-03-23,2025,03,0.0074175126,NRSC VIC MODEL
Andhra Pradesh,Y.S.R.,2025-03-08,2025,03,0.0006894156,NRSC VIC MODEL
Andhra Pradesh,Y.S.R.,2025-03-13,2025,03,0.0,NRSC VIC MODEL
Andhra Pradesh,Y.S.R.,2025-03-22,2025,03,0.0,NRSC VIC MODEL
Andhra Pradesh,Y.S.R.,2025-03-30,2025,03,0.0020951565,NRSC VIC MODEL
Andhra Pradesh,Anantapur,2025-04-05,2025,04,1.1888016783,NRSC VIC MODEL
Andhra Pradesh,Anantapur,2025-04-09,2025,04,0.043690767,NRSC VIC MODEL
Andhra Pradesh,Anantapur,2025-04-10,2025,04,0.2808646059,NRSC VIC MODEL
Andhra Pradesh,Anantapur,2025-04-24,2025,04,0.0,NRSC VIC MODEL
Andhra Pradesh,Anantapur,2025-04-28,2025,04,9.2105859773,NRSC VIC MODEL
Andhra Pradesh,Anantapur,2025-04-30,2025,04,0.0151796764,NRSC VIC MODEL
Andhra Pradesh,Chittoor,2025-04-05,2025,04,1.2902434733,NRSC VIC MODEL
Andhra Pradesh,Chittoor,2025-04-16,2025,04,1.8037252853,NRSC VIC MODEL
Andhra Pradesh,Chittoor,2025-04-23,2025,04,0.000955473,NRSC VIC MODEL
Andhra Pradesh,Chittoor,2025-04-24,2025,04,0.0,NRSC VIC MODEL
Andhra Pradesh,East Godavari,2025-04-01,2025,04,0.0880631504,NRSC VIC MODEL
Andhra Pradesh,East Godavari,2025-04-02,2025,04,0.0,NRSC VIC MODEL
Andhra Pradesh,East Godavari,2025-04-05,2025,04,0.5814515662,NRSC VIC MODEL
Andhra Pradesh,East Godavari,2025-04-08,2025,04,1.7553542597,NRSC VIC MODEL
Andhra Pradesh,East Godavari,2025-04-16,2025,04,4.7964282883,NRSC VIC MODEL
Andhra Pradesh,East Godavari,2025-04-19,2025,04,0.0,NRSC VIC MODEL
Andhra Pradesh,East Godavari,2025-04-21,2025,04,0.8720079721,NRSC VIC MODEL
Andhra Pradesh,Guntur,2025-04-04,2025,04,12.1365645356,NRSC VIC MODEL
Andhra Pradesh,Guntur,2025-04-08,2025,04,2.8312725348,NRSC VIC MODEL
Andhra Pradesh,Guntur,2025-04-10,2025,04,0.0,NRSC VIC MODEL
Andhra Pradesh,Guntur,2025-04-14,2025,04,2.3753085724,NRSC VIC MODEL
Andhra Pradesh,Guntur,2025-04-17,2025,04,0.0,NRSC VIC MODEL
Andhra Pradesh,Guntur,2025-04-21,2025,04,0.2936892124,NRSC VIC MODEL
Andhra Pradesh,Krishna,2025-04-02,2025,04,0.0,NRSC VIC MODEL
Andhra Pradesh,Krishna,2025-04-03,2025,04,0.0,NRSC VIC MODEL
Andhra Pradesh,Krishna,2025-04-04,2025,04,5.5002346481,NRSC VIC MODEL
Andhra Pradesh,Krishna,2025-04-08,2025,04,1.1237616355,NRSC VIC MODEL
Andhra Pradesh,Krishna,2025-04-10,2025,04,0.000383601,NRSC VIC MODEL
Andhra Pradesh,Krishna,2025-04-14,2025,04,12.4314523958,NRSC VIC MODEL
Andhra Pradesh,Krishna,2025-04-17,2025,04,0.0041134981,NRSC VIC MODEL
Andhra Pradesh,Krishna,2025-04-25,2025,04,0.0472502702,NRSC VIC MODEL
Andhra Pradesh,Krishna,2025-04-27,2025,04,0.0022780931,NRSC VIC MODEL
Andhra Pradesh,Krishna,2025-04-30,2025,04,0.005345467,NRSC VIC MODEL
Andhra Pradesh,Kurnool,2025-04-03,2025,04,0.1593567753,NRSC VIC MODEL
Andhra Pradesh,Kurnool,2025-04-04,2025,04,11.2788701274,NRSC VIC MODEL
Andhra Pradesh,Kurnool,2025-04-09,2025,04,0.1300148548,NRSC VIC MODEL
Andhra Pradesh,Kurnool,2025-04-17,2025,04,0.1472809544,NRSC VIC MODEL
Andhra Pradesh,Kurnool,2025-04-21,2025,04,7.2509372615,NRSC VIC MODEL
Andhra Pradesh,Kurnool,2025-04-24,2025,04,0.0,NRSC VIC MODEL
Andhra Pradesh,Kurnool,2025-04-26,2025,04,1.0051834419,NRSC VIC MODEL
Andhra Pradesh,Prakasam,2025-04-05,2025,04,0.5326169352,NRSC VIC MODEL
Andhra Pradesh,Prakasam,2025-04-15,2025,04,0.0024515388,NRSC VIC MODEL
Andhra Pradesh,Prakasam,2025-04-16,2025,04,7.7176527995,NRSC VIC MODEL
Andhra Pradesh,Prakasam,2025-04-17,2025,04,0.0703258887,NRSC VIC MODEL
Andhra Pradesh,Prakasam,2025-04-26,2025,04,0.0,NRSC VIC MODEL
Andhra Pradesh,Prakasam,2025-04-27,2025,04,0.0001712927,NRSC VIC MODEL
Andhra Pradesh,Prakasam,2025-04-29,2025,04,9.96233e-05,NRSC VIC MODEL
Andhra Pradesh,SPSR Nellore,2025-04-09,2025,04,-0.0043548541,NRSC VIC MODEL
Andhra Pradesh,SPSR Nellore,2025-04-17,2025,04,0.0,NRSC VIC MODEL
Andhra Pradesh,SPSR Nellore,2025-04-18,2025,04,0.000519875,NRSC VIC MODEL
Andhra Pradesh,SPSR Nellore,2025-04-20,2025,04,0.0001369846,NRSC VIC MODEL
Andhra Pradesh,SPSR Nellore,2025-04-28,2025,04,0.0101954638,NRSC VIC MODEL
Andhra Pradesh,Srikakulam,2025-04-08,2025,04,0.0,NRSC VIC MODEL
Andhra Pradesh,Srikakulam,2025-04-13,2025,04,0.3070848464,NRSC VIC MODEL
Andhra Pradesh,Srikakulam,2025-04-14,2025,04,0.136693183,NRSC VIC MODEL
Andhra Pradesh,Srikakulam,2025-04-15,2025,04,0.0034603191,NRSC VIC MODEL
Andhra Pradesh,Srikakulam,2025-04-24,2025,04,0.0002479943,NRSC VIC MODEL
Andhra Pradesh,Srikakulam,2025-04-26,2025,04,4.02561e-05,NRSC VIC MODEL
Andhra Pradesh,Visakhapatanam,2025-04-07,2025,04,1.0734555004,NRSC VIC MODEL
Andhra Pradesh,Visakhapatanam,2025-04-09,2025,04,0.3363303788,NRSC VIC MODEL
Andhra Pradesh,Visakhapatanam,2025-04-17,2025,04,0.0250454143,NRSC VIC MODEL
Andhra Pradesh,Visakhapatanam,2025-04-24,2025,04,2.1372935288,NRSC VIC MODEL
Andhra Pradesh,Vizianagaram,2025-04-09,2025,04,0.257898375,NRSC VIC MODEL
Andhra Pradesh,Vizianagaram,2025-04-14,2025,04,0.4590876361,NRSC VIC MODEL
Andhra Pradesh,Vizianagaram,2025-04-17,2025,04,0.0,NRSC VIC MODEL
Andhra Pradesh,Vizianagaram,2025-04-28,2025,04,1.3167157624,NRSC VIC MODEL
Andhra Pradesh,West Godavari,2025-04-07,2025,04,1.6223667712,NRSC VIC MODEL
Andhra Pradesh,West Godavari,2025-04-09,2025,04,0.0902740426,NRSC VIC MODEL
Andhra Pradesh,West Godavari,2025-04-13,2025,04,1.2296354206,NRSC VIC MODEL
Andhra Pradesh,West Godavari,2025-04-17,2025,04,0.0013499606,NRSC VIC MODEL
Andhra Pradesh,West Godavari,2025-04-25,2025,04,0.0,NRSC VIC MODEL
Andhra Pradesh,Y.S.R.,2025-04-10,2025,04,5.16331e-05,NRSC VIC MODEL
Andhra Pradesh,Y.S.R.,2025-04-11,2025,04,1.0625655177,NRSC VIC MODEL
Andhra Pradesh,Y.S.R.,2025-04-12,2025,04,0.6827895854,NRSC VIC MODEL
Andhra Pradesh,Y.S.R.,2025-04-13,2025,04,0.0159639167,NRSC VIC MODEL
Andhra Pradesh,Y.S.R.,2025-04-24,2025,04,0.0,NRSC VIC MODEL
Andhra Pradesh,Y.S.R.,2025-04-25,2025,04,0.3942614812,NRSC VIC MODEL
Andhra Pradesh,Anantapur,2025-05-17,2025,05,7.7045763206,NRSC VIC MODEL
Andhra Pradesh,Anantapur,2025-05-22,2025,05,6.2352837615,NRSC VIC MODEL
Andhra Pradesh,Anantapur,2025-05-24,2025,05,0.069055324,NRSC VIC MODEL
Andhra Pradesh,Anantapur,2025-05-25,2025,05,0.2052883334,NRSC VIC MODEL
Andhra Pradesh,Anantapur,2025-05-29,2025,05,0.2906546889,NRSC VIC MODEL
Andhra Pradesh,Chittoor,2025-05-01,2025,05,0.3990010264,NRSC VIC MODEL
Andhra Pradesh,Chittoor,2025-05-10,2025,05,6.8459296428,NRSC VIC MODEL
Andhra Pradesh,Chittoor,2025-05-20,2025,05,6.6940927852,NRSC VIC MODEL
Andhra Pradesh,East Godavari,2025-05-02,2025,05,8.2167791773,NRSC VIC MODEL
Andhra Pradesh,East Godavari,2025-05-08,2025,05,2.1655089041,NRSC VIC MODEL
Andhra Pradesh,East Godavari,2025-05-27,2025,05,6.7619943174,NRSC VIC MODEL
Andhra Pradesh,East Godavari,2025-05-28,2025,05,33.3047513805,NRSC VIC MODEL
Andhra Pradesh,Guntur,2025-05-09,2025,05,5.8555291964,NRSC VIC MODEL
Andhra Pradesh,Guntur,2025-05-10,2025,05,0.0269536761,NRSC VIC MODEL
Andhra Pradesh,Guntur,2025-05-25,2025,05,26.3713151367,NRSC VIC MODEL
Andhra Pradesh,Guntur,2025-05-30,2025,05,4.8559309287,NRSC VIC MODEL
Andhra Pradesh,Krishna,2025-05-15,2025,05,2.7546996967,NRSC VIC MODEL
Andhra Pradesh,Krishna,2025-05-17,2025,05,1.5415852525,NRSC VIC MODEL
Andhra Pradesh,Krishna,2025-05-20,2025,05,16.3625328957,NRSC VIC MODEL
Andhra Pradesh,Krishna,2025-05-29,2025,05,1.3488672593,NRSC VIC MODEL
Andhra Pradesh,Kurnool,2025-05-06,2025,05,0.0027260701,NRSC VIC MODEL
Andhra Pradesh,Kurnool,2025-05-20,2025,05,3.0209587012,NRSC VIC MODEL
Andhra Pradesh,Prakasam,2025-05-03,2025,05,5.9289869262,NRSC VIC MODEL
Andhra Pradesh,Prakasam,2025-05-08,2025,05,0.8525779017,NRSC VIC MODEL
Andhra Pradesh,Prakasam,2025-05-22,2025,05,21.07856964,NRSC VIC MODEL
Andhra Pradesh,Prakasam,2025-05-28,2025,05,3.4082543704,NRSC VIC MODEL
Andhra Pradesh,SPSR Nellore,2025-05-02,2025,05,1.4265175477,NRSC VIC MODEL
Andhra Pradesh,SPSR Nellore,2025-05-08,2025,05,0.7455922233,NRSC VIC MODEL
Andhra Pradesh,SPSR Nellore,2025-05-10,2025,05,0.0415052581,NRSC VIC MODEL
Andhra Pradesh,SPSR Nellore,2025-05-22,2025,05,10.6702750073,NRSC VIC MODEL
Andhra Pradesh,SPSR Nellore,2025-05-25,2025,05,0.1791054056,NRSC VIC MODEL
Andhra Pradesh,SPSR Nellore,2025-05-28,2025,05,0.0738757244,NRSC VIC MODEL
Andhra Pradesh,Srikakulam,2025-05-02,2025,05,16.5947414835,NRSC VIC MODEL
Andhra Pradesh,Srikakulam,2025-05-03,2025,05,0.0,NRSC VIC MODEL
Andhra Pradesh,Srikakulam,2025-05-07,2025,05,0.1880451286,NRSC VIC MODEL
Andhra Pradesh,Srikakulam,2025-05-21,2025,05,5.107719974,NRSC VIC MODEL
Andhra Pradesh,Srikakulam,2025-05-23,2025,05,4.9728621104,NRSC VIC MODEL
Andhra Pradesh,Srikakulam,2025-05-30,2025,05,1.3061436359,NRSC VIC MODEL
Andhra Pradesh,Visakhapatanam,2025-05-01,2025,05,11.425032425,NRSC VIC MODEL
Andhra Pradesh,Visakhapatanam,2025-05-22,2025,05,15.886577265,NRSC VIC MODEL
Andhra Pradesh,Vizianagaram,2025-05-24,2025,05,0.3779103021,NRSC VIC MODEL
Andhra Pradesh,Vizianagaram,2025-05-31,2025,05,3.2440161379,NRSC VIC MODEL
Andhra Pradesh,West Godavari,2025-05-17,2025,05,1.5029639826,NRSC VIC MODEL
Andhra Pradesh,West Godavari,2025-05-31,2025,05,1.7976015052,NRSC VIC MODEL
Andhra Pradesh,Y.S.R.,2025-05-16,2025,05,3.6185569126,NRSC VIC MODEL
Andhra Pradesh,Y.S.R.,2025-05-17,2025,05,2.3743833772,NRSC VIC MODEL
Andhra Pradesh,Y.S.R.,2025-05-20,2025,05,7.023207297,NRSC VIC MODEL
Andhra Pradesh,Y.S.R.,2025-05-22,2025,05,7.6400325258,NRSC VIC MODEL
Andhra Pradesh,Y.S.R.,2025-05-30,2025,05,4.9187487201,NRSC VIC MODEL
Andhra Pradesh,Y.S.R.,2025-05-31,2025,05,0.2945925359,NRSC VIC MODEL
Andhra Pradesh,Anantapur,2025-06-01,2025,06,0.1223374507,NRSC VIC MODEL
Andhra Pradesh,Anantapur,2025-06-04,2025,06,0.3732377634,NRSC VIC MODEL
Andhra Pradesh,Anantapur,2025-06-07,2025,06,1.179144022,NRSC VIC MODEL
Andhra Pradesh,Anantapur,2025-06-08,2025,06,2.1075578076,NRSC VIC MODEL
Andhra Pradesh,Anantapur,2025-06-11,2025,06,4.3067477546,NRSC VIC MODEL
Andhra Pradesh,Anantapur,2025-06-14,2025,06,0.6618123289,NRSC VIC MODEL
Andhra Pradesh,Anantapur,2025-06-19,2025,06,0.4845621617,NRSC VIC MODEL
Andhra Pradesh,Chittoor,2025-06-05,2025,06,0.1012174929,NRSC VIC MODEL
Andhra Pradesh,Chittoor,2025-06-15,2025,06,1.0016663906,NRSC VIC MODEL
Andhra Pradesh,Chittoor,2025-06-16,2025,06,0.2120865465,NRSC VIC MODEL
Andhra Pradesh,Chittoor,2025-06-17,2025,06,0.0474084424,NRSC VIC MODEL
Andhra Pradesh,Chittoor,2025-06-19,2025,06,0.2477887312,NRSC VIC MODEL
Andhra Pradesh,Chittoor,2025-06-21,2025,06,2.2524354214,NRSC VIC MODEL
Andhra Pradesh,Chittoor,2025-06-23,2025,06,6.4537271897,NRSC VIC MODEL
Andhra Pradesh,Chittoor,2025-06-30,2025,06,0.3527367593,NRSC VIC MODEL
Andhra Pradesh,East Godavari,2025-06-02,2025,06,0.0021196385,NRSC VIC MODEL
Andhra Pradesh,East Godavari,2025-06-08,2025,06,1.9298197716,NRSC VIC MODEL
Andhra Pradesh,East Godavari,2025-06-13,2025,06,1.1743786155,NRSC VIC MODEL
Andhra Pradesh,East Godavari,2025-06-09,2025,06,0.1865428799,NRSC VIC MODEL
Andhra Pradesh,East Godavari,2025-06-18,2025,06,0.5803163548,NRSC VIC MODEL
Andhra Pradesh,East Godavari,2025-06-20,2025,06,0.8444238811,NRSC VIC MODEL
Andhra Pradesh,Guntur,2025-06-13,2025,06,5.3324054639,NRSC VIC MODEL
Andhra Pradesh,Guntur,2025-06-21,2025,06,0.3650942685,NRSC VIC MODEL
Andhra Pradesh,Krishna,2025-06-10,2025,06,0.0,NRSC VIC MODEL
Andhra Pradesh,Krishna,2025-06-16,2025,06,0.4838453551,NRSC VIC MODEL
Andhra Pradesh,Krishna,2025-06-23,2025,06,5.8780004109,NRSC VIC MODEL
Andhra Pradesh,Kurnool,2025-06-03,2025,06,0.2378022062,NRSC VIC MODEL
Andhra Pradesh,Kurnool,2025-06-07,2025,06,5.5971703953,NRSC VIC MODEL
Andhra Pradesh,Kurnool,2025-06-13,2025,06,0.6893936544,NRSC VIC MODEL
Andhra Pradesh,Kurnool,2025-06-15,2025,06,0.0002824618,NRSC VIC MODEL
Andhra Pradesh,Kurnool,2025-06-16,2025,06,2.2962416308,NRSC VIC MODEL
Andhra Pradesh,Kurnool,2025-06-17,2025,06,0.0463778198,NRSC VIC MODEL
Andhra Pradesh,Kurnool,2025-06-19,2025,06,0.1579614958,NRSC VIC MODEL
Andhra Pradesh,Kurnool,2025-06-20,2025,06,0.2058253564,NRSC VIC MODEL
Andhra Pradesh,Kurnool,2025-06-22,2025,06,0.5844859477,NRSC VIC MODEL
Andhra Pradesh,Kurnool,2025-06-27,2025,06,0.2194925429,NRSC VIC MODEL
Andhra Pradesh,Kurnool,2025-06-28,2025,06,0.1522408693,NRSC VIC MODEL
Andhra Pradesh,Prakasam,2025-06-03,2025,06,0.158969161,NRSC VIC MODEL
Andhra Pradesh,Prakasam,2025-06-04,2025,06,0.1390949554,NRSC VIC MODEL
Andhra Pradesh,Prakasam,2025-06-06,2025,06,0.0,NRSC VIC MODEL
Andhra Pradesh,Prakasam,2025-06-11,2025,06,0.2869920356,NRSC VIC MODEL
Andhra Pradesh,Prakasam,2025-06-15,2025,06,0.2483206722,NRSC VIC MODEL
Andhra Pradesh,Prakasam,2025-06-23,2025,06,1.9460206781,NRSC VIC MODEL
Andhra Pradesh,Prakasam,2025-06-24,2025,06,4.7854284361,NRSC VIC MODEL
Andhra Pradesh,Prakasam,2025-06-28,2025,06,0.1112843793,NRSC VIC MODEL
Andhra Pradesh,SPSR Nellore,2025-06-09,2025,06,2.30785956,NRSC VIC MODEL
Andhra Pradesh,SPSR Nellore,2025-06-14,2025,06,0.4186264656,NRSC VIC MODEL
Andhra Pradesh,SPSR Nellore,2025-06-19,2025,06,0.3107913917,NRSC VIC MODEL
Andhra Pradesh,SPSR Nellore,2025-06-23,2025,06,5.4421961223,NRSC VIC MODEL
Andhra Pradesh,SPSR Nellore,2025-06-25,2025,06,0.2721568739,NRSC VIC MODEL
Andhra Pradesh,SPSR Nellore,2025-06-29,2025,06,0.3670785387,NRSC VIC MODEL
Andhra Pradesh,SPSR Nellore,2025-06-30,2025,06,1.6335074477,NRSC VIC MODEL
Andhra Pradesh,Srikakulam,2025-06-01,2025,06,9.5800230648,NRSC VIC MODEL
Andhra Pradesh,Srikakulam,2025-06-19,2025,06,0.226395525,NRSC VIC MODEL
Andhra Pradesh,Srikakulam,2025-06-20,2025,06,1.0668870208,NRSC VIC MODEL
Andhra Pradesh,Srikakulam,2025-06-23,2025,06,1.6096567943,NRSC VIC MODEL
Andhra Pradesh,Visakhapatanam,2025-06-01,2025,06,1.4147470745,NRSC VIC MODEL
Andhra Pradesh,Visakhapatanam,2025-06-04,2025,06,0.1345536671,NRSC VIC MODEL
Andhra Pradesh,Visakhapatanam,2025-06-07,2025,06,2.169568981,NRSC VIC MODEL
Andhra Pradesh,Visakhapatanam,2025-06-08,2025,06,3.5099730749,NRSC VIC MODEL
Andhra Pradesh,Visakhapatanam,2025-06-11,2025,06,15.2241854208,NRSC VIC MODEL
Andhra Pradesh,Visakhapatanam,2025-06-24,2025,06,12.7234782643,NRSC VIC MODEL
Andhra Pradesh,Visakhapatanam,2025-06-29,2025,06,12.9583428413,NRSC VIC MODEL
Andhra Pradesh,Vizianagaram,2025-06-12,2025,06,17.2983970009,NRSC VIC MODEL
Andhra Pradesh,Vizianagaram,2025-06-13,2025,06,2.9106348528,NRSC VIC MODEL
Andhra Pradesh,Vizianagaram,2025-06-16,2025,06,4.7780807079,NRSC VIC MODEL
Andhra Pradesh,Vizianagaram,2025-06-17,2025,06,6.310483121,NRSC VIC MODEL
Andhra Pradesh,Vizianagaram,2025-06-20,2025,06,1.57768192,NRSC VIC MODEL
Andhra Pradesh,Vizianagaram,2025-06-27,2025,06,0.7273031033,NRSC VIC MODEL
Andhra Pradesh,Vizianagaram,2025-06-29,2025,06,10.39682136,NRSC VIC MODEL
Andhra Pradesh,Vizianagaram,2025-06-30,2025,06,7.2556379717,NRSC VIC MODEL
Andhra Pradesh,West Godavari,2025-06-04,2025,06,0.7242747975,NRSC VIC MODEL
Andhra Pradesh,West Godavari,2025-06-07,2025,06,0.4383198868,NRSC VIC MODEL
Andhra Pradesh,West Godavari,2025-06-08,2025,06,0.543815878,NRSC VIC MODEL
Andhra Pradesh,West Godavari,2025-06-10,2025,06,0.0001678247,NRSC VIC MODEL
Andhra Pradesh,West Godavari,2025-06-12,2025,06,2.3136931461,NRSC VIC MODEL
Andhra Pradesh,West Godavari,2025-06-09,2025,06,0.2394001379,NRSC VIC MODEL
Andhra Pradesh,West Godavari,2025-06-20,2025,06,0.1116924312,NRSC VIC MODEL
Andhra Pradesh,West Godavari,2025-06-22,2025,06,20.6328202677,NRSC VIC MODEL
Andhra Pradesh,Y.S.R.,2025-06-02,2025,06,0.1046455134,NRSC VIC MODEL
Andhra Pradesh,Y.S.R.,2025-06-11,2025,06,2.7592290825,NRSC VIC MODEL
Andhra Pradesh,Y.S.R.,2025-06-12,2025,06,3.1404409198,NRSC VIC MODEL
Andhra Pradesh,Y.S.R.,2025-06-18,2025,06,0.7363736613,NRSC VIC MODEL
Andhra Pradesh,Y.S.R.,2025-06-25,2025,06,0.1774022508,NRSC VIC MODEL
Andhra Pradesh,Y.S.R.,2025-03-21,2025,03,0.0039301836,NRSC VIC MODEL
Andhra Pradesh,Y.S.R.,2025-03-22,2025,03,0.0,NRSC VIC MODEL
Andhra Pradesh,Y.S.R.,2025-03-24,2025,03,0.028777856,NRSC VIC MODEL
Andhra Pradesh,Y.S.R.,2025-03-26,2025,03,0.0055281215,NRSC VIC MODEL
Andhra Pradesh,Y.S.R.,2025-03-28,2025,03,0.0,NRSC VIC MODEL
Andhra Pradesh,Y.S.R.,2025-04-05,2025,04,0.6237772964,NRSC VIC MODEL
Andhra Pradesh,Y.S.R.,2025-04-09,2025,04,0.0517456381,NRSC VIC MODEL
Andhra Pradesh,Y.S.R.,2025-04-11,2025,04,1.0625655177,NRSC VIC MODEL
Andhra Pradesh,Y.S.R.,2025-04-17,2025,04,0.0190107934,NRSC VIC MODEL
Andhra Pradesh,Y.S.R.,2025-04-19,2025,04,0.0032809013,NRSC VIC MODEL
Andhra Pradesh,Y.S.R.,2025-04-21,2025,04,0.7977043328,NRSC VIC MODEL
Andhra Pradesh,Y.S.R.,2025-05-01,2025,05,2.2571361173,NRSC VIC MODEL
Andhra Pradesh,Y.S.R.,2025-05-05,2025,05,0.239302399,NRSC VIC MODEL
Andhra Pradesh,Y.S.R.,2025-05-09,2025,05,3.4953542117,NRSC VIC MODEL
Andhra Pradesh,Y.S.R.,2025-05-20,2025,05,7.023207297,NRSC VIC MODEL
Andhra Pradesh,Y.S.R.,2025-05-23,2025,05,0.2488307919,NRSC VIC MODEL
Andhra Pradesh,Y.S.R.,2025-06-06,2025,06,0.0055307774,NRSC VIC MODEL
Andhra Pradesh,Y.S.R.,2025-06-09,2025,06,1.0219096606,NRSC VIC MODEL
Andhra Pradesh,Y.S.R.,2025-06-21,2025,06,0.9654594826,NRSC VIC MODEL
Andhra Pradesh,Y.S.R.,2025-06-26,2025,06,2.3520815006,NRSC VIC MODEL
Andhra Pradesh,Y.S.R.,2025-06-30,2025,06,0.5245279559,NRSC VIC MODEL
Andhra Pradesh,East Godavari,2025-05-03,2025,05,0.0091905211,NRSC VIC MODEL
Andhra Pradesh,East Godavari,2025-05-18,2025,05,10.1945301851,NRSC VIC MODEL
Andhra Pradesh,East Godavari,2025-05-19,2025,05,3.0623778412,NRSC VIC MODEL
Andhra Pradesh,East Godavari,2025-05-20,2025,05,13.1364753099,NRSC VIC MODEL
Andhra Pradesh,East Godavari,2025-05-26,2025,05,7.1129201041,NRSC VIC MODEL
Andhra Pradesh,East Godavari,2025-05-31,2025,05,2.6911221593,NRSC VIC MODEL
Andhra Pradesh,East Godavari,2025-06-01,2025,06,0.3748415626,NRSC VIC MODEL
Andhra Pradesh,East Godavari,2025-06-04,2025,06,0.1314965569,NRSC VIC MODEL
Andhra Pradesh,East Godavari,2025-06-06,2025,06,0.1254442988,NRSC VIC MODEL
Andhra Pradesh,East Godavari,2025-06-10,2025,06,0.006574201,NRSC VIC MODEL
Andhra Pradesh,East Godavari,2025-06-20,2025,06,0.8444238811,NRSC VIC MODEL
Andhra Pradesh,East Godavari,2025-06-24,2025,06,10.1209258387,NRSC VIC MODEL
Andhra Pradesh,East Godavari,2025-06-25,2025,06,7.449692772,NRSC VIC MODEL
Andhra Pradesh,East Godavari,2025-06-30,2025,06,9.859866004,NRSC VIC MODEL
Andhra Pradesh,Guntur,2025-01-08,2025,01,0.0,NRSC VIC MODEL
Andhra Pradesh,Guntur,2025-01-17,2025,01,4.07524e-05,NRSC VIC MODEL
Andhra Pradesh,Guntur,2025-01-21,2025,01,8.76418e-05,NRSC VIC MODEL
Andhra Pradesh,Guntur,2025-01-26,2025,01,0.0,NRSC VIC MODEL
Andhra Pradesh,Guntur,2025-02-06,2025,02,0.0,NRSC VIC MODEL
Andhra Pradesh,Guntur,2025-02-08,2025,02,0.0,NRSC VIC MODEL
Andhra Pradesh,Guntur,2025-02-22,2025,02,0.0031638735,NRSC VIC MODEL
Andhra Pradesh,Guntur,2025-02-27,2025,02,0.0,NRSC VIC MODEL
Andhra Pradesh,Guntur,2025-03-01,2025,03,0.0,NRSC VIC MODEL
Andhra Pradesh,Guntur,2025-03-06,2025,03,0.0012319905,NRSC VIC MODEL
Andhra Pradesh,Guntur,2025-03-13,2025,03,0.0,NRSC VIC MODEL
Andhra Pradesh,Guntur,2025-03-15,2025,03,0.0,NRSC VIC MODEL
Andhra Pradesh,Guntur,2025-03-19,2025,03,0.0,NRSC VIC MODEL
Andhra Pradesh,Guntur,2025-03-25,2025,03,0.0436420084,NRSC VIC MODEL
Andhra Pradesh,Guntur,2025-04-01,2025,04,0.0005559641,NRSC VIC MODEL
Andhra Pradesh,Guntur,2025-04-04,2025,04,12.1365645356,NRSC VIC MODEL
Andhra Pradesh,Guntur,2025-04-09,2025,04,0.0061045269,NRSC VIC MODEL
Andhra Pradesh,Guntur,2025-04-19,2025,04,0.0375474735,NRSC VIC MODEL
Andhra Pradesh,Guntur,2025-04-21,2025,04,0.2936892124,NRSC VIC MODEL
Andhra Pradesh,Guntur,2025-04-23,2025,04,0.0,NRSC VIC MODEL
Andhra Pradesh,Guntur,2025-04-25,2025,04,0.0004121744,NRSC VIC MODEL
Andhra Pradesh,Guntur,2025-04-27,2025,04,0.0212202786,NRSC VIC MODEL
Andhra Pradesh,Guntur,2025-05-01,2025,05,1.0898240735,NRSC VIC MODEL
Andhra Pradesh,Guntur,2025-05-02,2025,05,2.5966022614,NRSC VIC MODEL
Andhra Pradesh,Guntur,2025-05-04,2025,05,3.5197202047,NRSC VIC MODEL
Andhra Pradesh,Guntur,2025-05-23,2025,05,0.4454693277,NRSC VIC MODEL
Andhra Pradesh,Guntur,2025-05-26,2025,05,5.3074195922,NRSC VIC MODEL
Andhra Pradesh,Guntur,2025-05-31,2025,05,0.9339048123,NRSC VIC MODEL
Andhra Pradesh,Guntur,2025-06-04,2025,06,0.0102677992,NRSC VIC MODEL
Andhra Pradesh,Guntur,2025-06-06,2025,06,0.0031534977,NRSC VIC MODEL
Andhra Pradesh,Guntur,2025-06-10,2025,06,0.0076472672,NRSC VIC MODEL
Andhra Pradesh,Guntur,2025-06-17,2025,06,0.3621981808,NRSC VIC MODEL
Andhra Pradesh,Guntur,2025-06-20,2025,06,0.1806144524,NRSC VIC MODEL
Andhra Pradesh,Guntur,2025-06-21,2025,06,0.3650942685,NRSC VIC MODEL
Andhra Pradesh,Guntur,2025-06-24,2025,06,5.9041180614,NRSC VIC MODEL
Andhra Pradesh,Guntur,2025-06-30,2025,06,5.2396168221,NRSC VIC MODEL
Andhra Pradesh,Krishna,2025-01-03,2025,01,0.0016629311,NRSC VIC MODEL
Andhra Pradesh,Krishna,2025-01-08,2025,01,0.0,NRSC VIC MODEL
Andhra Pradesh,Krishna,2025-01-15,2025,01,0.0039548805,NRSC VIC MODEL
Andhra Pradesh,Krishna,2025-01-16,2025,01,0.000105373,NRSC VIC MODEL
Andhra Pradesh,Krishna,2025-01-20,2025,01,0.0,NRSC VIC MODEL
Andhra Pradesh,Krishna,2025-01-19,2025,01,1.59868e-05,NRSC VIC MODEL
Andhra Pradesh,Krishna,2025-01-23,2025,01,0.0006620211,NRSC VIC MODEL
Andhra Pradesh,Krishna,2025-01-25,2025,01,0.0,NRSC VIC MODEL
Andhra Pradesh,Krishna,2025-01-29,2025,01,0.0059378729,NRSC VIC MODEL
Andhra Pradesh,Krishna,2025-02-08,2025,02,0.0,NRSC VIC MODEL
Andhra Pradesh,Krishna,2025-02-15,2025,02,0.0,NRSC VIC MODEL
Andhra Pradesh,Krishna,2025-02-16,2025,02,0.0,NRSC VIC MODEL
Andhra Pradesh,Krishna,2025-02-20,2025,02,0.0,NRSC VIC MODEL
Andhra Pradesh,Krishna,2025-02-22,2025,02,0.0189272679,NRSC VIC MODEL
Andhra Pradesh,Krishna,2025-03-02,2025,03,0.0,NRSC VIC MODEL
Andhra Pradesh,Krishna,2025-03-05,2025,03,0.2063728204,NRSC VIC MODEL
Andhra Pradesh,Krishna,2025-03-11,2025,03,0.0,NRSC VIC MODEL
Andhra Pradesh,Krishna,2025-04-05,2025,04,0.243550105,NRSC VIC MODEL
Andhra Pradesh,Krishna,2025-04-07,2025,04,0.2629880747,NRSC VIC MODEL
Andhra Pradesh,Krishna,2025-04-08,2025,04,1.1237616355,NRSC VIC MODEL
Andhra Pradesh,Krishna,2025-04-14,2025,04,12.4314523958,NRSC VIC MODEL
Andhra Pradesh,Krishna,2025-04-18,2025,04,0.0,NRSC VIC MODEL
Andhra Pradesh,Krishna,2025-04-27,2025,04,0.0022780931,NRSC VIC MODEL
Andhra Pradesh,Krishna,2025-05-01,2025,05,0.7708335483,NRSC VIC MODEL
Andhra Pradesh,Krishna,2025-05-02,2025,05,5.90944668,NRSC VIC MODEL
Andhra Pradesh,Krishna,2025-05-07,2025,05,5.4213675087,NRSC VIC MODEL
Andhra Pradesh,Krishna,2025-05-10,2025,05,0.457148617,NRSC VIC MODEL
Andhra Pradesh,Krishna,2025-05-30,2025,05,5.1745935975,NRSC VIC MODEL
Andhra Pradesh,Krishna,2025-06-05,2025,06,0.0229941485,NRSC VIC MODEL
Andhra Pradesh,Krishna,2025-06-08,2025,06,4.5169741595,NRSC VIC MODEL
Andhra Pradesh,Krishna,2025-06-18,2025,06,0.1419239813,NRSC VIC MODEL
Andhra Pradesh,Krishna,2025-06-19,2025,06,0.5673366547,NRSC VIC MODEL
Andhra Pradesh,Krishna,2025-06-22,2025,06,8.1646784886,NRSC VIC MODEL
Andhra Pradesh,Krishna,2025-06-28,2025,06,0.3170259857,NRSC VIC MODEL
Andhra Pradesh,Kurnool,2025-01-05,2025,01,0.0021521657,NRSC VIC MODEL
Andhra Pradesh,Kurnool,2025-01-09,2025,01,0.0,NRSC VIC MODEL
Andhra Pradesh,Kurnool,2025-01-18,2025,01,0.0,NRSC VIC MODEL
Andhra Pradesh,Kurnool,2025-01-27,2025,01,0.0169609694,NRSC VIC MODEL
Andhra Pradesh,Kurnool,2025-02-01,2025,02,0.0080300241,NRSC VIC MODEL
Andhra Pradesh,Kurnool,2025-02-03,2025,02,0.0066924,NRSC VIC MODEL
Andhra Pradesh,Kurnool,2025-02-06,2025,02,0.0,NRSC VIC MODEL
Andhra Pradesh,Kurnool,2025-02-10,2025,02,0.0063475611,NRSC VIC MODEL
Andhra Pradesh,Kurnool,2025-02-15,2025,02,0.0,NRSC VIC MODEL
Andhra Pradesh,Kurnool,2025-02-20,2025,02,0.002195172,NRSC VIC MODEL
Andhra Pradesh,Kurnool,2025-02-24,2025,02,0.0001326589,NRSC VIC MODEL
Andhra Pradesh,Kurnool,2025-03-03,2025,03,0.0,NRSC VIC MODEL
Andhra Pradesh,Kurnool,2025-03-04,2025,03,0.0077213351,NRSC VIC MODEL
Andhra Pradesh,Kurnool,2025-03-06,2025,03,0.0012907132,NRSC VIC MODEL
Andhra Pradesh,Kurnool,2025-03-08,2025,03,0.0035348767,NRSC VIC MODEL
Andhra Pradesh,Kurnool,2025-03-28,2025,03,0.0,NRSC VIC MODEL
Andhra Pradesh,Kurnool,2025-04-03,2025,04,0.1593567753,NRSC VIC MODEL
Andhra Pradesh,Kurnool,2025-04-06,2025,04,0.2786192109,NRSC VIC MODEL
Andhra Pradesh,Kurnool,2025-04-07,2025,04,0.0367429508,NRSC VIC MODEL
Andhra Pradesh,Kurnool,2025-04-10,2025,04,1.9437e-05,NRSC VIC MODEL
Andhra Pradesh,Kurnool,2025-04-13,2025,04,0.0002771135,NRSC VIC MODEL
Andhra Pradesh,Kurnool,2025-04-17,2025,04,0.1472809544,NRSC VIC MODEL
Andhra Pradesh,Kurnool,2025-04-21,2025,04,7.2509372615,NRSC VIC MODEL
Andhra Pradesh,Kurnool,2025-04-23,2025,04,0.0012680249,NRSC VIC MODEL
Andhra Pradesh,Kurnool,2025-04-25,2025,04,2.4080407939,NRSC VIC MODEL
Andhra Pradesh,Kurnool,2025-04-26,2025,04,1.0051834419,NRSC VIC MODEL
Andhra Pradesh,Kurnool,2025-05-03,2025,05,6.099564145,NRSC VIC MODEL
Andhra Pradesh,Kurnool,2025-05-17,2025,05,5.6440538646,NRSC VIC MODEL
Andhra Pradesh,Kurnool,2025-05-19,2025,05,5.2294712829,NRSC VIC MODEL
Andhra Pradesh,Kurnool,2025-05-20,2025,05,3.0209587012,NRSC VIC MODEL
Andhra Pradesh,Kurnool,2025-05-25,2025,05,0.7854288844,NRSC VIC MODEL
Andhra Pradesh,Kurnool,2025-05-29,2025,05,2.5646795538,NRSC VIC MODEL
Andhra Pradesh,Kurnool,2025-06-04,2025,06,0.3436094361,NRSC VIC MODEL
Andhra Pradesh,Kurnool,2025-06-05,2025,06,0.0545940733,NRSC VIC MODEL
Andhra Pradesh,Kurnool,2025-06-11,2025,06,0.6939320337,NRSC VIC MODEL
Andhra Pradesh,Kurnool,2025-06-13,2025,06,0.6893936544,NRSC VIC MODEL
Andhra Pradesh,Kurnool,2025-06-19,2025,06,0.1579614958,NRSC VIC MODEL
Andhra Pradesh,Kurnool,2025-06-30,2025,06,2.2580225828,NRSC VIC MODEL
Andhra Pradesh,Prakasam,2025-01-02,2025,01,0.0,NRSC VIC MODEL
Andhra Pradesh,Prakasam,2025-01-04,2025,01,0.0131037156,NRSC VIC MODEL
Andhra Pradesh,Prakasam,2025-01-15,2025,01,0.0,NRSC VIC MODEL
Andhra Pradesh,Prakasam,2025-01-23,2025,01,0.0,NRSC VIC MODEL
Andhra Pradesh,Prakasam,2025-01-27,2025,01,0.0,NRSC VIC MODEL
Andhra Pradesh,Prakasam,2025-02-03,2025,02,0.0,NRSC VIC MODEL
Andhra Pradesh,Prakasam,2025-02-05,2025,02,2.19614e-05,NRSC VIC MODEL
Andhra Pradesh,Prakasam,2025-02-09,2025,02,0.0,NRSC VIC MODEL
Andhra Pradesh,Prakasam,2025-02-15,2025,02,0.0,NRSC VIC MODEL
Andhra Pradesh,Prakasam,2025-02-19,2025,02,0.0,NRSC VIC MODEL
Andhra Pradesh,Prakasam,2025-02-20,2025,02,0.0,NRSC VIC MODEL
Andhra Pradesh,Prakasam,2025-03-05,2025,03,0.1108696348,NRSC VIC MODEL
Andhra Pradesh,Prakasam,2025-03-07,2025,03,0.0,NRSC VIC MODEL
Andhra Pradesh,Prakasam,2025-03-16,2025,03,0.0,NRSC VIC MODEL
Andhra Pradesh,Prakasam,2025-03-30,2025,03,0.0,NRSC VIC MODEL
Andhra Pradesh,Prakasam,2025-03-31,2025,03,0.0001117799,NRSC VIC MODEL
Andhra Pradesh,Prakasam,2025-04-04,2025,04,12.0257254534,NRSC VIC MODEL
Andhra Pradesh,Prakasam,2025-04-18,2025,04,0.0521163997,NRSC VIC MODEL
Andhra Pradesh,Prakasam,2025-04-21,2025,04,0.029699971,NRSC VIC MODEL
Andhra Pradesh,Prakasam,2025-04-29,2025,04,9.96233e-05,NRSC VIC MODEL
Andhra Pradesh,Prakasam,2025-05-15,2025,05,3.9072808713,NRSC VIC MODEL
Andhra Pradesh,Prakasam,2025-05-16,2025,05,12.9910045429,NRSC VIC MODEL
Andhra Pradesh,Prakasam,2025-05-21,2025,05,3.2966693515,NRSC VIC MODEL
Andhra Pradesh,Prakasam,2025-05-23,2025,05,0.0959998684,NRSC VIC MODEL
Andhra Pradesh,Prakasam,2025-05-25,2025,05,9.8137489934,NRSC VIC MODEL
Andhra Pradesh,Prakasam,2025-05-26,2025,05,14.8959685145,NRSC VIC MODEL
Andhra Pradesh,Prakasam,2025-05-31,2025,05,0.3300340107,NRSC VIC MODEL
Andhra Pradesh,Prakasam,2025-06-08,2025,06,1.5870392638,NRSC VIC MODEL
Andhra Pradesh,Prakasam,2025-06-13,2025,06,3.0597100172,NRSC VIC MODEL
Andhra Pradesh,Prakasam,2025-06-21,2025,06,1.8521324557,NRSC VIC MODEL
Andhra Pradesh,Prakasam,2025-06-26,2025,06,3.9621399774,NRSC VIC MODEL
Andhra Pradesh,SPSR Nellore,2025-01-02,2025,01,0.0,NRSC VIC MODEL
Andhra Pradesh,SPSR Nellore,2025-01-05,2025,01,0.0,NRSC VIC MODEL
Andhra Pradesh,SPSR Nellore,2025-01-06,2025,01,0.0,NRSC VIC MODEL
Andhra Pradesh,SPSR Nellore,2025-01-11,2025,01,0.1773991328,NRSC VIC MODEL
Andhra Pradesh,SPSR Nellore,2025-01-12,2025,01,7.83099e-05,NRSC VIC MODEL
Andhra Pradesh,SPSR Nellore,2025-01-22,2025,01,-0.0002612365,NRSC VIC MODEL
Andhra Pradesh,SPSR Nellore,2025-02-03,2025,02,0.0004451211,NRSC VIC MODEL
Andhra Pradesh,SPSR Nellore,2025-02-06,2025,02,0.0,NRSC VIC MODEL
Andhra Pradesh,SPSR Nellore,2025-02-08,2025,02,0.0,NRSC VIC MODEL
Andhra Pradesh,SPSR Nellore,2025-02-10,2025,02,0.0,NRSC VIC MODEL
Andhra Pradesh,SPSR Nellore,2025-02-28,2025,02,0.0061989839,NRSC VIC MODEL
Andhra Pradesh,SPSR Nellore,2025-03-05,2025,03,0.039300037,NRSC VIC MODEL
Andhra Pradesh,SPSR Nellore,2025-03-08,2025,03,0.0,NRSC VIC MODEL
Andhra Pradesh,SPSR Nellore,2025-03-10,2025,03,0.0,NRSC VIC MODEL
Andhra Pradesh,SPSR Nellore,2025-03-22,2025,03,4.74468e-05,NRSC VIC MODEL
Andhra Pradesh,SPSR Nellore,2025-03-26,2025,03,0.0,NRSC VIC MODEL
Andhra Pradesh,SPSR Nellore,2025-03-28,2025,03,0.0,NRSC VIC MODEL
Andhra Pradesh,SPSR Nellore,2025-04-13,2025,04,-0.0053560228,NRSC VIC MODEL
Andhra Pradesh,SPSR Nellore,2025-04-15,2025,04,0.0004198635,NRSC VIC MODEL
Andhra Pradesh,SPSR Nellore,2025-04-17,2025,04,0.0,NRSC VIC MODEL
Andhra Pradesh,SPSR Nellore,2025-04-18,2025,04,0.000519875,NRSC VIC MODEL
Andhra Pradesh,SPSR Nellore,2025-04-20,2025,04,0.0001369846,NRSC VIC MODEL
Andhra Pradesh,SPSR Nellore,2025-04-23,2025,04,0.0040939802,NRSC VIC MODEL
Andhra Pradesh,SPSR Nellore,2025-05-02,2025,05,1.4265175477,NRSC VIC MODEL
Andhra Pradesh,SPSR Nellore,2025-05-04,2025,05,0.0044851128,NRSC VIC MODEL
Andhra Pradesh,SPSR Nellore,2025-05-18,2025,05,4.179240248,NRSC VIC MODEL
Andhra Pradesh,SPSR Nellore,2025-05-22,2025,05,10.6702750073,NRSC VIC MODEL
Andhra Pradesh,SPSR Nellore,2025-05-23,2025,05,0.235421999,NRSC VIC MODEL
Andhra Pradesh,SPSR Nellore,2025-05-24,2025,05,0.0645737523,NRSC VIC MODEL
Andhra Pradesh,SPSR Nellore,2025-05-25,2025,05,0.1791054056,NRSC VIC MODEL
Andhra Pradesh,SPSR Nellore,2025-05-27,2025,05,0.8144562967,NRSC VIC MODEL
Andhra Pradesh,SPSR Nellore,2025-05-30,2025,05,2.3416695384,NRSC VIC MODEL
Andhra Pradesh,SPSR Nellore,2025-06-13,2025,06,4.5786427952,NRSC VIC MODEL
Andhra Pradesh,SPSR Nellore,2025-06-14,2025,06,0.4186264656,NRSC VIC MODEL
Andhra Pradesh,SPSR Nellore,2025-06-19,2025,06,0.3107913917,NRSC VIC MODEL
Andhra Pradesh,SPSR Nellore,2025-06-22,2025,06,1.165111882,NRSC VIC MODEL
Andhra Pradesh,SPSR Nellore,2025-06-25,2025,06,0.2721568739,NRSC VIC MODEL
Andhra Pradesh,SPSR Nellore,2025-06-28,2025,06,1.187695357,NRSC VIC MODEL
Andhra Pradesh,Srikakulam,2025-01-07,2025,01,0.0,NRSC VIC MODEL
Andhra Pradesh,Srikakulam,2025-01-09,2025,01,0.0,NRSC VIC MODEL
Andhra Pradesh,Srikakulam,2025-01-30,2025,01,0.0,NRSC VIC MODEL
Andhra Pradesh,Srikakulam,2025-02-02,2025,02,0.0,NRSC VIC MODEL
Andhra Pradesh,Srikakulam,2025-02-06,2025,02,0.0,NRSC VIC MODEL
Andhra Pradesh,Srikakulam,2025-02-08,2025,02,0.0575466544,NRSC VIC MODEL
Andhra Pradesh,Srikakulam,2025-02-09,2025,02,0.0,NRSC VIC MODEL
Andhra Pradesh,Srikakulam,2025-02-17,2025,02,0.0,NRSC VIC MODEL
Andhra Pradesh,Srikakulam,2025-02-21,2025,02,0.2297314546,NRSC VIC MODEL
Andhra Pradesh,Srikakulam,2025-03-02,2025,03,0.0,NRSC VIC MODEL
Andhra Pradesh,Srikakulam,2025-03-05,2025,03,0.0016869644,NRSC VIC MODEL
Andhra Pradesh,Srikakulam,2025-03-08,2025,03,0.0,NRSC VIC MODEL
Andhra Pradesh,Srikakulam,2025-03-11,2025,03,0.0,NRSC VIC MODEL
Andhra Pradesh,Srikakulam,2025-03-12,2025,03,0.0,NRSC VIC MODEL
Andhra Pradesh,Srikakulam,2025-03-18,2025,03,0.0,NRSC VIC MODEL
Andhra Pradesh,Srikakulam,2025-03-24,2025,03,14.4901410584,NRSC VIC MODEL
Andhra Pradesh,Srikakulam,2025-03-26,2025,03,0.0162764014,NRSC VIC MODEL
Andhra Pradesh,Srikakulam,2025-04-07,2025,04,0.002756323,NRSC VIC MODEL
Andhra Pradesh,Srikakulam,2025-04-09,2025,04,0.2251670594,NRSC VIC MODEL
Andhra Pradesh,Srikakulam,2025-04-14,2025,04,0.136693183,NRSC VIC MODEL
Andhra Pradesh,Srikakulam,2025-04-18,2025,04,0.0005167464,NRSC VIC MODEL
Andhra Pradesh,Srikakulam,2025-04-20,2025,04,0.0011118491,NRSC VIC MODEL
Andhra Pradesh,Srikakulam,2025-04-23,2025,04,0.0022059504,NRSC VIC MODEL
Andhra Pradesh,Srikakulam,2025-05-10,2025,05,0.0046143716,NRSC VIC MODEL
Andhra Pradesh,Srikakulam,2025-05-22,2025,05,0.2681417538,NRSC VIC MODEL
Andhra Pradesh,Srikakulam,2025-06-03,2025,06,0.1540537546,NRSC VIC MODEL
Andhra Pradesh,Srikakulam,2025-06-04,2025,06,0.3404272692,NRSC VIC MODEL
Andhra Pradesh,Srikakulam,2025-06-05,2025,06,3.3561715359,NRSC VIC MODEL
Andhra Pradesh,Srikakulam,2025-06-20,2025,06,1.0668870208,NRSC VIC MODEL
Andhra Pradesh,Visakhapatanam,2025-01-09,2025,01,0.0,NRSC VIC MODEL
Andhra Pradesh,Visakhapatanam,2025-01-11,2025,01,0.0,NRSC VIC MODEL
Andhra Pradesh,Visakhapatanam,2025-01-26,2025,01,0.0,NRSC VIC MODEL
Andhra Pradesh,Visakhapatanam,2025-01-27,2025,01,0.0,NRSC VIC MODEL
Andhra Pradesh,Visakhapatanam,2025-01-30,2025,01,0.0,NRSC VIC MODEL
Andhra Pradesh,Visakhapatanam,2025-02-08,2025,02,0.0245447101,NRSC VIC MODEL
Andhra Pradesh,Visakhapatanam,2025-02-10,2025,02,0.0,NRSC VIC MODEL
Andhra Pradesh,Visakhapatanam,2025-02-17,2025,02,0.0,NRSC VIC MODEL
Andhra Pradesh,Visakhapatanam,2025-02-24,2025,02,0.0,NRSC VIC MODEL
Andhra Pradesh,Visakhapatanam,2025-03-30,2025,03,0.8489559197,NRSC VIC MODEL
Andhra Pradesh,Visakhapatanam,2025-03-31,2025,03,1.73167e-05,NRSC VIC MODEL
Andhra Pradesh,Visakhapatanam,2025-04-12,2025,04,2.6877423468,NRSC VIC MODEL
Andhra Pradesh,Visakhapatanam,2025-04-17,2025,04,0.0250454143,NRSC VIC MODEL
Andhra Pradesh,Visakhapatanam,2025-04-19,2025,04,0.0556839514,NRSC VIC MODEL
Andhra Pradesh,Visakhapatanam,2025-05-07,2025,05,0.1683819532,NRSC VIC MODEL
Andhra Pradesh,Visakhapatanam,2025-05-08,2025,05,3.3119879906,NRSC VIC MODEL
Andhra Pradesh,Visakhapatanam,2025-05-10,2025,05,0.3104911761,NRSC VIC MODEL
Andhra Pradesh,Visakhapatanam,2025-05-17,2025,05,3.7301883811,NRSC VIC MODEL
Andhra Pradesh,Visakhapatanam,2025-05-03,2025,05,0.0240254693,NRSC VIC MODEL
Andhra Pradesh,Visakhapatanam,2025-05-18,2025,05,6.9937362178,NRSC VIC MODEL
Andhra Pradesh,Visakhapatanam,2025-05-22,2025,05,15.886577265,NRSC VIC MODEL
Andhra Pradesh,Visakhapatanam,2025-05-29,2025,05,13.29305981,NRSC VIC MODEL
Andhra Pradesh,Visakhapatanam,2025-05-30,2025,05,11.9647698898,NRSC VIC MODEL
Andhra Pradesh,Visakhapatanam,2025-06-04,2025,06,0.1345536671,NRSC VIC MODEL
Andhra Pradesh,Visakhapatanam,2025-06-05,2025,06,1.7467585248,NRSC VIC MODEL
Andhra Pradesh,Visakhapatanam,2025-06-07,2025,06,2.169568981,NRSC VIC MODEL
Andhra Pradesh,Visakhapatanam,2025-06-12,2025,06,4.1940700024,NRSC VIC MODEL
Andhra Pradesh,Visakhapatanam,2025-06-19,2025,06,0.6541510753,NRSC VIC MODEL
Andhra Pradesh,Visakhapatanam,2025-06-26,2025,06,10.0690316593,NRSC VIC MODEL
Andhra Pradesh,Vizianagaram,2025-01-01,2025,01,0.0,NRSC VIC MODEL
Andhra Pradesh,Vizianagaram,2025-01-03,2025,01,0.0,NRSC VIC MODEL
Andhra Pradesh,Vizianagaram,2025-01-05,2025,01,5.86941e-05,NRSC VIC MODEL
Andhra Pradesh,Vizianagaram,2025-01-15,2025,01,0.0,NRSC VIC MODEL
Andhra Pradesh,Vizianagaram,2025-01-31,2025,01,0.0,NRSC VIC MODEL
Andhra Pradesh,Vizianagaram,2025-02-10,2025,02,0.0,NRSC VIC MODEL
Andhra Pradesh,Vizianagaram,2025-02-18,2025,02,0.0,NRSC VIC MODEL
Andhra Pradesh,Vizianagaram,2025-02-26,2025,02,0.0001068353,NRSC VIC MODEL
Andhra Pradesh,Vizianagaram,2025-02-27,2025,02,0.0,NRSC VIC MODEL
Andhra Pradesh,Vizianagaram,2025-02-28,2025,02,0.0,NRSC VIC MODEL
Andhra Pradesh,Vizianagaram,2025-03-03,2025,03,0.014259473,NRSC VIC MODEL
Andhra Pradesh,Vizianagaram,2025-03-04,2025,03,0.0,NRSC VIC MODEL
Andhra Pradesh,Vizianagaram,2025-03-14,2025,03,0.0,NRSC VIC MODEL
Andhra Pradesh,Vizianagaram,2025-03-20,2025,03,0.0,NRSC VIC MODEL
Andhra Pradesh,Vizianagaram,2025-03-30,2025,03,0.0153384407,NRSC VIC MODEL
Andhra Pradesh,Vizianagaram,2025-04-01,2025,04,0.000249805,NRSC VIC MODEL
Andhra Pradesh,Vizianagaram,2025-04-08,2025,04,0.0843429464,NRSC VIC MODEL
Andhra Pradesh,Vizianagaram,2025-04-14,2025,04,0.4590876361,NRSC VIC MODEL
Andhra Pradesh,Vizianagaram,2025-04-28,2025,04,1.3167157624,NRSC VIC MODEL
Andhra Pradesh,Vizianagaram,2025-04-30,2025,04,14.3477348025,NRSC VIC MODEL
Andhra Pradesh,Vizianagaram,2025-05-02,2025,05,21.2201356806,NRSC VIC MODEL
Andhra Pradesh,Vizianagaram,2025-05-07,2025,05,0.0002001784,NRSC VIC MODEL
Andhra Pradesh,Vizianagaram,2025-05-09,2025,05,0.249007174,NRSC VIC MODEL
Andhra Pradesh,Vizianagaram,2025-05-16,2025,05,0.7140232984,NRSC VIC MODEL
Andhra Pradesh,Vizianagaram,2025-05-03,2025,05,1.95647e-05,NRSC VIC MODEL
Andhra Pradesh,Vizianagaram,2025-05-19,2025,05,4.7971818724,NRSC VIC MODEL
Andhra Pradesh,Vizianagaram,2025-05-21,2025,05,9.0118033813,NRSC VIC MODEL
Andhra Pradesh,Vizianagaram,2025-05-25,2025,05,0.2230357596,NRSC VIC MODEL
Andhra Pradesh,Vizianagaram,2025-05-29,2025,05,9.1743508297,NRSC VIC MODEL
Andhra Pradesh,Vizianagaram,2025-06-01,2025,06,7.2014450007,NRSC VIC MODEL
Andhra Pradesh,Vizianagaram,2025-06-02,2025,06,0.0,NRSC VIC MODEL
Andhra Pradesh,Vizianagaram,2025-06-03,2025,06,0.640057029,NRSC VIC MODEL
Andhra Pradesh,Vizianagaram,2025-06-09,2025,06,0.0423075494,NRSC VIC MODEL
Andhra Pradesh,Vizianagaram,2025-06-11,2025,06,13.8501613954,NRSC VIC MODEL
Andhra Pradesh,Vizianagaram,2025-06-14,2025,06,1.3994367849,NRSC VIC MODEL
Andhra Pradesh,Vizianagaram,2025-06-21,2025,06,0.0573118308,NRSC VIC MODEL
Andhra Pradesh,Vizianagaram,2025-06-22,2025,06,0.2645894186,NRSC VIC MODEL
Andhra Pradesh,Vizianagaram,2025-06-15,2025,06,11.4513122561,NRSC VIC MODEL
Andhra Pradesh,Vizianagaram,2025-06-25,2025,06,5.6628800294,NRSC VIC MODEL
Andhra Pradesh,West Godavari,2025-01-14,2025,01,0.0,NRSC VIC MODEL
Andhra Pradesh,West Godavari,2025-01-15,2025,01,4.79815e-05,NRSC VIC MODEL
Andhra Pradesh,West Godavari,2025-01-17,2025,01,0.0,NRSC VIC MODEL
Andhra Pradesh,West Godavari,2025-01-20,2025,01,0.0,NRSC VIC MODEL
Andhra Pradesh,West Godavari,2025-01-29,2025,01,5.00612e-05,NRSC VIC MODEL
Andhra Pradesh,West Godavari,2025-02-03,2025,02,0.0,NRSC VIC MODEL
Andhra Pradesh,West Godavari,2025-02-05,2025,02,0.0,NRSC VIC MODEL
Andhra Pradesh,West Godavari,2025-02-17,2025,02,0.0531884195,NRSC VIC MODEL
Andhra Pradesh,West Godavari,2025-02-20,2025,02,0.0,NRSC VIC MODEL
Andhra Pradesh,West Godavari,2025-02-21,2025,02,0.0,NRSC VIC MODEL
Andhra Pradesh,West Godavari,2025-02-22,2025,02,0.0874386009,NRSC VIC MODEL
Andhra Pradesh,West Godavari,2025-02-23,2025,02,0.0014000105,NRSC VIC MODEL
Andhra Pradesh,West Godavari,2025-03-07,2025,03,0.0432665527,NRSC VIC MODEL
Andhra Pradesh,West Godavari,2025-03-12,2025,03,0.0950172225,NRSC VIC MODEL
Andhra Pradesh,West Godavari,2025-03-13,2025,03,0.0,NRSC VIC MODEL
Andhra Pradesh,West Godavari,2025-03-14,2025,03,0.0,NRSC VIC MODEL
Andhra Pradesh,West Godavari,2025-03-16,2025,03,0.0,NRSC VIC MODEL
Andhra Pradesh,West Godavari,2025-04-03,2025,04,0.0,NRSC VIC MODEL
Andhra Pradesh,West Godavari,2025-04-04,2025,04,1.4028300472,NRSC VIC MODEL
Andhra Pradesh,West Godavari,2025-04-11,2025,04,2.9071608988,NRSC VIC MODEL
Andhra Pradesh,West Godavari,2025-04-14,2025,04,11.14802348,NRSC VIC MODEL
Andhra Pradesh,West Godavari,2025-04-17,2025,04,0.0013499606,NRSC VIC MODEL
Andhra Pradesh,West Godavari,2025-04-18,2025,04,0.0,NRSC VIC MODEL
Andhra Pradesh,West Godavari,2025-04-19,2025,04,0.0048744358,NRSC VIC MODEL
Andhra Pradesh,West Godavari,2025-04-21,2025,04,0.1816291202,NRSC VIC MODEL
Andhra Pradesh,West Godavari,2025-04-22,2025,04,0.0,NRSC VIC MODEL
Andhra Pradesh,West Godavari,2025-04-30,2025,04,4.7441501879,NRSC VIC MODEL
Andhra Pradesh,West Godavari,2025-05-16,2025,05,11.2382122797,NRSC VIC MODEL
Andhra Pradesh,West Godavari,2025-05-20,2025,05,12.2586386048,NRSC VIC MODEL
Andhra Pradesh,West Godavari,2025-05-21,2025,05,12.2872055546,NRSC VIC MODEL
Andhra Pradesh,West Godavari,2025-05-22,2025,05,13.6368140573,NRSC VIC MODEL
Andhra Pradesh,West Godavari,2025-05-28,2025,05,33.1291661087,NRSC VIC MODEL
Andhra Pradesh,West Godavari,2025-05-31,2025,05,1.7976015052,NRSC VIC MODEL
Andhra Pradesh,West Godavari,2025-06-01,2025,06,0.1845069998,NRSC VIC MODEL
Andhra Pradesh,West Godavari,2025-06-10,2025,06,0.0001678247,NRSC VIC MODEL
Andhra Pradesh,West Godavari,2025-06-13,2025,06,6.4790370093,NRSC VIC MODEL
Andhra Pradesh,West Godavari,2025-06-20,2025,06,0.1116924312,NRSC VIC MODEL
Andhra Pradesh,West Godavari,2025-06-24,2025,06,6.5538178658,NRSC VIC MODEL
Andhra Pradesh,West Godavari,2025-06-25,2025,06,9.054461225,NRSC VIC MODEL
Andhra Pradesh,West Godavari,2025-06-29,2025,06,2.1872195384,NRSC VIC MODEL
Andhra Pradesh,Y.S.R.,2025-01-01,2025,01,0.0,NRSC VIC MODEL
Andhra Pradesh,Y.S.R.,2025-01-19,2025,01,0.3518934508,NRSC VIC MODEL
Andhra Pradesh,Y.S.R.,2025-01-21,2025,01,0.0011650602,NRSC VIC MODEL
Andhra Pradesh,Y.S.R.,2025-01-30,2025,01,0.0,NRSC VIC MODEL
Andhra Pradesh,Y.S.R.,2025-02-03,2025,02,0.000456625,NRSC VIC MODEL
Andhra Pradesh,Y.S.R.,2025-02-06,2025,02,0.0,NRSC VIC MODEL
Andhra Pradesh,Y.S.R.,2025-02-07,2025,02,0.0,NRSC VIC MODEL
Andhra Pradesh,Y.S.R.,2025-02-13,2025,02,0.0,NRSC VIC MODEL
Andhra Pradesh,Y.S.R.,2025-02-19,2025,02,0.0,NRSC VIC MODEL
Andhra Pradesh,Y.S.R.,2025-03-06,2025,03,0.0036509896,NRSC VIC MODEL
Andhra Pradesh,Y.S.R.,2025-03-15,2025,03,0.0,NRSC VIC MODEL
Andhra Pradesh,Anantapur,2025-01-01,2025,01,0.0,NRSC VIC MODEL
Andhra Pradesh,Anantapur,2025-01-17,2025,01,0.0002550882,NRSC VIC MODEL
Andhra Pradesh,Anantapur,2025-01-20,2025,01,0.1230295702,NRSC VIC MODEL
Andhra Pradesh,Anantapur,2025-01-26,2025,01,8.12879e-05,NRSC VIC MODEL
Andhra Pradesh,Anantapur,2025-02-20,2025,02,7.31828e-05,NRSC VIC MODEL
Andhra Pradesh,Anantapur,2025-02-22,2025,02,0.0003425422,NRSC VIC MODEL
Andhra Pradesh,Anantapur,2025-03-01,2025,03,0.0,NRSC VIC MODEL
Andhra Pradesh,Anantapur,2025-03-03,2025,03,0.0,NRSC VIC MODEL
Andhra Pradesh,Anantapur,2025-03-09,2025,03,0.0,NRSC VIC MODEL
Andhra Pradesh,Anantapur,2025-03-11,2025,03,0.0002847448,NRSC VIC MODEL
Andhra Pradesh,Anantapur,2025-03-13,2025,03,0.0,NRSC VIC MODEL
Andhra Pradesh,Anantapur,2025-03-24,2025,03,0.2586237491,NRSC VIC MODEL
Andhra Pradesh,Anantapur,2025-03-26,2025,03,0.0001878357,NRSC VIC MODEL
Andhra Pradesh,Anantapur,2025-03-31,2025,03,0.0006861087,NRSC VIC MODEL
Andhra Pradesh,Anantapur,2025-04-05,2025,04,1.1888016783,NRSC VIC MODEL
Andhra Pradesh,Anantapur,2025-04-10,2025,04,0.2808646059,NRSC VIC MODEL
Andhra Pradesh,Anantapur,2025-04-11,2025,04,1.18052969,NRSC VIC MODEL
Andhra Pradesh,Anantapur,2025-04-17,2025,04,0.0557985729,NRSC VIC MODEL
Andhra Pradesh,Anantapur,2025-04-20,2025,04,0.185338546,NRSC VIC MODEL
Andhra Pradesh,Anantapur,2025-04-21,2025,04,18.2280758748,NRSC VIC MODEL
Andhra Pradesh,Anantapur,2025-05-18,2025,05,31.4033854997,NRSC VIC MODEL
Andhra Pradesh,Anantapur,2025-05-19,2025,05,10.3134235309,NRSC VIC MODEL
Andhra Pradesh,Anantapur,2025-05-25,2025,05,0.2052883334,NRSC VIC MODEL
Andhra Pradesh,Anantapur,2025-06-18,2025,06,1.3276035795,NRSC VIC MODEL
Andhra Pradesh,Anantapur,2025-06-20,2025,06,0.076531571,NRSC VIC MODEL
Andhra Pradesh,Anantapur,2025-06-22,2025,06,0.3360786507,NRSC VIC MODEL
Andhra Pradesh,Anantapur,2025-06-24,2025,06,0.8507017544,NRSC VIC MODEL
Andhra Pradesh,Anantapur,2025-06-28,2025,06,0.1133488879,NRSC VIC MODEL
Andhra Pradesh,Chittoor,2025-01-04,2025,01,0.0,NRSC VIC MODEL
Andhra Pradesh,Chittoor,2025-01-08,2025,01,0.0,NRSC VIC MODEL
Andhra Pradesh,Chittoor,2025-01-13,2025,01,0.3320588794,NRSC VIC MODEL
Andhra Pradesh,Chittoor,2025-01-18,2025,01,0.0,NRSC VIC MODEL
Andhra Pradesh,Chittoor,2025-01-19,2025,01,5.3685608192,NRSC VIC MODEL
Andhra Pradesh,Chittoor,2025-01-23,2025,01,0.0,NRSC VIC MODEL
Andhra Pradesh,Chittoor,2025-01-26,2025,01,0.0,NRSC VIC MODEL
Andhra Pradesh,Chittoor,2025-01-30,2025,01,0.0,NRSC VIC MODEL
Andhra Pradesh,Chittoor,2025-02-03,2025,02,0.0,NRSC VIC MODEL
Andhra Pradesh,Chittoor,2025-02-04,2025,02,8.0757e-06,NRSC VIC MODEL
Andhra Pradesh,Chittoor,2025-02-14,2025,02,0.0,NRSC VIC MODEL
Andhra Pradesh,Chittoor,2025-02-17,2025,02,8.0757e-06,NRSC VIC MODEL
Andhra Pradesh,Chittoor,2025-02-19,2025,02,0.0,NRSC VIC MODEL
Andhra Pradesh,Chittoor,2025-02-25,2025,02,0.0,NRSC VIC MODEL
Andhra Pradesh,Chittoor,2025-02-26,2025,02,0.0,NRSC VIC MODEL
Andhra Pradesh,Chittoor,2025-02-27,2025,02,3.82995e-05,NRSC VIC MODEL
Andhra Pradesh,Chittoor,2025-02-28,2025,02,0.0002072116,NRSC VIC MODEL
Andhra Pradesh,Chittoor,2025-03-01,2025,03,0.0768680016,NRSC VIC MODEL
Andhra Pradesh,Chittoor,2025-03-03,2025,03,0.0,NRSC VIC MODEL
Andhra Pradesh,Chittoor,2025-03-07,2025,03,0.0,NRSC VIC MODEL
Andhra Pradesh,Chittoor,2025-03-13,2025,03,0.0,NRSC VIC MODEL
Andhra Pradesh,Chittoor,2025-03-14,2025,03,0.0,NRSC VIC MODEL
Andhra Pradesh,Chittoor,2025-03-18,2025,03,5.60554e-05,NRSC VIC MODEL
Andhra Pradesh,Chittoor,2025-03-26,2025,03,0.0,NRSC VIC MODEL
Andhra Pradesh,Chittoor,2025-04-02,2025,04,0.0,NRSC VIC MODEL
Andhra Pradesh,Chittoor,2025-04-03,2025,04,0.0031372493,NRSC VIC MODEL
Andhra Pradesh,Chittoor,2025-04-16,2025,04,1.8037252853,NRSC VIC MODEL
Andhra Pradesh,Chittoor,2025-04-18,2025,04,0.9150794709,NRSC VIC MODEL
Andhra Pradesh,Chittoor,2025-04-22,2025,04,0.0,NRSC VIC MODEL
Andhra Pradesh,Chittoor,2025-04-24,2025,04,0.0,NRSC VIC MODEL
Andhra Pradesh,Chittoor,2025-04-25,2025,04,0.2510646095,NRSC VIC MODEL
Andhra Pradesh,Chittoor,2025-04-26,2025,04,2.6919e-06,NRSC VIC MODEL
Andhra Pradesh,Chittoor,2025-04-28,2025,04,0.0123669542,NRSC VIC MODEL
Andhra Pradesh,Chittoor,2025-05-01,2025,05,0.3990010264,NRSC VIC MODEL
Andhra Pradesh,Chittoor,2025-05-04,2025,05,1.438686408,NRSC VIC MODEL
Andhra Pradesh,Chittoor,2025-05-08,2025,05,8.5802026426,NRSC VIC MODEL
Andhra Pradesh,Chittoor,2025-05-10,2025,05,6.8459296428,NRSC VIC MODEL
Andhra Pradesh,Chittoor,2025-05-16,2025,05,5.3293470668,NRSC VIC MODEL
Andhra Pradesh,Chittoor,2025-05-22,2025,05,3.0348267334,NRSC VIC MODEL
Andhra Pradesh,Chittoor,2025-05-25,2025,05,0.1419115199,NRSC VIC MODEL
Andhra Pradesh,Chittoor,2025-05-29,2025,05,0.357518724,NRSC VIC MODEL
Andhra Pradesh,Chittoor,2025-06-01,2025,06,0.0208164602,NRSC VIC MODEL
Andhra Pradesh,Chittoor,2025-06-02,2025,06,0.6339040781,NRSC VIC MODEL
Andhra Pradesh,Chittoor,2025-06-04,2025,06,1.0443038995,NRSC VIC MODEL
Andhra Pradesh,East Godavari,2025-01-09,2025,01,0.0,NRSC VIC MODEL
Andhra Pradesh,East Godavari,2025-01-13,2025,01,0.0012884996,NRSC VIC MODEL
Andhra Pradesh,East Godavari,2025-01-20,2025,01,0.0,NRSC VIC MODEL
Andhra Pradesh,East Godavari,2025-01-22,2025,01,0.0,NRSC VIC MODEL
Andhra Pradesh,East Godavari,2025-01-24,2025,01,0.0,NRSC VIC MODEL
Andhra Pradesh,East Godavari,2025-01-29,2025,01,0.0,NRSC VIC MODEL
Andhra Pradesh,East Godavari,2025-01-31,2025,01,0.0,NRSC VIC MODEL
Andhra Pradesh,East Godavari,2025-02-15,2025,02,0.0,NRSC VIC MODEL
Andhra Pradesh,East Godavari,2025-02-17,2025,02,0.0,NRSC VIC MODEL
Andhra Pradesh,East Godavari,2025-02-22,2025,02,0.0730767112,NRSC VIC MODEL
Andhra Pradesh,East Godavari,2025-03-01,2025,03,0.0,NRSC VIC MODEL
Andhra Pradesh,East Godavari,2025-03-02,2025,03,0.0,NRSC VIC MODEL
Andhra Pradesh,East Godavari,2025-03-03,2025,03,0.0002741831,NRSC VIC MODEL
Andhra Pradesh,East Godavari,2025-03-11,2025,03,0.0,NRSC VIC MODEL
Andhra Pradesh,East Godavari,2025-03-15,2025,03,0.0,NRSC VIC MODEL
Andhra Pradesh,East Godavari,2025-03-17,2025,03,0.0,NRSC VIC MODEL
Andhra Pradesh,East Godavari,2025-03-28,2025,03,0.0,NRSC VIC MODEL
Andhra Pradesh,East Godavari,2025-03-29,2025,03,0.0,NRSC VIC MODEL
Andhra Pradesh,East Godavari,2025-04-02,2025,04,0.0,NRSC VIC MODEL
Andhra Pradesh,East Godavari,2025-04-03,2025,04,0.0006901846,NRSC VIC MODEL
Andhra Pradesh,East Godavari,2025-04-05,2025,04,0.5814515662,NRSC VIC MODEL
Andhra Pradesh,East Godavari,2025-04-12,2025,04,2.1966491771,NRSC VIC MODEL
Andhra Pradesh,East Godavari,2025-04-20,2025,04,0.0051539537,NRSC VIC MODEL
Andhra Pradesh,East Godavari,2025-04-26,2025,04,0.0,NRSC VIC MODEL
Andhra Pradesh,East Godavari,2025-04-27,2025,04,0.0401488496,NRSC VIC MODEL
Andhra Pradesh,East Godavari,2025-04-29,2025,04,2.8355162207,NRSC VIC MODEL
Andhra Pradesh,Anantapur,2025-02-01,2025,02,0.0003661792,NRSC VIC MODEL
Andhra Pradesh,Anantapur,2025-02-07,2025,02,0.0,NRSC VIC MODEL
Andhra Pradesh,Anantapur,2025-02-14,2025,02,0.0,NRSC VIC MODEL
Andhra Pradesh,Anantapur,2025-02-16,2025,02,0.0,NRSC VIC MODEL
Andhra Pradesh,Anantapur,2025-02-21,2025,02,0.0,NRSC VIC MODEL
Andhra Pradesh,Anantapur,2025-02-26,2025,02,0.0021837245,NRSC VIC MODEL
Andhra Pradesh,Chittoor,2025-02-05,2025,02,0.0,NRSC VIC MODEL
Andhra Pradesh,Chittoor,2025-02-17,2025,02,8.0757e-06,NRSC VIC MODEL
Andhra Pradesh,Chittoor,2025-02-20,2025,02,0.0,NRSC VIC MODEL
Andhra Pradesh,Chittoor,2025-02-21,2025,02,0.0,NRSC VIC MODEL
Andhra Pradesh,East Godavari,2025-02-02,2025,02,0.0,NRSC VIC MODEL
Andhra Pradesh,East Godavari,2025-02-05,2025,02,0.0,NRSC VIC MODEL
Andhra Pradesh,East Godavari,2025-02-23,2025,02,0.0318598283,NRSC VIC MODEL
Andhra Pradesh,East Godavari,2025-02-26,2025,02,0.0,NRSC VIC MODEL
Andhra Pradesh,Guntur,2025-02-02,2025,02,0.0,NRSC VIC MODEL
Andhra Pradesh,Guntur,2025-02-03,2025,02,0.0,NRSC VIC MODEL
Andhra Pradesh,Guntur,2025-02-04,2025,02,0.042220446,NRSC VIC MODEL
Andhra Pradesh,Guntur,2025-02-17,2025,02,0.0328660275,NRSC VIC MODEL
Andhra Pradesh,Guntur,2025-02-23,2025,02,0.000548771,NRSC VIC MODEL
Andhra Pradesh,Guntur,2025-02-28,2025,02,0.0,NRSC VIC MODEL
Andhra Pradesh,Krishna,2025-02-01,2025,02,0.010901425,NRSC VIC MODEL
Andhra Pradesh,Krishna,2025-02-03,2025,02,0.0,NRSC VIC MODEL
Andhra Pradesh,Krishna,2025-02-04,2025,02,0.0,NRSC VIC MODEL
Andhra Pradesh,Krishna,2025-02-08,2025,02,0.0,NRSC VIC MODEL
Andhra Pradesh,Krishna,2025-02-15,2025,02,0.0,NRSC VIC MODEL
Andhra Pradesh,Krishna,2025-02-21,2025,02,0.0,NRSC VIC MODEL
Andhra Pradesh,Krishna,2025-02-22,2025,02,0.0189272679,NRSC VIC MODEL
Andhra Pradesh,Kurnool,2025-02-03,2025,02,0.0066924,NRSC VIC MODEL
Andhra Pradesh,Kurnool,2025-02-10,2025,02,0.0063475611,NRSC VIC MODEL
Andhra Pradesh,Kurnool,2025-02-18,2025,02,0.0,NRSC VIC MODEL
Andhra Pradesh,Kurnool,2025-02-22,2025,02,0.0002014924,NRSC VIC MODEL
Andhra Pradesh,Kurnool,2025-02-25,2025,02,0.0,NRSC VIC MODEL
Andhra Pradesh,Kurnool,2025-02-27,2025,02,8.308e-06,NRSC VIC MODEL
Andhra Pradesh,Prakasam,2025-02-18,2025,02,0.0,NRSC VIC MODEL
Andhra Pradesh,Prakasam,2025-02-25,2025,02,0.0,NRSC VIC MODEL
Andhra Pradesh,Prakasam,2025-02-26,2025,02,5.0797e-06,NRSC VIC MODEL
Andhra Pradesh,Prakasam,2025-02-27,2025,02,0.0,NRSC VIC MODEL
Andhra Pradesh,SPSR Nellore,2025-02-01,2025,02,0.0,NRSC VIC MODEL
Andhra Pradesh,SPSR Nellore,2025-02-06,2025,02,0.0,NRSC VIC MODEL
Andhra Pradesh,SPSR Nellore,2025-02-15,2025,02,0.0,NRSC VIC MODEL
Andhra Pradesh,SPSR Nellore,2025-02-17,2025,02,0.0,NRSC VIC MODEL
Andhra Pradesh,Srikakulam,2025-02-04,2025,02,0.0,NRSC VIC MODEL
Andhra Pradesh,Srikakulam,2025-02-16,2025,02,0.0,NRSC VIC MODEL
Andhra Pradesh,Srikakulam,2025-02-17,2025,02,0.0,NRSC VIC MODEL
Andhra Pradesh,Srikakulam,2025-02-28,2025,02,0.0,NRSC VIC MODEL
Andhra Pradesh,Visakhapatanam,2025-02-02,2025,02,0.0035488605,NRSC VIC MODEL
Andhra Pradesh,Visakhapatanam,2025-02-14,2025,02,0.0,NRSC VIC MODEL
Andhra Pradesh,Visakhapatanam,2025-02-23,2025,02,0.0107787856,NRSC VIC MODEL
Andhra Pradesh,Visakhapatanam,2025-02-25,2025,02,0.0,NRSC VIC MODEL
Andhra Pradesh,Visakhapatanam,2025-02-28,2025,02,0.0,NRSC VIC MODEL
Andhra Pradesh,Vizianagaram,2025-02-04,2025,02,0.0,NRSC VIC MODEL
Andhra Pradesh,Vizianagaram,2025-02-18,2025,02,0.0,NRSC VIC MODEL
Andhra Pradesh,West Godavari,2025-02-04,2025,02,0.0,NRSC VIC MODEL
Andhra Pradesh,West Godavari,2025-02-05,2025,02,0.0,NRSC VIC MODEL
Andhra Pradesh,West Godavari,2025-02-15,2025,02,0.0,NRSC VIC MODEL
Andhra Pradesh,West Godavari,2025-02-17,2025,02,0.0531884195,NRSC VIC MODEL
Andhra Pradesh,West Godavari,2025-02-19,2025,02,9.60114e-05,NRSC VIC MODEL
Andhra Pradesh,West Godavari,2025-02-21,2025,02,0.0,NRSC VIC MODEL
Andhra Pradesh,West Godavari,2025-02-27,2025,02,0.0,NRSC VIC MODEL
Andhra Pradesh,West Godavari,2025-02-28,2025,02,0.0,NRSC VIC MODEL
Andhra Pradesh,Y.S.R.,2025-02-08,2025,02,0.0,NRSC VIC MODEL
Andhra Pradesh,Y.S.R.,2025-02-15,2025,02,0.0,NRSC VIC MODEL
Andhra Pradesh,Y.S.R.,2025-02-17,2025,02,0.0026028895,NRSC VIC MODEL
Andhra Pradesh,Y.S.R.,2025-02-18,2025,02,0.0,NRSC VIC MODEL
Andhra Pradesh,Anantapur,2025-01-01,2025,01,0.0,NRSC VIC MODEL
Andhra Pradesh,Anantapur,2025-01-02,2025,01,9.67639e-05,NRSC VIC MODEL
Andhra Pradesh,Anantapur,2025-01-03,2025,01,0.0048893568,NRSC VIC MODEL
Andhra Pradesh,Anantapur,2025-01-11,2025,01,0.0,NRSC VIC MODEL
Andhra Pradesh,Anantapur,2025-01-13,2025,01,2.846e-05,NRSC VIC MODEL
Andhra Pradesh,Anantapur,2025-01-23,2025,01,0.0004269867,NRSC VIC MODEL
Andhra Pradesh,Anantapur,2025-01-26,2025,01,8.12879e-05,NRSC VIC MODEL
Andhra Pradesh,Chittoor,2025-01-07,2025,01,0.0,NRSC VIC MODEL
Andhra Pradesh,Chittoor,2025-01-10,2025,01,0.0,NRSC VIC MODEL
Andhra Pradesh,Chittoor,2025-01-15,2025,01,0.0,NRSC VIC MODEL
Andhra Pradesh,Chittoor,2025-01-31,2025,01,2.17374e-05,NRSC VIC MODEL
Andhra Pradesh,East Godavari,2025-01-04,2025,01,0.0,NRSC VIC MODEL
Andhra Pradesh,East Godavari,2025-01-10,2025,01,0.0001175864,NRSC VIC MODEL
Andhra Pradesh,East Godavari,2025-01-16,2025,01,3.35961e-05,NRSC VIC MODEL
Andhra Pradesh,Guntur,2025-01-05,2025,01,0.0234318631,NRSC VIC MODEL
Andhra Pradesh,Guntur,2025-01-12,2025,01,0.0001072061,NRSC VIC MODEL
Andhra Pradesh,Guntur,2025-01-24,2025,01,0.0184069263,NRSC VIC MODEL
Andhra Pradesh,Krishna,2025-01-01,2025,01,7.9934e-06,NRSC VIC MODEL
Andhra Pradesh,Krishna,2025-01-03,2025,01,0.0016629311,NRSC VIC MODEL
Andhra Pradesh,Krishna,2025-01-07,2025,01,0.0062563435,NRSC VIC MODEL
Andhra Pradesh,Krishna,2025-01-15,2025,01,0.0039548805,NRSC VIC MODEL
Andhra Pradesh,Krishna,2025-01-24,2025,01,0.0084535479,NRSC VIC MODEL
Andhra Pradesh,Krishna,2025-01-29,2025,01,0.0059378729,NRSC VIC MODEL
Andhra Pradesh,Kurnool,2025-01-10,2025,01,0.0,NRSC VIC MODEL
Andhra Pradesh,Kurnool,2025-01-13,2025,01,0.0008141444,NRSC VIC MODEL
Andhra Pradesh,Kurnool,2025-01-14,2025,01,0.0,NRSC VIC MODEL
Andhra Pradesh,Kurnool,2025-01-17,2025,01,0.0056417972,NRSC VIC MODEL
Andhra Pradesh,Kurnool,2025-01-29,2025,01,0.0096280996,NRSC VIC MODEL
Andhra Pradesh,Prakasam,2025-01-02,2025,01,0.0,NRSC VIC MODEL
Andhra Pradesh,Prakasam,2025-01-04,2025,01,0.0131037156,NRSC VIC MODEL
Andhra Pradesh,Prakasam,2025-01-11,2025,01,0.0159580437,NRSC VIC MODEL
Andhra Pradesh,Prakasam,2025-01-22,2025,01,0.0,NRSC VIC MODEL
Andhra Pradesh,Prakasam,2025-01-26,2025,01,0.0061900983,NRSC VIC MODEL
Andhra Pradesh,Prakasam,2025-01-30,2025,01,0.0,NRSC VIC MODEL
Andhra Pradesh,SPSR Nellore,2025-01-07,2025,01,0.0,NRSC VIC MODEL
Andhra Pradesh,SPSR Nellore,2025-01-08,2025,01,0.0,NRSC VIC MODEL
Andhra Pradesh,SPSR Nellore,2025-01-12,2025,01,7.83099e-05,NRSC VIC MODEL
Andhra Pradesh,SPSR Nellore,2025-01-14,2025,01,1.3873163412,NRSC VIC MODEL
Andhra Pradesh,SPSR Nellore,2025-01-20,2025,01,0.0944686135,NRSC VIC MODEL
Andhra Pradesh,SPSR Nellore,2025-01-21,2025,01,0.0,NRSC VIC MODEL
Andhra Pradesh,SPSR Nellore,2025-01-22,2025,01,-0.0002612365,NRSC VIC MODEL
Andhra Pradesh,SPSR Nellore,2025-01-25,2025,01,0.0,NRSC VIC MODEL
Andhra Pradesh,SPSR Nellore,2025-01-29,2025,01,0.0004396839,NRSC VIC MODEL
Andhra Pradesh,Srikakulam,2025-01-15,2025,01,0.0,NRSC VIC MODEL
Andhra Pradesh,Srikakulam,2025-01-28,2025,01,0.0,NRSC VIC MODEL
Andhra Pradesh,Srikakulam,2025-01-31,2025,01,0.0,NRSC VIC MODEL
Andhra Pradesh,Visakhapatanam,2025-01-03,2025,01,0.0010130246,NRSC VIC MODEL
Andhra Pradesh,Visakhapatanam,2025-01-04,2025,01,0.0,NRSC VIC MODEL
Andhra Pradesh,Visakhapatanam,2025-01-05,2025,01,0.0011570779,NRSC VIC MODEL
Andhra Pradesh,Visakhapatanam,2025-01-07,2025,01,0.0,NRSC VIC MODEL
Andhra Pradesh,Visakhapatanam,2025-01-09,2025,01,0.0,NRSC VIC MODEL
Andhra Pradesh,Visakhapatanam,2025-01-14,2025,01,0.0013845684,NRSC VIC MODEL
Andhra Pradesh,Visakhapatanam,2025-01-18,2025,01,0.0280342252,NRSC VIC MODEL
Andhra Pradesh,Visakhapatanam,2025-01-20,2025,01,0.0,NRSC VIC MODEL
Andhra Pradesh,Visakhapatanam,2025-01-26,2025,01,0.0,NRSC VIC MODEL
Andhra Pradesh,Vizianagaram,2025-01-10,2025,01,0.0,NRSC VIC MODEL
Andhra Pradesh,Vizianagaram,2025-01-16,2025,01,0.0,NRSC VIC MODEL
Andhra Pradesh,Vizianagaram,2025-01-19,2025,01,0.0,NRSC VIC MODEL
Andhra Pradesh,Vizianagaram,2025-01-23,2025,01,0.0,NRSC VIC MODEL
Andhra Pradesh,Vizianagaram,2025-01-28,2025,01,0.0,NRSC VIC MODEL
Andhra Pradesh,Vizianagaram,2025-01-29,2025,01,0.0,NRSC VIC MODEL
Andhra Pradesh,West Godavari,2025-01-07,2025,01,0.0848071234,NRSC VIC MODEL
Andhra Pradesh,West Godavari,2025-01-21,2025,01,2.70366e-05,NRSC VIC MODEL
Andhra Pradesh,West Godavari,2025-01-26,2025,01,4.52633e-05,NRSC VIC MODEL
Andhra Pradesh,West Godavari,2025-01-27,2025,01,0.0,NRSC VIC MODEL
Andhra Pradesh,West Godavari,2025-01-30,2025,01,0.0,NRSC VIC MODEL
Andhra Pradesh,Y.S.R.,2025-01-11,2025,01,0.0758484919,NRSC VIC MODEL
Andhra Pradesh,Y.S.R.,2025-01-12,2025,01,0.0055363649,NRSC VIC MODEL
Andhra Pradesh,Y.S.R.,2025-01-21,2025,01,0.0011650602,NRSC VIC MODEL
Andhra Pradesh,Y.S.R.,2025-01-27,2025,01,0.0170660341,NRSC VIC MODEL
Andhra Pradesh,Anantapur,2025-03-05,2025,03,0.0048122749,NRSC VIC MODEL
Andhra Pradesh,Chittoor,2025-03-02,2025,03,-0.0077065887,NRSC VIC MODEL
Andhra Pradesh,Chittoor,2025-03-09,2025,03,0.0,NRSC VIC MODEL
Andhra Pradesh,Chittoor,2025-03-13,2025,03,0.0,NRSC VIC MODEL
Andhra Pradesh,Chittoor,2025-03-15,2025,03,0.0,NRSC VIC MODEL
Andhra Pradesh,Chittoor,2025-03-20,2025,03,0.0,NRSC VIC MODEL
Andhra Pradesh,Chittoor,2025-03-23,2025,03,1.4876972605,NRSC VIC MODEL
Andhra Pradesh,Chittoor,2025-03-24,2025,03,0.3199848892,NRSC VIC MODEL
Andhra Pradesh,Chittoor,2025-03-26,2025,03,0.0,NRSC VIC MODEL
Andhra Pradesh,East Godavari,2025-03-01,2025,03,0.0,NRSC VIC MODEL
Andhra Pradesh,East Godavari,2025-03-02,2025,03,0.0,NRSC VIC MODEL
Andhra Pradesh,East Godavari,2025-03-09,2025,03,0.0001847787,NRSC VIC MODEL
Andhra Pradesh,East Godavari,2025-03-10,2025,03,0.0,NRSC VIC MODEL
Andhra Pradesh,East Godavari,2025-03-13,2025,03,0.0,NRSC VIC MODEL
Andhra Pradesh,East Godavari,2025-03-15,2025,03,0.0,NRSC VIC MODEL
Andhra Pradesh,East Godavari,2025-03-17,2025,03,0.0,NRSC VIC MODEL
Andhra Pradesh,East Godavari,2025-03-19,2025,03,0.0,NRSC VIC MODEL
Andhra Pradesh,East Godavari,2025-03-30,2025,03,0.0468269587,NRSC VIC MODEL
Andhra Pradesh,East Godavari,2025-03-31,2025,03,0.0096704026,NRSC VIC MODEL
Andhra Pradesh,Guntur,2025-03-02,2025,03,0.0,NRSC VIC MODEL
Andhra Pradesh,Guntur,2025-03-04,2025,03,0.0,NRSC VIC MODEL
Andhra Pradesh,Guntur,2025-03-06,2025,03,0.0012319905,NRSC VIC MODEL
Andhra Pradesh,Guntur,2025-03-09,2025,03,0.0,NRSC VIC MODEL
Andhra Pradesh,Guntur,2025-03-11,2025,03,0.0,NRSC VIC MODEL
Andhra Pradesh,Guntur,2025-03-16,2025,03,0.0,NRSC VIC MODEL
Andhra Pradesh,Guntur,2025-03-19,2025,03,0.0,NRSC VIC MODEL
Andhra Pradesh,Guntur,2025-03-20,2025,03,0.0251753142,NRSC VIC MODEL
Andhra Pradesh,Guntur,2025-03-24,2025,03,0.0569823344,NRSC VIC MODEL
Andhra Pradesh,Guntur,2025-03-30,2025,03,0.0,NRSC VIC MODEL
Andhra Pradesh,Guntur,2025-03-31,2025,03,0.0018283575,NRSC VIC MODEL
Andhra Pradesh,Krishna,2025-03-02,2025,03,0.0,NRSC VIC MODEL
Andhra Pradesh,Krishna,2025-03-06,2025,03,0.0371715157,NRSC VIC MODEL
Andhra Pradesh,Krishna,2025-03-08,2025,03,0.0002022526,NRSC VIC MODEL
Andhra Pradesh,Krishna,2025-03-10,2025,03,0.0,NRSC VIC MODEL
Andhra Pradesh,Krishna,2025-03-13,2025,03,0.0,NRSC VIC MODEL
Andhra Pradesh,Krishna,2025-03-14,2025,03,0.0,NRSC VIC MODEL
Andhra Pradesh,Krishna,2025-03-15,2025,03,0.0,NRSC VIC MODEL
Andhra Pradesh,Krishna,2025-03-24,2025,03,0.1132709338,NRSC VIC MODEL
Andhra Pradesh,Krishna,2025-03-25,2025,03,0.0083941383,NRSC VIC MODEL
Andhra Pradesh,Krishna,2025-03-26,2025,03,0.0,NRSC VIC MODEL
Andhra Pradesh,Kurnool,2025-03-03,2025,03,0.0,NRSC VIC MODEL
Andhra Pradesh,Kurnool,2025-03-05,2025,03,0.0591751028,NRSC VIC MODEL
Andhra Pradesh,Kurnool,2025-03-08,2025,03,0.0035348767,NRSC VIC MODEL
Andhra Pradesh,Kurnool,2025-03-17,2025,03,0.0,NRSC VIC MODEL
Andhra Pradesh,Kurnool,2025-03-18,2025,03,0.0,NRSC VIC MODEL
Andhra Pradesh,Kurnool,2025-03-20,2025,03,1.47399e-05,NRSC VIC MODEL
Andhra Pradesh,Kurnool,2025-03-27,2025,03,0.0,NRSC VIC MODEL
Andhra Pradesh,Kurnool,2025-03-31,2025,03,0.0198164608,NRSC VIC MODEL
Andhra Pradesh,Prakasam,2025-03-02,2025,03,0.0,NRSC VIC MODEL
Andhra Pradesh,Prakasam,2025-03-05,2025,03,0.1108696348,NRSC VIC MODEL
Andhra Pradesh,Prakasam,2025-03-06,2025,03,0.0,NRSC VIC MODEL
Andhra Pradesh,Prakasam,2025-03-10,2025,03,0.0,NRSC VIC MODEL
Andhra Pradesh,Prakasam,2025-03-13,2025,03,0.0,NRSC VIC MODEL
Andhra Pradesh,Prakasam,2025-03-14,2025,03,0.0,NRSC VIC MODEL
Andhra Pradesh,Prakasam,2025-03-25,2025,03,0.0013552402,NRSC VIC MODEL
Andhra Pradesh,Prakasam,2025-03-28,2025,03,0.0,NRSC VIC MODEL
Andhra Pradesh,Prakasam,2025-03-30,2025,03,0.0,NRSC VIC MODEL
Andhra Pradesh,SPSR Nellore,2025-03-01,2025,03,0.0837448696,NRSC VIC MODEL
Andhra Pradesh,SPSR Nellore,2025-03-03,2025,03,0.0,NRSC VIC MODEL
Andhra Pradesh,SPSR Nellore,2025-03-10,2025,03,0.0,NRSC VIC MODEL
Andhra Pradesh,SPSR Nellore,2025-03-14,2025,03,0.0,NRSC VIC MODEL
Andhra Pradesh,SPSR Nellore,2025-03-20,2025,03,0.0,NRSC VIC MODEL
Andhra Pradesh,SPSR Nellore,2025-03-21,2025,03,0.0,NRSC VIC MODEL
Andhra Pradesh,SPSR Nellore,2025-03-26,2025,03,0.0,NRSC VIC MODEL
Andhra Pradesh,Srikakulam,2025-03-09,2025,03,0.0,NRSC VIC MODEL
Andhra Pradesh,Srikakulam,2025-03-10,2025,03,0.0,NRSC VIC MODEL
Andhra Pradesh,Srikakulam,2025-03-15,2025,03,0.0,NRSC VIC MODEL
Andhra Pradesh,Srikakulam,2025-03-16,2025,03,0.0001089633,NRSC VIC MODEL
Andhra Pradesh,Srikakulam,2025-03-24,2025,03,14.4901410584,NRSC VIC MODEL
Andhra Pradesh,Srikakulam,2025-03-25,2025,03,0.0044255145,NRSC VIC MODEL
Andhra Pradesh,Visakhapatanam,2025-03-07,2025,03,0.0001249561,NRSC VIC MODEL
Andhra Pradesh,Visakhapatanam,2025-03-09,2025,03,0.0,NRSC VIC MODEL
Andhra Pradesh,Visakhapatanam,2025-03-10,2025,03,0.0,NRSC VIC MODEL
Andhra Pradesh,Visakhapatanam,2025-03-18,2025,03,0.0,NRSC VIC MODEL
Andhra Pradesh,Visakhapatanam,2025-03-20,2025,03,0.0,NRSC VIC MODEL
Andhra Pradesh,Vizianagaram,2025-03-03,2025,03,0.014259473,NRSC VIC MODEL
Andhra Pradesh,Vizianagaram,2025-03-23,2025,03,0.2990293189,NRSC VIC MODEL
Andhra Pradesh,West Godavari,2025-03-04,2025,03,0.0,NRSC VIC MODEL
Andhra Pradesh,West Godavari,2025-03-08,2025,03,0.0,NRSC VIC MODEL
Andhra Pradesh,West Godavari,2025-03-09,2025,03,0.0006509571,NRSC VIC MODEL
Andhra Pradesh,West Godavari,2025-03-11,2025,03,0.0,NRSC VIC MODEL
Andhra Pradesh,West Godavari,2025-03-16,2025,03,0.0,NRSC VIC MODEL
Andhra Pradesh,West Godavari,2025-03-17,2025,03,0.0,NRSC VIC MODEL
Andhra Pradesh,West Godavari,2025-03-20,2025,03,0.0,NRSC VIC MODEL
Andhra Pradesh,West Godavari,2025-03-26,2025,03,0.0012866594,NRSC VIC MODEL
Andhra Pradesh,West Godavari,2025-03-27,2025,03,0.0004487048,NRSC VIC MODEL
Andhra Pradesh,West Godavari,2025-03-29,2025,03,0.0114314866,NRSC VIC MODEL
Andhra Pradesh,Y.S.R.,2025-03-02,2025,03,0.0,NRSC VIC MODEL
Andhra Pradesh,Y.S.R.,2025-03-03,2025,03,0.0,NRSC VIC MODEL
Andhra Pradesh,Y.S.R.,2025-03-05,2025,03,0.0168952521,NRSC VIC MODEL
Andhra Pradesh,Y.S.R.,2025-03-07,2025,03,0.0,NRSC VIC MODEL
Andhra Pradesh,Y.S.R.,2025-03-14,2025,03,0.0,NRSC VIC MODEL
Andhra Pradesh,Y.S.R.,2025-03-16,2025,03,0.0,NRSC VIC MODEL
Andhra Pradesh,Y.S.R.,2025-03-20,2025,03,0.0003102265,NRSC VIC MODEL
Andhra Pradesh,Y.S.R.,2025-03-24,2025,03,0.028777856,NRSC VIC MODEL
Andhra Pradesh,Y.S.R.,2025-03-26,2025,03,0.0055281215,NRSC VIC MODEL
Andhra Pradesh,Y.S.R.,2025-03-27,2025,03,0.0,NRSC VIC MODEL
Andhra Pradesh,Y.S.R.,2025-03-28,2025,03,0.0,NRSC VIC MODEL
Andhra Pradesh,Anantapur,2025-04-02,2025,04,0.0021669044,NRSC VIC MODEL
Andhra Pradesh,Anantapur,2025-04-03,2025,04,0.2131975393,NRSC VIC MODEL
Andhra Pradesh,Anantapur,2025-04-06,2025,04,0.1323566467,NRSC VIC MODEL
Andhra Pradesh,Anantapur,2025-04-18,2025,04,0.0555754721,NRSC VIC MODEL
Andhra Pradesh,Anantapur,2025-04-21,2025,04,18.2280758748,NRSC VIC MODEL
Andhra Pradesh,Anantapur,2025-04-22,2025,04,0.0,NRSC VIC MODEL
Andhra Pradesh,Anantapur,2025-04-29,2025,04,0.2015482454,NRSC VIC MODEL
Andhra Pradesh,Chittoor,2025-04-03,2025,04,0.0031372493,NRSC VIC MODEL
Andhra Pradesh,Chittoor,2025-04-14,2025,04,1.039115854,NRSC VIC MODEL
Andhra Pradesh,Chittoor,2025-04-28,2025,04,0.0123669542,NRSC VIC MODEL
Andhra Pradesh,Chittoor,2025-04-30,2025,04,0.0,NRSC VIC MODEL
Andhra Pradesh,East Godavari,2025-04-09,2025,04,0.0528479039,NRSC VIC MODEL
Andhra Pradesh,East Godavari,2025-04-18,2025,04,0.0012305561,NRSC VIC MODEL
Andhra Pradesh,East Godavari,2025-04-20,2025,04,0.0051539537,NRSC VIC MODEL
Andhra Pradesh,East Godavari,2025-04-25,2025,04,0.0089228952,NRSC VIC MODEL
Andhra Pradesh,East Godavari,2025-04-26,2025,04,0.0,NRSC VIC MODEL
Andhra Pradesh,Guntur,2025-04-12,2025,04,0.1519739111,NRSC VIC MODEL
Andhra Pradesh,Guntur,2025-04-15,2025,04,0.0026164834,NRSC VIC MODEL
Andhra Pradesh,Krishna,2025-04-01,2025,04,1.66952e-05,NRSC VIC MODEL
Andhra Pradesh,Krishna,2025-04-15,2025,04,0.002719472,NRSC VIC MODEL
Andhra Pradesh,Krishna,2025-04-28,2025,04,0.0307579981,NRSC VIC MODEL
Andhra Pradesh,Kurnool,2025-04-05,2025,04,0.5330009447,NRSC VIC MODEL
Andhra Pradesh,Kurnool,2025-04-10,2025,04,1.9437e-05,NRSC VIC MODEL
Andhra Pradesh,Kurnool,2025-04-14,2025,04,0.2874821637,NRSC VIC MODEL
Andhra Pradesh,Kurnool,2025-04-19,2025,04,0.111924306,NRSC VIC MODEL
Andhra Pradesh,Kurnool,2025-04-20,2025,04,0.5443701016,NRSC VIC MODEL
Andhra Pradesh,Kurnool,2025-04-30,2025,04,0.0606895566,NRSC VIC MODEL
Andhra Pradesh,Prakasam,2025-04-01,2025,04,2.87041e-05,NRSC VIC MODEL
Andhra Pradesh,Prakasam,2025-04-03,2025,04,0.0003051682,NRSC VIC MODEL
Andhra Pradesh,SPSR Nellore,2025-04-02,2025,04,0.0,NRSC VIC MODEL
Andhra Pradesh,SPSR Nellore,2025-04-03,2025,04,4.112e-07,NRSC VIC MODEL
Andhra Pradesh,SPSR Nellore,2025-04-04,2025,04,1.558350206,NRSC VIC MODEL
Andhra Pradesh,SPSR Nellore,2025-04-06,2025,04,0.0031049768,NRSC VIC MODEL
Andhra Pradesh,SPSR Nellore,2025-04-11,2025,04,0.220836528,NRSC VIC MODEL
Andhra Pradesh,SPSR Nellore,2025-04-12,2025,04,0.232174148,NRSC VIC MODEL
Andhra Pradesh,SPSR Nellore,2025-04-15,2025,04,0.0004198635,NRSC VIC MODEL
Andhra Pradesh,SPSR Nellore,2025-04-16,2025,04,3.1954364492,NRSC VIC MODEL
Andhra Pradesh,Srikakulam,2025-04-03,2025,04,0.0,NRSC VIC MODEL
Andhra Pradesh,Srikakulam,2025-04-07,2025,04,0.002756323,NRSC VIC MODEL
Andhra Pradesh,Srikakulam,2025-04-09,2025,04,0.2251670594,NRSC VIC MODEL
Andhra Pradesh,Srikakulam,2025-04-18,2025,04,0.0005167464,NRSC VIC MODEL
Andhra Pradesh,Srikakulam,2025-04-21,2025,04,0.0460254189,NRSC VIC MODEL
Andhra Pradesh,Visakhapatanam,2025-04-12,2025,04,2.6877423468,NRSC VIC MODEL
Andhra Pradesh,Visakhapatanam,2025-04-14,2025,04,8.8129329183,NRSC VIC MODEL
Andhra Pradesh,Visakhapatanam,2025-04-15,2025,04,0.1602742242,NRSC VIC MODEL
Andhra Pradesh,Visakhapatanam,2025-04-26,2025,04,0.7431972222,NRSC VIC MODEL
Andhra Pradesh,Visakhapatanam,2025-04-27,2025,04,1.6229374525,NRSC VIC MODEL
Andhra Pradesh,Vizianagaram,2025-04-05,2025,04,0.0406179477,NRSC VIC MODEL
Andhra Pradesh,Vizianagaram,2025-04-16,2025,04,11.9308838445,NRSC VIC MODEL
Andhra Pradesh,Vizianagaram,2025-04-21,2025,04,0.2630567191,NRSC VIC MODEL
Andhra Pradesh,Vizianagaram,2025-04-22,2025,04,0.0258485498,NRSC VIC MODEL
Andhra Pradesh,Vizianagaram,2025-04-23,2025,04,0.4397901305,NRSC VIC MODEL
Andhra Pradesh,Vizianagaram,2025-04-24,2025,04,0.1365801302,NRSC VIC MODEL
Andhra Pradesh,West Godavari,2025-04-01,2025,04,0.0002043945,NRSC VIC MODEL
Andhra Pradesh,West Godavari,2025-04-04,2025,04,1.4028300472,NRSC VIC MODEL
Andhra Pradesh,West Godavari,2025-04-21,2025,04,0.1816291202,NRSC VIC MODEL
Andhra Pradesh,West Godavari,2025-04-22,2025,04,0.0,NRSC VIC MODEL
Andhra Pradesh,West Godavari,2025-04-24,2025,04,1.87771e-05,NRSC VIC MODEL
Andhra Pradesh,West Godavari,2025-04-28,2025,04,0.0002713597,NRSC VIC MODEL
Andhra Pradesh,Y.S.R.,2025-04-05,2025,04,0.6237772964,NRSC VIC MODEL
Andhra Pradesh,Y.S.R.,2025-04-17,2025,04,0.0190107934,NRSC VIC MODEL
Andhra Pradesh,Y.S.R.,2025-04-19,2025,04,0.0032809013,NRSC VIC MODEL
Andhra Pradesh,Y.S.R.,2025-04-22,2025,04,0.0,NRSC VIC MODEL
Andhra Pradesh,Y.S.R.,2025-04-23,2025,04,0.0002993081,NRSC VIC MODEL
Andhra Pradesh,Y.S.R.,2025-04-30,2025,04,0.0006487633,NRSC VIC MODEL
Andhra Pradesh,Anantapur,2025-06-05,2025,06,0.0428535559,NRSC VIC MODEL
Andhra Pradesh,Anantapur,2025-06-22,2025,06,0.3360786507,NRSC VIC MODEL
Andhra Pradesh,Anantapur,2025-06-26,2025,06,1.2016425788,NRSC VIC MODEL
Andhra Pradesh,Anantapur,2025-06-29,2025,06,0.0297919329,NRSC VIC MODEL
Andhra Pradesh,Anantapur,2025-06-30,2025,06,0.1869944563,NRSC VIC MODEL
Andhra Pradesh,Chittoor,2025-06-20,2025,06,0.4327546043,NRSC VIC MODEL
Andhra Pradesh,Chittoor,2025-06-24,2025,06,0.3641528761,NRSC VIC MODEL
Andhra Pradesh,Chittoor,2025-06-26,2025,06,1.9300167266,NRSC VIC MODEL
Andhra Pradesh,Chittoor,2025-06-29,2025,06,0.3780547831,NRSC VIC MODEL
Andhra Pradesh,East Godavari,2025-06-01,2025,06,0.3748415626,NRSC VIC MODEL
Andhra Pradesh,East Godavari,2025-06-17,2025,06,7.3738320205,NRSC VIC MODEL
Andhra Pradesh,East Godavari,2025-06-21,2025,06,5.4830422663,NRSC VIC MODEL
Andhra Pradesh,East Godavari,2025-06-25,2025,06,7.449692772,NRSC VIC MODEL
Andhra Pradesh,East Godavari,2025-06-26,2025,06,21.7282527615,NRSC VIC MODEL
Andhra Pradesh,East Godavari,2025-06-27,2025,06,14.0552188058,NRSC VIC MODEL
Andhra Pradesh,Guntur,2025-06-03,2025,06,0.0063851224,NRSC VIC MODEL
Andhra Pradesh,Guntur,2025-06-07,2025,06,3.5685710493,NRSC VIC MODEL
Andhra Pradesh,Guntur,2025-06-11,2025,06,8.1944561536,NRSC VIC MODEL
Andhra Pradesh,Guntur,2025-06-16,2025,06,1.6583144473,NRSC VIC MODEL
Andhra Pradesh,Guntur,2025-06-18,2025,06,0.0934302396,NRSC VIC MODEL
Andhra Pradesh,Guntur,2025-06-22,2025,06,1.6467196015,NRSC VIC MODEL
Andhra Pradesh,Guntur,2025-06-29,2025,06,0.2562556868,NRSC VIC MODEL
Andhra Pradesh,Krishna,2025-06-01,2025,06,0.1439091387,NRSC VIC MODEL
Andhra Pradesh,Krishna,2025-06-11,2025,06,31.5805476285,NRSC VIC MODEL
Andhra Pradesh,Krishna,2025-06-14,2025,06,0.8138102039,NRSC VIC MODEL
Andhra Pradesh,Krishna,2025-06-19,2025,06,0.5673366547,NRSC VIC MODEL
Andhra Pradesh,Krishna,2025-06-27,2025,06,11.4665022938,NRSC VIC MODEL
Andhra Pradesh,Kurnool,2025-06-11,2025,06,0.6939320337,NRSC VIC MODEL
Andhra Pradesh,Kurnool,2025-06-14,2025,06,0.5816293075,NRSC VIC MODEL
Andhra Pradesh,Kurnool,2025-06-24,2025,06,2.4940713374,NRSC VIC MODEL
Andhra Pradesh,Kurnool,2025-06-30,2025,06,2.2580225828,NRSC VIC MODEL
Andhra Pradesh,Prakasam,2025-06-09,2025,06,3.5402756063,NRSC VIC MODEL
Andhra Pradesh,Prakasam,2025-06-18,2025,06,0.1692943417,NRSC VIC MODEL
Andhra Pradesh,Prakasam,2025-06-29,2025,06,0.9114460818,NRSC VIC MODEL
Andhra Pradesh,SPSR Nellore,2025-06-03,2025,06,0.2695371307,NRSC VIC MODEL
Andhra Pradesh,SPSR Nellore,2025-06-04,2025,06,0.2437013037,NRSC VIC MODEL
Andhra Pradesh,SPSR Nellore,2025-06-07,2025,06,1.2314784784,NRSC VIC MODEL
Andhra Pradesh,SPSR Nellore,2025-06-13,2025,06,4.5786427952,NRSC VIC MODEL
Andhra Pradesh,SPSR Nellore,2025-06-15,2025,06,1.2827483337,NRSC VIC MODEL
Andhra Pradesh,SPSR Nellore,2025-06-18,2025,06,0.8936451667,NRSC VIC MODEL
Andhra Pradesh,SPSR Nellore,2025-06-20,2025,06,1.1645744764,NRSC VIC MODEL
Andhra Pradesh,SPSR Nellore,2025-06-22,2025,06,1.165111882,NRSC VIC MODEL
Andhra Pradesh,Srikakulam,2025-06-02,2025,06,0.0,NRSC VIC MODEL
Andhra Pradesh,Srikakulam,2025-06-11,2025,06,6.7758238534,NRSC VIC MODEL
Andhra Pradesh,Srikakulam,2025-06-16,2025,06,2.6759520746,NRSC VIC MODEL
Andhra Pradesh,Srikakulam,2025-06-22,2025,06,0.4215798124,NRSC VIC MODEL
Andhra Pradesh,Srikakulam,2025-06-24,2025,06,5.4013569123,NRSC VIC MODEL
Andhra Pradesh,Srikakulam,2025-06-27,2025,06,0.4014237705,NRSC VIC MODEL
Andhra Pradesh,Visakhapatanam,2025-06-03,2025,06,0.6515553697,NRSC VIC MODEL
Andhra Pradesh,Visakhapatanam,2025-06-09,2025,06,0.9667594658,NRSC VIC MODEL
Andhra Pradesh,Visakhapatanam,2025-06-18,2025,06,0.4467325661,NRSC VIC MODEL
Andhra Pradesh,Visakhapatanam,2025-06-21,2025,06,0.1873274324,NRSC VIC MODEL
Andhra Pradesh,Visakhapatanam,2025-06-27,2025,06,7.2082878404,NRSC VIC MODEL
Andhra Pradesh,Visakhapatanam,2025-06-30,2025,06,7.956529347,NRSC VIC MODEL
Andhra Pradesh,Vizianagaram,2025-06-02,2025,06,0.0,NRSC VIC MODEL
Andhra Pradesh,Vizianagaram,2025-06-07,2025,06,2.6672928939,NRSC VIC MODEL
Andhra Pradesh,Vizianagaram,2025-06-08,2025,06,1.6903907845,NRSC VIC MODEL
Andhra Pradesh,Vizianagaram,2025-06-10,2025,06,8.1535022497,NRSC VIC MODEL
Andhra Pradesh,Vizianagaram,2025-06-22,2025,06,0.2645894186,NRSC VIC MODEL
Andhra Pradesh,Vizianagaram,2025-06-23,2025,06,2.958045249,NRSC VIC MODEL
Andhra Pradesh,Vizianagaram,2025-06-25,2025,06,5.6628800294,NRSC VIC MODEL
Andhra Pradesh,West Godavari,2025-06-13,2025,06,6.4790370093,NRSC VIC MODEL
Andhra Pradesh,West Godavari,2025-06-18,2025,06,0.3336636089,NRSC VIC MODEL
Andhra Pradesh,West Godavari,2025-06-19,2025,06,0.127841944,NRSC VIC MODEL
Andhra Pradesh,West Godavari,2025-06-23,2025,06,9.1288891773,NRSC VIC MODEL
Andhra Pradesh,Y.S.R.,2025-06-09,2025,06,1.0219096606,NRSC VIC MODEL
Andhra Pradesh,Y.S.R.,2025-06-13,2025,06,3.1493026957,NRSC VIC MODEL
Andhra Pradesh,Y.S.R.,2025-06-14,2025,06,2.5433341397,NRSC VIC MODEL
Andhra Pradesh,Y.S.R.,2025-06-17,2025,06,0.0346687699,NRSC VIC MODEL
Andhra Pradesh,Y.S.R.,2025-06-20,2025,06,0.7949093696,NRSC VIC MODEL
Andhra Pradesh,Y.S.R.,2025-06-21,2025,06,0.9654594826,NRSC VIC MODEL
Andhra Pradesh,Y.S.R.,2025-06-23,2025,06,4.0895953348,NRSC VIC MODEL
Andhra Pradesh,Y.S.R.,2025-06-28,2025,06,0.303900199,NRSC VIC MODEL
Andhra Pradesh,Anantapur,2025-05-09,2025,05,0.3283465043,NRSC VIC MODEL
Andhra Pradesh,Anantapur,2025-05-18,2025,05,31.4033854997,NRSC VIC MODEL
Andhra Pradesh,Anantapur,2025-05-31,2025,05,0.0190934547,NRSC VIC MODEL
Andhra Pradesh,Chittoor,2025-05-02,2025,05,2.4934804338,NRSC VIC MODEL
Andhra Pradesh,Chittoor,2025-05-15,2025,05,6.1748219401,NRSC VIC MODEL
Andhra Pradesh,Chittoor,2025-05-21,2025,05,19.4449427273,NRSC VIC MODEL
Andhra Pradesh,Chittoor,2025-05-24,2025,05,0.2730415419,NRSC VIC MODEL
Andhra Pradesh,Chittoor,2025-05-25,2025,05,0.1419115199,NRSC VIC MODEL
Andhra Pradesh,Chittoor,2025-05-26,2025,05,1.9167704783,NRSC VIC MODEL
Andhra Pradesh,East Godavari,2025-05-01,2025,05,6.7265541863,NRSC VIC MODEL
Andhra Pradesh,East Godavari,2025-05-07,2025,05,0.5083869934,NRSC VIC MODEL
Andhra Pradesh,East Godavari,2025-05-17,2025,05,1.8657209671,NRSC VIC MODEL
Andhra Pradesh,East Godavari,2025-05-18,2025,05,10.1945301851,NRSC VIC MODEL
Andhra Pradesh,East Godavari,2025-05-29,2025,05,11.5744208579,NRSC VIC MODEL
Andhra Pradesh,Guntur,2025-05-04,2025,05,3.5197202047,NRSC VIC MODEL
Andhra Pradesh,Guntur,2025-05-15,2025,05,2.8439097231,NRSC VIC MODEL
Andhra Pradesh,Guntur,2025-05-16,2025,05,29.2340165594,NRSC VIC MODEL
Andhra Pradesh,Guntur,2025-05-17,2025,05,2.5555326363,NRSC VIC MODEL
Andhra Pradesh,Guntur,2025-05-19,2025,05,1.6260506059,NRSC VIC MODEL
Andhra Pradesh,Guntur,2025-05-28,2025,05,9.3816579829,NRSC VIC MODEL
Andhra Pradesh,Krishna,2025-05-07,2025,05,5.4213675087,NRSC VIC MODEL
Andhra Pradesh,Krishna,2025-05-18,2025,05,5.1557833601,NRSC VIC MODEL
Andhra Pradesh,Krishna,2025-05-19,2025,05,2.7188983798,NRSC VIC MODEL
Andhra Pradesh,Krishna,2025-05-21,2025,05,8.5104122522,NRSC VIC MODEL
Andhra Pradesh,Krishna,2025-05-25,2025,05,7.7887499311,NRSC VIC MODEL
Andhra Pradesh,Kurnool,2025-05-05,2025,05,8.72867e-05,NRSC VIC MODEL
Andhra Pradesh,Kurnool,2025-05-07,2025,05,2.1404761866,NRSC VIC MODEL
Andhra Pradesh,Kurnool,2025-05-16,2025,05,1.6951767472,NRSC VIC MODEL
Andhra Pradesh,Kurnool,2025-05-17,2025,05,5.6440538646,NRSC VIC MODEL
Andhra Pradesh,Kurnool,2025-05-18,2025,05,20.9183147164,NRSC VIC MODEL
Andhra Pradesh,Kurnool,2025-05-23,2025,05,0.0471768871,NRSC VIC MODEL
Andhra Pradesh,Kurnool,2025-05-30,2025,05,4.3849895579,NRSC VIC MODEL
Andhra Pradesh,Prakasam,2025-05-01,2025,05,1.926402819,NRSC VIC MODEL
Andhra Pradesh,Prakasam,2025-05-02,2025,05,3.3338138059,NRSC VIC MODEL
Andhra Pradesh,Prakasam,2025-05-04,2025,05,0.1141850088,NRSC VIC MODEL
Andhra Pradesh,Prakasam,2025-05-16,2025,05,12.9910045429,NRSC VIC MODEL
Andhra Pradesh,Prakasam,2025-05-23,2025,05,0.0959998684,NRSC VIC MODEL
Andhra Pradesh,Prakasam,2025-05-29,2025,05,0.5907376453,NRSC VIC MODEL
Andhra Pradesh,SPSR Nellore,2025-05-03,2025,05,0.883650748,NRSC VIC MODEL
Andhra Pradesh,SPSR Nellore,2025-05-07,2025,05,20.3242988357,NRSC VIC MODEL
Andhra Pradesh,SPSR Nellore,2025-05-20,2025,05,15.183910219,NRSC VIC MODEL
Andhra Pradesh,SPSR Nellore,2025-05-24,2025,05,0.0645737523,NRSC VIC MODEL
Andhra Pradesh,SPSR Nellore,2025-05-26,2025,05,12.7462891496,NRSC VIC MODEL
Andhra Pradesh,SPSR Nellore,2025-05-31,2025,05,0.4750763753,NRSC VIC MODEL
Andhra Pradesh,Srikakulam,2025-05-09,2025,05,0.0554756453,NRSC VIC MODEL
Andhra Pradesh,Srikakulam,2025-05-10,2025,05,0.0046143716,NRSC VIC MODEL
Andhra Pradesh,Srikakulam,2025-05-16,2025,05,0.0576551646,NRSC VIC MODEL
Andhra Pradesh,Srikakulam,2025-05-17,2025,05,2.2925583053,NRSC VIC MODEL
Andhra Pradesh,Srikakulam,2025-05-19,2025,05,1.0247372434,NRSC VIC MODEL
Andhra Pradesh,Srikakulam,2025-05-22,2025,05,0.2681417538,NRSC VIC MODEL
Andhra Pradesh,Srikakulam,2025-05-25,2025,05,0.3126061956,NRSC VIC MODEL
Andhra Pradesh,Visakhapatanam,2025-05-05,2025,05,10.4831371271,NRSC VIC MODEL
Andhra Pradesh,Visakhapatanam,2025-05-07,2025,05,0.1683819532,NRSC VIC MODEL
Andhra Pradesh,Visakhapatanam,2025-05-08,2025,05,3.3119879906,NRSC VIC MODEL
Andhra Pradesh,Visakhapatanam,2025-05-09,2025,05,1.8646054698,NRSC VIC MODEL
Andhra Pradesh,Visakhapatanam,2025-05-15,2025,05,7.104270206,NRSC VIC MODEL
Andhra Pradesh,Visakhapatanam,2025-05-18,2025,05,6.9937362178,NRSC VIC MODEL
Andhra Pradesh,Visakhapatanam,2025-05-21,2025,05,9.2694537026,NRSC VIC MODEL
Andhra Pradesh,Visakhapatanam,2025-05-27,2025,05,8.594506063,NRSC VIC MODEL
Andhra Pradesh,Vizianagaram,2025-05-09,2025,05,0.249007174,NRSC VIC MODEL
Andhra Pradesh,Vizianagaram,2025-05-16,2025,05,0.7140232984,NRSC VIC MODEL
Andhra Pradesh,Vizianagaram,2025-05-17,2025,05,5.0655897265,NRSC VIC MODEL
Andhra Pradesh,Vizianagaram,2025-05-18,2025,05,2.147983197,NRSC VIC MODEL
Andhra Pradesh,Vizianagaram,2025-05-20,2025,05,4.9887939828,NRSC VIC MODEL
Andhra Pradesh,Vizianagaram,2025-05-22,2025,05,7.1526761249,NRSC VIC MODEL
Andhra Pradesh,Vizianagaram,2025-05-26,2025,05,12.4786338049,NRSC VIC MODEL
Andhra Pradesh,Vizianagaram,2025-05-27,2025,05,2.7805502245,NRSC VIC MODEL
Andhra Pradesh,Vizianagaram,2025-05-30,2025,05,3.650875865,NRSC VIC MODEL
Andhra Pradesh,West Godavari,2025-05-16,2025,05,11.2382122797,NRSC VIC MODEL
Andhra Pradesh,West Godavari,2025-05-19,2025,05,3.8487968839,NRSC VIC MODEL
Andhra Pradesh,West Godavari,2025-05-27,2025,05,1.773153692,NRSC VIC MODEL
Andhra Pradesh,Y.S.R.,2025-05-01,2025,05,2.2571361173,NRSC VIC MODEL
Andhra Pradesh,Y.S.R.,2025-05-03,2025,05,4.9282994711,NRSC VIC MODEL
Andhra Pradesh,Y.S.R.,2025-05-04,2025,05,0.0313314885,NRSC VIC MODEL
Andhra Pradesh,Y.S.R.,2025-05-08,2025,05,3.3788631532,NRSC VIC MODEL
Andhra Pradesh,Y.S.R.,2025-05-18,2025,05,14.2427974542,NRSC VIC MODEL
Andhra Pradesh,Y.S.R.,2025-05-19,2025,05,10.4788152818,NRSC VIC MODEL
Andhra Pradesh,Y.S.R.,2025-05-21,2025,05,17.3958088964,NRSC VIC MODEL
Andhra Pradesh,Guntur,2025-06-07,2025,06,3.5685710493,NRSC VIC MODEL
Andhra Pradesh,Guntur,2025-06-08,2025,06,1.8516598504,NRSC VIC MODEL
Andhra Pradesh,Guntur,2025-06-09,2025,06,1.5746512894,NRSC VIC MODEL
Andhra Pradesh,Guntur,2025-06-16,2025,06,1.6583144473,NRSC VIC MODEL
Andhra Pradesh,Guntur,2025-06-26,2025,06,10.3013226629,NRSC VIC MODEL
Andhra Pradesh,Guntur,2025-06-29,2025,06,0.2562556868,NRSC VIC MODEL
Andhra Pradesh,Krishna,2025-01-14,2025,01,0.0,NRSC VIC MODEL
Andhra Pradesh,Krishna,2025-01-17,2025,01,0.0,NRSC VIC MODEL
Andhra Pradesh,Krishna,2025-01-18,2025,01,0.0001427675,NRSC VIC MODEL
Andhra Pradesh,Krishna,2025-01-30,2025,01,0.0,NRSC VIC MODEL
Andhra Pradesh,Krishna,2025-02-01,2025,02,0.010901425,NRSC VIC MODEL
Andhra Pradesh,Krishna,2025-02-06,2025,02,0.0,NRSC VIC MODEL
Andhra Pradesh,Krishna,2025-02-07,2025,02,0.0,NRSC VIC MODEL
Andhra Pradesh,Krishna,2025-02-10,2025,02,0.0,NRSC VIC MODEL
Andhra Pradesh,Krishna,2025-02-21,2025,02,0.0,NRSC VIC MODEL
Andhra Pradesh,Krishna,2025-03-03,2025,03,0.0004045052,NRSC VIC MODEL
Andhra Pradesh,Krishna,2025-03-04,2025,03,0.0,NRSC VIC MODEL
Andhra Pradesh,Krishna,2025-03-13,2025,03,0.0,NRSC VIC MODEL
Andhra Pradesh,Krishna,2025-03-15,2025,03,0.0,NRSC VIC MODEL
Andhra Pradesh,Krishna,2025-03-17,2025,03,0.0,NRSC VIC MODEL
Andhra Pradesh,Krishna,2025-03-19,2025,03,0.0,NRSC VIC MODEL
Andhra Pradesh,Krishna,2025-03-20,2025,03,0.0,NRSC VIC MODEL
Andhra Pradesh,Krishna,2025-03-22,2025,03,0.2971256722,NRSC VIC MODEL
Andhra Pradesh,Krishna,2025-03-28,2025,03,0.0058550442,NRSC VIC MODEL
Andhra Pradesh,Krishna,2025-03-29,2025,03,0.0624383792,NRSC VIC MODEL
Andhra Pradesh,Krishna,2025-04-01,2025,04,1.66952e-05,NRSC VIC MODEL
Andhra Pradesh,Krishna,2025-04-02,2025,04,0.0,NRSC VIC MODEL
Andhra Pradesh,Krishna,2025-05-06,2025,05,0.0050540891,NRSC VIC MODEL
Andhra Pradesh,Krishna,2025-05-03,2025,05,0.026471358,NRSC VIC MODEL
Andhra Pradesh,Krishna,2025-05-19,2025,05,2.7188983798,NRSC VIC MODEL
Andhra Pradesh,Krishna,2025-05-29,2025,05,1.3488672593,NRSC VIC MODEL
Andhra Pradesh,Krishna,2025-05-31,2025,05,1.1869125263,NRSC VIC MODEL
Andhra Pradesh,Krishna,2025-06-01,2025,06,0.1439091387,NRSC VIC MODEL
Andhra Pradesh,Krishna,2025-06-10,2025,06,0.0,NRSC VIC MODEL
Andhra Pradesh,Krishna,2025-06-16,2025,06,0.4838453551,NRSC VIC MODEL
Andhra Pradesh,Krishna,2025-06-24,2025,06,7.6094171639,NRSC VIC MODEL
Andhra Pradesh,Krishna,2025-06-26,2025,06,12.2518319105,NRSC VIC MODEL
Andhra Pradesh,Krishna,2025-06-29,2025,06,0.224873283,NRSC VIC MODEL
Andhra Pradesh,Krishna,2025-06-30,2025,06,11.8931187451,NRSC VIC MODEL
Andhra Pradesh,Kurnool,2025-01-02,2025,01,0.0029616267,NRSC VIC MODEL
Andhra Pradesh,Kurnool,2025-01-08,2025,01,0.0,NRSC VIC MODEL
Andhra Pradesh,Kurnool,2025-01-10,2025,01,0.0,NRSC VIC MODEL
Andhra Pradesh,Kurnool,2025-01-11,2025,01,0.0,NRSC VIC MODEL
Andhra Pradesh,Kurnool,2025-01-13,2025,01,0.0008141444,NRSC VIC MODEL
Andhra Pradesh,Kurnool,2025-01-14,2025,01,0.0,NRSC VIC MODEL
Andhra Pradesh,Kurnool,2025-01-12,2025,01,0.0073008964,NRSC VIC MODEL
Andhra Pradesh,Kurnool,2025-01-23,2025,01,0.0057755773,NRSC VIC MODEL
Andhra Pradesh,Kurnool,2025-01-25,2025,01,0.0020242787,NRSC VIC MODEL
Andhra Pradesh,Kurnool,2025-01-28,2025,01,0.0001365972,NRSC VIC MODEL
Andhra Pradesh,Kurnool,2025-01-30,2025,01,5.21466e-05,NRSC VIC MODEL
Andhra Pradesh,Kurnool,2025-01-31,2025,01,0.0,NRSC VIC MODEL
Andhra Pradesh,Kurnool,2025-02-28,2025,02,0.0,NRSC VIC MODEL
Andhra Pradesh,Kurnool,2025-03-01,2025,03,0.0,NRSC VIC MODEL
Andhra Pradesh,Kurnool,2025-03-07,2025,03,0.0,NRSC VIC MODEL
Andhra Pradesh,Kurnool,2025-03-09,2025,03,0.0,NRSC VIC MODEL
Andhra Pradesh,Kurnool,2025-03-13,2025,03,0.0,NRSC VIC MODEL
Andhra Pradesh,Kurnool,2025-03-14,2025,03,0.0,NRSC VIC MODEL
Andhra Pradesh,Kurnool,2025-03-18,2025,03,0.0,NRSC VIC MODEL
Andhra Pradesh,Kurnool,2025-03-20,2025,03,1.47399e-05,NRSC VIC MODEL
Andhra Pradesh,Kurnool,2025-03-21,2025,03,0.0040835584,NRSC VIC MODEL
Andhra Pradesh,Kurnool,2025-03-29,2025,03,0.0,NRSC VIC MODEL
Andhra Pradesh,Kurnool,2025-03-30,2025,03,0.0,NRSC VIC MODEL
Andhra Pradesh,Kurnool,2025-04-27,2025,04,1.0809673632,NRSC VIC MODEL
Andhra Pradesh,Kurnool,2025-04-30,2025,04,0.0606895566,NRSC VIC MODEL
Andhra Pradesh,Kurnool,2025-05-04,2025,05,0.1831323734,NRSC VIC MODEL
Andhra Pradesh,Kurnool,2025-05-07,2025,05,2.1404761866,NRSC VIC MODEL
Andhra Pradesh,Kurnool,2025-05-09,2025,05,0.1670096125,NRSC VIC MODEL
Andhra Pradesh,Kurnool,2025-05-18,2025,05,20.9183147164,NRSC VIC MODEL
Andhra Pradesh,Kurnool,2025-05-24,2025,05,0.0090665807,NRSC VIC MODEL
Andhra Pradesh,Kurnool,2025-05-26,2025,05,5.6232389751,NRSC VIC MODEL
Andhra Pradesh,Kurnool,2025-05-27,2025,05,10.5427965336,NRSC VIC MODEL
Andhra Pradesh,Kurnool,2025-05-31,2025,05,0.1630209524,NRSC VIC MODEL
Andhra Pradesh,Kurnool,2025-06-02,2025,06,0.0421336976,NRSC VIC MODEL
Andhra Pradesh,Kurnool,2025-06-03,2025,06,0.2378022062,NRSC VIC MODEL
Andhra Pradesh,Kurnool,2025-06-10,2025,06,0.0023412303,NRSC VIC MODEL
Andhra Pradesh,Kurnool,2025-06-12,2025,06,21.7583427382,NRSC VIC MODEL
Andhra Pradesh,Kurnool,2025-06-17,2025,06,0.0463778198,NRSC VIC MODEL
Andhra Pradesh,Kurnool,2025-06-22,2025,06,0.5844859477,NRSC VIC MODEL
Andhra Pradesh,Kurnool,2025-06-23,2025,06,4.6673642435,NRSC VIC MODEL
Andhra Pradesh,Kurnool,2025-06-25,2025,06,2.1821862924,NRSC VIC MODEL
Andhra Pradesh,Prakasam,2025-01-09,2025,01,0.0,NRSC VIC MODEL
Andhra Pradesh,Prakasam,2025-01-16,2025,01,0.0308743197,NRSC VIC MODEL
Andhra Pradesh,Prakasam,2025-01-20,2025,01,0.005896717,NRSC VIC MODEL
Andhra Pradesh,Prakasam,2025-01-28,2025,01,0.0,NRSC VIC MODEL
Andhra Pradesh,Prakasam,2025-01-29,2025,01,0.0,NRSC VIC MODEL
Andhra Pradesh,Prakasam,2025-02-01,2025,02,0.0,NRSC VIC MODEL
Andhra Pradesh,Prakasam,2025-02-02,2025,02,0.0,NRSC VIC MODEL
Andhra Pradesh,Prakasam,2025-02-08,2025,02,0.0,NRSC VIC MODEL
Andhra Pradesh,Prakasam,2025-03-02,2025,03,0.0,NRSC VIC MODEL
Andhra Pradesh,Prakasam,2025-03-10,2025,03,0.0,NRSC VIC MODEL
Andhra Pradesh,Prakasam,2025-03-18,2025,03,0.0,NRSC VIC MODEL
Andhra Pradesh,Prakasam,2025-03-21,2025,03,0.0,NRSC VIC MODEL
Andhra Pradesh,Prakasam,2025-03-25,2025,03,0.0013552402,NRSC VIC MODEL
Andhra Pradesh,Prakasam,2025-04-01,2025,04,2.87041e-05,NRSC VIC MODEL
Andhra Pradesh,Prakasam,2025-04-05,2025,04,0.5326169352,NRSC VIC MODEL
Andhra Pradesh,Prakasam,2025-04-15,2025,04,0.0024515388,NRSC VIC MODEL
Andhra Pradesh,Prakasam,2025-04-19,2025,04,0.1431987796,NRSC VIC MODEL
Andhra Pradesh,Prakasam,2025-04-22,2025,04,0.0,NRSC VIC MODEL
Andhra Pradesh,Prakasam,2025-04-27,2025,04,0.0001712927,NRSC VIC MODEL
Andhra Pradesh,Prakasam,2025-04-28,2025,04,0.3990444016,NRSC VIC MODEL
Andhra Pradesh,Prakasam,2025-05-07,2025,05,7.3953119149,NRSC VIC MODEL
Andhra Pradesh,Prakasam,2025-05-09,2025,05,4.516356102,NRSC VIC MODEL
Andhra Pradesh,Prakasam,2025-05-10,2025,05,1.6932e-06,NRSC VIC MODEL
Andhra Pradesh,Prakasam,2025-05-03,2025,05,5.9289869262,NRSC VIC MODEL
Andhra Pradesh,Prakasam,2025-05-17,2025,05,1.5639479395,NRSC VIC MODEL
Andhra Pradesh,Prakasam,2025-05-20,2025,05,14.9995689293,NRSC VIC MODEL
Andhra Pradesh,Prakasam,2025-05-22,2025,05,21.07856964,NRSC VIC MODEL
Andhra Pradesh,Prakasam,2025-05-24,2025,05,0.8282653383,NRSC VIC MODEL
Andhra Pradesh,Prakasam,2025-05-27,2025,05,0.739032039,NRSC VIC MODEL
Andhra Pradesh,Prakasam,2025-06-02,2025,06,0.0313769591,NRSC VIC MODEL
Andhra Pradesh,Prakasam,2025-06-06,2025,06,0.0,NRSC VIC MODEL
Andhra Pradesh,Prakasam,2025-06-12,2025,06,6.6637200598,NRSC VIC MODEL
Andhra Pradesh,Prakasam,2025-06-19,2025,06,0.1924543364,NRSC VIC MODEL
Andhra Pradesh,Prakasam,2025-06-22,2025,06,1.24838791,NRSC VIC MODEL
Andhra Pradesh,SPSR Nellore,2025-01-04,2025,01,0.0,NRSC VIC MODEL
Andhra Pradesh,SPSR Nellore,2025-01-07,2025,01,0.0,NRSC VIC MODEL
Andhra Pradesh,SPSR Nellore,2025-01-17,2025,01,0.0,NRSC VIC MODEL
Andhra Pradesh,SPSR Nellore,2025-01-27,2025,01,0.0325028335,NRSC VIC MODEL
Andhra Pradesh,SPSR Nellore,2025-02-19,2025,02,0.0,NRSC VIC MODEL
Andhra Pradesh,SPSR Nellore,2025-02-22,2025,02,0.0,NRSC VIC MODEL
Andhra Pradesh,SPSR Nellore,2025-02-23,2025,02,0.0,NRSC VIC MODEL
Andhra Pradesh,SPSR Nellore,2025-02-24,2025,02,0.0,NRSC VIC MODEL
Andhra Pradesh,SPSR Nellore,2025-02-25,2025,02,0.0,NRSC VIC MODEL
Andhra Pradesh,SPSR Nellore,2025-03-03,2025,03,0.0,NRSC VIC MODEL
Andhra Pradesh,SPSR Nellore,2025-03-07,2025,03,0.0,NRSC VIC MODEL
Andhra Pradesh,SPSR Nellore,2025-03-11,2025,03,0.0,NRSC VIC MODEL
Andhra Pradesh,SPSR Nellore,2025-03-14,2025,03,0.0,NRSC VIC MODEL
Andhra Pradesh,SPSR Nellore,2025-03-16,2025,03,0.0,NRSC VIC MODEL
Andhra Pradesh,SPSR Nellore,2025-03-17,2025,03,0.0,NRSC VIC MODEL
Andhra Pradesh,SPSR Nellore,2025-03-19,2025,03,0.0,NRSC VIC MODEL
Andhra Pradesh,SPSR Nellore,2025-03-20,2025,03,0.0,NRSC VIC MODEL
Andhra Pradesh,SPSR Nellore,2025-03-21,2025,03,0.0,NRSC VIC MODEL
Andhra Pradesh,SPSR Nellore,2025-03-23,2025,03,0.1339911411,NRSC VIC MODEL
Andhra Pradesh,SPSR Nellore,2025-03-29,2025,03,0.0004090765,NRSC VIC MODEL
Andhra Pradesh,SPSR Nellore,2025-03-31,2025,03,0.0,NRSC VIC MODEL
Andhra Pradesh,SPSR Nellore,2025-04-03,2025,04,4.112e-07,NRSC VIC MODEL
Andhra Pradesh,SPSR Nellore,2025-04-16,2025,04,3.1954364492,NRSC VIC MODEL
Andhra Pradesh,SPSR Nellore,2025-04-27,2025,04,0.0,NRSC VIC MODEL
Andhra Pradesh,SPSR Nellore,2025-04-28,2025,04,0.0101954638,NRSC VIC MODEL
Andhra Pradesh,SPSR Nellore,2025-05-05,2025,05,9.3324798983,NRSC VIC MODEL
Andhra Pradesh,SPSR Nellore,2025-05-07,2025,05,20.3242988357,NRSC VIC MODEL
Andhra Pradesh,SPSR Nellore,2025-05-20,2025,05,15.183910219,NRSC VIC MODEL
Andhra Pradesh,SPSR Nellore,2025-05-28,2025,05,0.0738757244,NRSC VIC MODEL
Andhra Pradesh,SPSR Nellore,2025-06-02,2025,06,0.3498241906,NRSC VIC MODEL
Andhra Pradesh,SPSR Nellore,2025-06-03,2025,06,0.2695371307,NRSC VIC MODEL
Andhra Pradesh,SPSR Nellore,2025-06-06,2025,06,0.1121765956,NRSC VIC MODEL
Andhra Pradesh,SPSR Nellore,2025-06-08,2025,06,0.7027683962,NRSC VIC MODEL
Andhra Pradesh,SPSR Nellore,2025-06-23,2025,06,5.4421961223,NRSC VIC MODEL
Andhra Pradesh,Srikakulam,2025-01-01,2025,01,0.0,NRSC VIC MODEL
Andhra Pradesh,Srikakulam,2025-01-03,2025,01,0.0,NRSC VIC MODEL
Andhra Pradesh,Srikakulam,2025-01-14,2025,01,0.0,NRSC VIC MODEL
Andhra Pradesh,Srikakulam,2025-01-15,2025,01,0.0,NRSC VIC MODEL
Andhra Pradesh,Srikakulam,2025-01-19,2025,01,8.70245e-05,NRSC VIC MODEL
Andhra Pradesh,Srikakulam,2025-01-27,2025,01,0.0,NRSC VIC MODEL
Andhra Pradesh,Srikakulam,2025-02-03,2025,02,0.0,NRSC VIC MODEL
Andhra Pradesh,Srikakulam,2025-02-04,2025,02,0.0,NRSC VIC MODEL
Andhra Pradesh,Srikakulam,2025-02-07,2025,02,0.0,NRSC VIC MODEL
Andhra Pradesh,Srikakulam,2025-02-14,2025,02,0.0,NRSC VIC MODEL
Andhra Pradesh,Srikakulam,2025-02-15,2025,02,0.0,NRSC VIC MODEL
Andhra Pradesh,Srikakulam,2025-02-20,2025,02,0.0011644516,NRSC VIC MODEL
Andhra Pradesh,Srikakulam,2025-03-15,2025,03,0.0,NRSC VIC MODEL
Andhra Pradesh,Srikakulam,2025-03-16,2025,03,0.0001089633,NRSC VIC MODEL
Andhra Pradesh,Srikakulam,2025-03-29,2025,03,0.0,NRSC VIC MODEL
Andhra Pradesh,Srikakulam,2025-03-30,2025,03,1.45284e-05,NRSC VIC MODEL
Andhra Pradesh,Srikakulam,2025-03-31,2025,03,4.59e-07,NRSC VIC MODEL
Andhra Pradesh,Srikakulam,2025-04-01,2025,04,0.0,NRSC VIC MODEL
Andhra Pradesh,Srikakulam,2025-04-02,2025,04,0.0,NRSC VIC MODEL
Andhra Pradesh,Srikakulam,2025-04-10,2025,04,0.0,NRSC VIC MODEL
Andhra Pradesh,Srikakulam,2025-04-13,2025,04,0.3070848464,NRSC VIC MODEL
Andhra Pradesh,Srikakulam,2025-04-16,2025,04,9.3862486403,NRSC VIC MODEL
Andhra Pradesh,Srikakulam,2025-04-19,2025,04,0.0004588048,NRSC VIC MODEL
Andhra Pradesh,Srikakulam,2025-04-24,2025,04,0.0002479943,NRSC VIC MODEL
Andhra Pradesh,Srikakulam,2025-04-26,2025,04,4.02561e-05,NRSC VIC MODEL
Andhra Pradesh,Srikakulam,2025-04-28,2025,04,0.4457671284,NRSC VIC MODEL
Andhra Pradesh,Srikakulam,2025-04-30,2025,04,9.0783685779,NRSC VIC MODEL
Andhra Pradesh,Srikakulam,2025-05-01,2025,05,0.3728642526,NRSC VIC MODEL
Andhra Pradesh,Srikakulam,2025-05-04,2025,05,2.063431207,NRSC VIC MODEL
Andhra Pradesh,Srikakulam,2025-05-05,2025,05,0.3640351131,NRSC VIC MODEL
Andhra Pradesh,Srikakulam,2025-05-16,2025,05,0.0576551646,NRSC VIC MODEL
Andhra Pradesh,Srikakulam,2025-05-24,2025,05,0.5035363951,NRSC VIC MODEL
Andhra Pradesh,Srikakulam,2025-05-27,2025,05,5.3600537777,NRSC VIC MODEL
Andhra Pradesh,Srikakulam,2025-05-30,2025,05,1.3061436359,NRSC VIC MODEL
Andhra Pradesh,Srikakulam,2025-06-06,2025,06,1.2138276391,NRSC VIC MODEL
Andhra Pradesh,Srikakulam,2025-06-09,2025,06,0.0304530296,NRSC VIC MODEL
Andhra Pradesh,Srikakulam,2025-06-18,2025,06,0.7673863148,NRSC VIC MODEL
Andhra Pradesh,Srikakulam,2025-06-25,2025,06,4.2240005923,NRSC VIC MODEL
Andhra Pradesh,Srikakulam,2025-06-27,2025,06,0.4014237705,NRSC VIC MODEL
Andhra Pradesh,Anantapur,2025-01-02,2025,01,9.67639e-05,NRSC VIC MODEL
Andhra Pradesh,Anantapur,2025-01-03,2025,01,0.0048893568,NRSC VIC MODEL
Andhra Pradesh,Anantapur,2025-01-07,2025,01,0.0002797208,NRSC VIC MODEL
Andhra Pradesh,Anantapur,2025-01-14,2025,01,0.0783768162,NRSC VIC MODEL
Andhra Pradesh,Anantapur,2025-01-21,2025,01,0.0016709524,NRSC VIC MODEL
Andhra Pradesh,Anantapur,2025-01-25,2025,01,0.000421238,NRSC VIC MODEL
Andhra Pradesh,Anantapur,2025-01-27,2025,01,0.0005991417,NRSC VIC MODEL
Andhra Pradesh,Anantapur,2025-01-28,2025,01,4.0223e-06,NRSC VIC MODEL
Andhra Pradesh,Anantapur,2025-01-30,2025,01,0.0,NRSC VIC MODEL
Andhra Pradesh,Anantapur,2025-02-04,2025,02,0.0026971239,NRSC VIC MODEL
Andhra Pradesh,Anantapur,2025-02-09,2025,02,0.0008953643,NRSC VIC MODEL
Andhra Pradesh,Anantapur,2025-02-13,2025,02,0.0,NRSC VIC MODEL
Andhra Pradesh,Anantapur,2025-02-23,2025,02,0.0,NRSC VIC MODEL
Andhra Pradesh,Anantapur,2025-02-24,2025,02,0.0037977111,NRSC VIC MODEL
Andhra Pradesh,Anantapur,2025-02-25,2025,02,0.0,NRSC VIC MODEL
Andhra Pradesh,Anantapur,2025-03-15,2025,03,0.0,NRSC VIC MODEL
Andhra Pradesh,Anantapur,2025-03-19,2025,03,0.0,NRSC VIC MODEL
Andhra Pradesh,Anantapur,2025-03-20,2025,03,0.0004125526,NRSC VIC MODEL
Andhra Pradesh,Anantapur,2025-03-27,2025,03,0.0001642137,NRSC VIC MODEL
Andhra Pradesh,Anantapur,2025-03-28,2025,03,8.9484e-06,NRSC VIC MODEL
Andhra Pradesh,Anantapur,2025-03-29,2025,03,0.0001329202,NRSC VIC MODEL
Andhra Pradesh,Anantapur,2025-04-01,2025,04,0.0003361011,NRSC VIC MODEL
Andhra Pradesh,Anantapur,2025-04-02,2025,04,0.0021669044,NRSC VIC MODEL
Andhra Pradesh,Anantapur,2025-04-09,2025,04,0.043690767,NRSC VIC MODEL
Andhra Pradesh,Anantapur,2025-04-16,2025,04,0.0452822558,NRSC VIC MODEL
Andhra Pradesh,Anantapur,2025-04-18,2025,04,0.0555754721,NRSC VIC MODEL
Andhra Pradesh,Anantapur,2025-04-29,2025,04,0.2015482454,NRSC VIC MODEL
Andhra Pradesh,Anantapur,2025-05-05,2025,05,0.0001467636,NRSC VIC MODEL
Andhra Pradesh,Anantapur,2025-05-09,2025,05,0.3283465043,NRSC VIC MODEL
Andhra Pradesh,Anantapur,2025-05-10,2025,05,0.9635368229,NRSC VIC MODEL
Andhra Pradesh,Anantapur,2025-05-03,2025,05,10.9502745601,NRSC VIC MODEL
Andhra Pradesh,Anantapur,2025-05-23,2025,05,0.1859259821,NRSC VIC MODEL
Andhra Pradesh,Anantapur,2025-05-24,2025,05,0.069055324,NRSC VIC MODEL
Andhra Pradesh,Anantapur,2025-05-28,2025,05,1.1593412644,NRSC VIC MODEL
Andhra Pradesh,Anantapur,2025-06-05,2025,06,0.0428535559,NRSC VIC MODEL
Andhra Pradesh,Anantapur,2025-06-11,2025,06,4.3067477546,NRSC VIC MODEL
Andhra Pradesh,Anantapur,2025-06-14,2025,06,0.6618123289,NRSC VIC MODEL
Andhra Pradesh,Anantapur,2025-06-19,2025,06,0.4845621617,NRSC VIC MODEL
Andhra Pradesh,Chittoor,2025-01-02,2025,01,0.0,NRSC VIC MODEL
Andhra Pradesh,Chittoor,2025-01-03,2025,01,0.0,NRSC VIC MODEL
Andhra Pradesh,Chittoor,2025-01-07,2025,01,0.0,NRSC VIC MODEL
Andhra Pradesh,Chittoor,2025-01-09,2025,01,0.0,NRSC VIC MODEL
Andhra Pradesh,Chittoor,2025-01-25,2025,01,0.0,NRSC VIC MODEL
Andhra Pradesh,Chittoor,2025-01-28,2025,01,0.0,NRSC VIC MODEL
Andhra Pradesh,Chittoor,2025-01-29,2025,01,8.0757e-06,NRSC VIC MODEL
Andhra Pradesh,Chittoor,2025-02-07,2025,02,0.0,NRSC VIC MODEL
Andhra Pradesh,Chittoor,2025-02-16,2025,02,0.0,NRSC VIC MODEL
Andhra Pradesh,Chittoor,2025-02-18,2025,02,0.0,NRSC VIC MODEL
Andhra Pradesh,Chittoor,2025-02-21,2025,02,0.0,NRSC VIC MODEL
Andhra Pradesh,Chittoor,2025-03-06,2025,03,0.0095336969,NRSC VIC MODEL
Andhra Pradesh,Chittoor,2025-03-08,2025,03,0.0001012348,NRSC VIC MODEL
Andhra Pradesh,Chittoor,2025-03-16,2025,03,0.0,NRSC VIC MODEL
Andhra Pradesh,Chittoor,2025-03-20,2025,03,0.0,NRSC VIC MODEL
Andhra Pradesh,Chittoor,2025-03-21,2025,03,0.0,NRSC VIC MODEL
Andhra Pradesh,Chittoor,2025-03-22,2025,03,0.0,NRSC VIC MODEL
Andhra Pradesh,Chittoor,2025-03-28,2025,03,0.0,NRSC VIC MODEL
Andhra Pradesh,Chittoor,2025-03-29,2025,03,2.46357e-05,NRSC VIC MODEL
Andhra Pradesh,Chittoor,2025-04-10,2025,04,0.002423181,NRSC VIC MODEL
Andhra Pradesh,Chittoor,2025-04-12,2025,04,1.0090133422,NRSC VIC MODEL
Andhra Pradesh,Chittoor,2025-04-14,2025,04,1.039115854,NRSC VIC MODEL
Andhra Pradesh,Chittoor,2025-04-17,2025,04,1.143240512,NRSC VIC MODEL
Andhra Pradesh,Chittoor,2025-04-19,2025,04,0.0020228763,NRSC VIC MODEL
Andhra Pradesh,Chittoor,2025-05-09,2025,05,4.9263310499,NRSC VIC MODEL
Andhra Pradesh,Chittoor,2025-05-19,2025,05,15.0044106362,NRSC VIC MODEL
Andhra Pradesh,Chittoor,2025-05-20,2025,05,6.6940927852,NRSC VIC MODEL
Andhra Pradesh,Chittoor,2025-05-24,2025,05,0.2730415419,NRSC VIC MODEL
Andhra Pradesh,Chittoor,2025-05-26,2025,05,1.9167704783,NRSC VIC MODEL
Andhra Pradesh,Chittoor,2025-05-31,2025,05,0.1775342912,NRSC VIC MODEL
Andhra Pradesh,Chittoor,2025-06-03,2025,06,1.2548690544,NRSC VIC MODEL
Andhra Pradesh,Chittoor,2025-06-13,2025,06,16.0693778148,NRSC VIC MODEL
Andhra Pradesh,Chittoor,2025-06-14,2025,06,1.6496209432,NRSC VIC MODEL
Andhra Pradesh,Chittoor,2025-06-20,2025,06,0.4327546043,NRSC VIC MODEL
Andhra Pradesh,Chittoor,2025-06-22,2025,06,1.5576494511,NRSC VIC MODEL
Andhra Pradesh,Chittoor,2025-06-24,2025,06,0.3641528761,NRSC VIC MODEL
Andhra Pradesh,Chittoor,2025-06-28,2025,06,0.7197965314,NRSC VIC MODEL
Andhra Pradesh,Chittoor,2025-06-29,2025,06,0.3780547831,NRSC VIC MODEL
Andhra Pradesh,East Godavari,2025-01-02,2025,01,0.0001610004,NRSC VIC MODEL
Andhra Pradesh,East Godavari,2025-01-05,2025,01,3.35961e-05,NRSC VIC MODEL
Andhra Pradesh,East Godavari,2025-01-07,2025,01,0.0001082656,NRSC VIC MODEL
Andhra Pradesh,East Godavari,2025-01-08,2025,01,0.0,NRSC VIC MODEL
Andhra Pradesh,East Godavari,2025-01-14,2025,01,0.0,NRSC VIC MODEL
Andhra Pradesh,East Godavari,2025-01-16,2025,01,3.35961e-05,NRSC VIC MODEL
Andhra Pradesh,East Godavari,2025-01-23,2025,01,0.0,NRSC VIC MODEL
Andhra Pradesh,East Godavari,2025-01-27,2025,01,0.0,NRSC VIC MODEL
Andhra Pradesh,East Godavari,2025-02-04,2025,02,0.0,NRSC VIC MODEL
Andhra Pradesh,East Godavari,2025-02-08,2025,02,0.0026291148,NRSC VIC MODEL
Andhra Pradesh,East Godavari,2025-02-09,2025,02,0.0,NRSC VIC MODEL
Andhra Pradesh,East Godavari,2025-02-14,2025,02,0.0,NRSC VIC MODEL
Andhra Pradesh,East Godavari,2025-03-20,2025,03,0.0,NRSC VIC MODEL
Andhra Pradesh,East Godavari,2025-03-21,2025,03,0.0,NRSC VIC MODEL
Andhra Pradesh,East Godavari,2025-03-22,2025,03,0.1478335358,NRSC VIC MODEL
Andhra Pradesh,East Godavari,2025-03-26,2025,03,0.0652809579,NRSC VIC MODEL
Andhra Pradesh,East Godavari,2025-03-30,2025,03,0.0468269587,NRSC VIC MODEL
Andhra Pradesh,East Godavari,2025-04-07,2025,04,2.9358532708,NRSC VIC MODEL
Andhra Pradesh,East Godavari,2025-04-08,2025,04,1.7553542597,NRSC VIC MODEL
Andhra Pradesh,East Godavari,2025-04-21,2025,04,0.8720079721,NRSC VIC MODEL
Andhra Pradesh,East Godavari,2025-04-22,2025,04,0.0,NRSC VIC MODEL
Andhra Pradesh,East Godavari,2025-04-23,2025,04,0.8382652847,NRSC VIC MODEL
Andhra Pradesh,East Godavari,2025-04-30,2025,04,5.7365777464,NRSC VIC MODEL
Andhra Pradesh,East Godavari,2025-05-01,2025,05,6.7265541863,NRSC VIC MODEL
Andhra Pradesh,East Godavari,2025-05-09,2025,05,1.0365621266,NRSC VIC MODEL
Andhra Pradesh,East Godavari,2025-05-10,2025,05,2.5074476911,NRSC VIC MODEL
Andhra Pradesh,East Godavari,2025-05-28,2025,05,33.3047513805,NRSC VIC MODEL
Andhra Pradesh,East Godavari,2025-05-29,2025,05,11.5744208579,NRSC VIC MODEL
Andhra Pradesh,East Godavari,2025-06-02,2025,06,0.0021196385,NRSC VIC MODEL
Andhra Pradesh,East Godavari,2025-06-07,2025,06,0.8469930786,NRSC VIC MODEL
Andhra Pradesh,East Godavari,2025-06-17,2025,06,7.3738320205,NRSC VIC MODEL
Andhra Pradesh,Guntur,2025-01-01,2025,01,0.0001455635,NRSC VIC MODEL
Andhra Pradesh,Guntur,2025-01-02,2025,01,5.998e-06,NRSC VIC MODEL
Andhra Pradesh,Guntur,2025-01-05,2025,01,0.0234318631,NRSC VIC MODEL
Andhra Pradesh,Guntur,2025-01-06,2025,01,0.0049813028,NRSC VIC MODEL
Andhra Pradesh,Guntur,2025-01-19,2025,01,0.0337454818,NRSC VIC MODEL
Andhra Pradesh,Guntur,2025-01-23,2025,01,8.76418e-05,NRSC VIC MODEL
Andhra Pradesh,Guntur,2025-01-28,2025,01,0.0001222573,NRSC VIC MODEL
Andhra Pradesh,Guntur,2025-02-02,2025,02,0.0,NRSC VIC MODEL
Andhra Pradesh,Guntur,2025-02-04,2025,02,0.042220446,NRSC VIC MODEL
Andhra Pradesh,Guntur,2025-02-05,2025,02,0.0,NRSC VIC MODEL
Andhra Pradesh,Guntur,2025-02-20,2025,02,0.0,NRSC VIC MODEL
Andhra Pradesh,Guntur,2025-02-23,2025,02,0.000548771,NRSC VIC MODEL
Andhra Pradesh,Guntur,2025-02-24,2025,02,0.0,NRSC VIC MODEL
Andhra Pradesh,Guntur,2025-02-26,2025,02,0.007302338,NRSC VIC MODEL
Andhra Pradesh,Guntur,2025-03-03,2025,03,0.0,NRSC VIC MODEL
Andhra Pradesh,Guntur,2025-03-04,2025,03,0.0,NRSC VIC MODEL
Andhra Pradesh,Guntur,2025-03-08,2025,03,0.0,NRSC VIC MODEL
Andhra Pradesh,Guntur,2025-03-09,2025,03,0.0,NRSC VIC MODEL
Andhra Pradesh,Guntur,2025-03-10,2025,03,0.0391441607,NRSC VIC MODEL
Andhra Pradesh,Guntur,2025-03-20,2025,03,0.0251753142,NRSC VIC MODEL
Andhra Pradesh,Guntur,2025-03-22,2025,03,0.0429137129,NRSC VIC MODEL
Andhra Pradesh,Guntur,2025-03-28,2025,03,0.0001863129,NRSC VIC MODEL
Andhra Pradesh,Guntur,2025-04-05,2025,04,0.2277324549,NRSC VIC MODEL
Andhra Pradesh,Guntur,2025-04-11,2025,04,0.6440289313,NRSC VIC MODEL
Andhra Pradesh,Guntur,2025-04-13,2025,04,0.3931045987,NRSC VIC MODEL
Andhra Pradesh,Guntur,2025-04-30,2025,04,0.0748633415,NRSC VIC MODEL
Andhra Pradesh,Guntur,2025-05-06,2025,05,0.0041308976,NRSC VIC MODEL
Andhra Pradesh,Guntur,2025-05-03,2025,05,3.9494164703,NRSC VIC MODEL
Andhra Pradesh,Guntur,2025-05-19,2025,05,1.6260506059,NRSC VIC MODEL
Andhra Pradesh,Guntur,2025-05-22,2025,05,36.2501214516,NRSC VIC MODEL
Andhra Pradesh,Guntur,2025-05-24,2025,05,10.4996571998,NRSC VIC MODEL
Andhra Pradesh,Guntur,2025-05-27,2025,05,0.0567193143,NRSC VIC MODEL
Andhra Pradesh,Visakhapatanam,2025-01-06,2025,01,0.0,NRSC VIC MODEL
Andhra Pradesh,Visakhapatanam,2025-01-10,2025,01,0.0,NRSC VIC MODEL
Andhra Pradesh,Visakhapatanam,2025-01-14,2025,01,0.0013845684,NRSC VIC MODEL
Andhra Pradesh,Visakhapatanam,2025-01-17,2025,01,0.0,NRSC VIC MODEL
Andhra Pradesh,Visakhapatanam,2025-01-18,2025,01,0.0280342252,NRSC VIC MODEL
Andhra Pradesh,Visakhapatanam,2025-01-25,2025,01,0.0,NRSC VIC MODEL
Andhra Pradesh,Visakhapatanam,2025-01-31,2025,01,0.0,NRSC VIC MODEL
Andhra Pradesh,Visakhapatanam,2025-02-02,2025,02,0.0035488605,NRSC VIC MODEL
Andhra Pradesh,Visakhapatanam,2025-02-19,2025,02,0.0,NRSC VIC MODEL
Andhra Pradesh,Visakhapatanam,2025-02-20,2025,02,3.479e-06,NRSC VIC MODEL
Andhra Pradesh,Visakhapatanam,2025-02-23,2025,02,0.0107787856,NRSC VIC MODEL
Andhra Pradesh,Visakhapatanam,2025-02-25,2025,02,0.0,NRSC VIC MODEL
Andhra Pradesh,Visakhapatanam,2025-03-03,2025,03,0.0875991621,NRSC VIC MODEL
Andhra Pradesh,Visakhapatanam,2025-03-05,2025,03,0.2086897984,NRSC VIC MODEL
Andhra Pradesh,Visakhapatanam,2025-03-06,2025,03,0.0298531274,NRSC VIC MODEL
Andhra Pradesh,Visakhapatanam,2025-03-08,2025,03,0.0,NRSC VIC MODEL
Andhra Pradesh,Visakhapatanam,2025-03-12,2025,03,0.0,NRSC VIC MODEL
Andhra Pradesh,Visakhapatanam,2025-03-13,2025,03,0.0,NRSC VIC MODEL
Andhra Pradesh,Visakhapatanam,2025-03-17,2025,03,0.0039051372,NRSC VIC MODEL
Andhra Pradesh,Visakhapatanam,2025-04-03,2025,04,0.0921765177,NRSC VIC MODEL
Andhra Pradesh,Visakhapatanam,2025-04-22,2025,04,0.0,NRSC VIC MODEL
Andhra Pradesh,Visakhapatanam,2025-04-27,2025,04,1.6229374525,NRSC VIC MODEL
Andhra Pradesh,Visakhapatanam,2025-04-28,2025,04,0.0348058681,NRSC VIC MODEL
Andhra Pradesh,Visakhapatanam,2025-04-30,2025,04,3.7570791386,NRSC VIC MODEL
Andhra Pradesh,Visakhapatanam,2025-05-05,2025,05,10.4831371271,NRSC VIC MODEL
Andhra Pradesh,Visakhapatanam,2025-05-16,2025,05,9.6121337269,NRSC VIC MODEL
Andhra Pradesh,Visakhapatanam,2025-05-20,2025,05,6.8123759792,NRSC VIC MODEL
Andhra Pradesh,Visakhapatanam,2025-05-21,2025,05,9.2694537026,NRSC VIC MODEL
Andhra Pradesh,Visakhapatanam,2025-05-23,2025,05,9.9179647162,NRSC VIC MODEL
Andhra Pradesh,Visakhapatanam,2025-06-01,2025,06,1.4147470745,NRSC VIC MODEL
Andhra Pradesh,Visakhapatanam,2025-06-06,2025,06,1.0897443397,NRSC VIC MODEL
Andhra Pradesh,Visakhapatanam,2025-06-10,2025,06,1.8097847129,NRSC VIC MODEL
Andhra Pradesh,Visakhapatanam,2025-06-16,2025,06,1.3195654737,NRSC VIC MODEL
Andhra Pradesh,Visakhapatanam,2025-06-18,2025,06,0.4467325661,NRSC VIC MODEL
Andhra Pradesh,Visakhapatanam,2025-06-20,2025,06,1.2746048138,NRSC VIC MODEL
Andhra Pradesh,Visakhapatanam,2025-06-15,2025,06,8.5763435417,NRSC VIC MODEL
Andhra Pradesh,Visakhapatanam,2025-06-24,2025,06,12.7234782643,NRSC VIC MODEL
Andhra Pradesh,Visakhapatanam,2025-06-30,2025,06,7.956529347,NRSC VIC MODEL
Andhra Pradesh,Vizianagaram,2025-01-04,2025,01,0.0,NRSC VIC MODEL
Andhra Pradesh,Vizianagaram,2025-01-06,2025,01,0.0,NRSC VIC MODEL
Andhra Pradesh,Vizianagaram,2025-01-09,2025,01,0.0,NRSC VIC MODEL
Andhra Pradesh,Vizianagaram,2025-01-11,2025,01,0.0,NRSC VIC MODEL
Andhra Pradesh,Vizianagaram,2025-01-13,2025,01,0.0,NRSC VIC MODEL
Andhra Pradesh,Vizianagaram,2025-01-16,2025,01,0.0,NRSC VIC MODEL
Andhra Pradesh,Vizianagaram,2025-01-20,2025,01,0.0,NRSC VIC MODEL
Andhra Pradesh,Vizianagaram,2025-01-22,2025,01,0.0,NRSC VIC MODEL
Andhra Pradesh,Vizianagaram,2025-01-27,2025,01,0.0,NRSC VIC MODEL
Andhra Pradesh,Vizianagaram,2025-01-29,2025,01,0.0,NRSC VIC MODEL
Andhra Pradesh,Vizianagaram,2025-02-01,2025,02,0.0,NRSC VIC MODEL
Andhra Pradesh,Vizianagaram,2025-02-06,2025,02,0.0,NRSC VIC MODEL
Andhra Pradesh,Vizianagaram,2025-02-08,2025,02,0.0631953243,NRSC VIC MODEL
Andhra Pradesh,Vizianagaram,2025-02-09,2025,02,0.0,NRSC VIC MODEL
Andhra Pradesh,Vizianagaram,2025-03-08,2025,03,0.0,NRSC VIC MODEL
Andhra Pradesh,Vizianagaram,2025-03-09,2025,03,0.0,NRSC VIC MODEL
Andhra Pradesh,Vizianagaram,2025-03-19,2025,03,0.0,NRSC VIC MODEL
Andhra Pradesh,Vizianagaram,2025-03-21,2025,03,0.0,NRSC VIC MODEL
Andhra Pradesh,Vizianagaram,2025-03-24,2025,03,12.4198874903,NRSC VIC MODEL
Andhra Pradesh,Vizianagaram,2025-03-25,2025,03,0.0901697925,NRSC VIC MODEL
Andhra Pradesh,Vizianagaram,2025-03-28,2025,03,0.0,NRSC VIC MODEL
Andhra Pradesh,Vizianagaram,2025-04-11,2025,04,0.8746844308,NRSC VIC MODEL
Andhra Pradesh,Vizianagaram,2025-04-16,2025,04,11.9308838445,NRSC VIC MODEL
Andhra Pradesh,Vizianagaram,2025-04-19,2025,04,0.0016746566,NRSC VIC MODEL
Andhra Pradesh,Vizianagaram,2025-05-01,2025,05,6.0344348748,NRSC VIC MODEL
Andhra Pradesh,Vizianagaram,2025-05-04,2025,05,6.931841052,NRSC VIC MODEL
Andhra Pradesh,Vizianagaram,2025-05-15,2025,05,9.4592843993,NRSC VIC MODEL
Andhra Pradesh,Vizianagaram,2025-05-20,2025,05,4.9887939828,NRSC VIC MODEL
Andhra Pradesh,Vizianagaram,2025-05-24,2025,05,0.3779103021,NRSC VIC MODEL
Andhra Pradesh,Vizianagaram,2025-05-30,2025,05,3.650875865,NRSC VIC MODEL
Andhra Pradesh,Vizianagaram,2025-06-24,2025,06,7.2914907865,NRSC VIC MODEL
Andhra Pradesh,Vizianagaram,2025-06-27,2025,06,0.7273031033,NRSC VIC MODEL
Andhra Pradesh,West Godavari,2025-01-01,2025,01,0.0,NRSC VIC MODEL
Andhra Pradesh,West Godavari,2025-01-04,2025,01,0.0,NRSC VIC MODEL
Andhra Pradesh,West Godavari,2025-01-07,2025,01,0.0848071234,NRSC VIC MODEL
Andhra Pradesh,West Godavari,2025-01-09,2025,01,0.0,NRSC VIC MODEL
Andhra Pradesh,West Godavari,2025-01-13,2025,01,0.000118502,NRSC VIC MODEL
Andhra Pradesh,West Godavari,2025-01-12,2025,01,2.07974e-05,NRSC VIC MODEL
Andhra Pradesh,West Godavari,2025-01-16,2025,01,0.0018449627,NRSC VIC MODEL
Andhra Pradesh,West Godavari,2025-01-26,2025,01,4.52633e-05,NRSC VIC MODEL
Andhra Pradesh,West Godavari,2025-01-30,2025,01,0.0,NRSC VIC MODEL
Andhra Pradesh,West Godavari,2025-02-19,2025,02,9.60114e-05,NRSC VIC MODEL
Andhra Pradesh,West Godavari,2025-02-24,2025,02,0.0,NRSC VIC MODEL
Andhra Pradesh,West Godavari,2025-03-10,2025,03,0.0,NRSC VIC MODEL
Andhra Pradesh,West Godavari,2025-03-15,2025,03,0.0,NRSC VIC MODEL
Andhra Pradesh,West Godavari,2025-03-18,2025,03,0.0,NRSC VIC MODEL
Andhra Pradesh,West Godavari,2025-03-21,2025,03,0.0,NRSC VIC MODEL
Andhra Pradesh,West Godavari,2025-03-22,2025,03,0.0209997173,NRSC VIC MODEL
Andhra Pradesh,West Godavari,2025-04-02,2025,04,0.0,NRSC VIC MODEL
Andhra Pradesh,West Godavari,2025-04-05,2025,04,0.492804585,NRSC VIC MODEL
Andhra Pradesh,West Godavari,2025-04-07,2025,04,1.6223667712,NRSC VIC MODEL
Andhra Pradesh,West Godavari,2025-04-13,2025,04,1.2296354206,NRSC VIC MODEL
Andhra Pradesh,West Godavari,2025-04-16,2025,04,5.2669749836,NRSC VIC MODEL
Andhra Pradesh,West Godavari,2025-04-20,2025,04,0.0208070151,NRSC VIC MODEL
Andhra Pradesh,West Godavari,2025-04-23,2025,04,0.0240440144,NRSC VIC MODEL
Andhra Pradesh,West Godavari,2025-05-06,2025,05,0.311819776,NRSC VIC MODEL
Andhra Pradesh,West Godavari,2025-05-08,2025,05,4.2061867096,NRSC VIC MODEL
Andhra Pradesh,West Godavari,2025-05-10,2025,05,4.3228029213,NRSC VIC MODEL
Andhra Pradesh,West Godavari,2025-05-17,2025,05,1.5029639826,NRSC VIC MODEL
Andhra Pradesh,West Godavari,2025-05-24,2025,05,12.9191549387,NRSC VIC MODEL
Andhra Pradesh,West Godavari,2025-05-26,2025,05,5.3066423039,NRSC VIC MODEL
Andhra Pradesh,West Godavari,2025-05-27,2025,05,1.773153692,NRSC VIC MODEL
Andhra Pradesh,West Godavari,2025-06-11,2025,06,13.4586353916,NRSC VIC MODEL
Andhra Pradesh,West Godavari,2025-06-19,2025,06,0.127841944,NRSC VIC MODEL
Andhra Pradesh,West Godavari,2025-06-15,2025,06,10.7271360666,NRSC VIC MODEL
Andhra Pradesh,West Godavari,2025-06-23,2025,06,9.1288891773,NRSC VIC MODEL
Andhra Pradesh,West Godavari,2025-06-28,2025,06,0.4218744404,NRSC VIC MODEL
Andhra Pradesh,West Godavari,2025-06-30,2025,06,15.8401102554,NRSC VIC MODEL
Andhra Pradesh,Y.S.R.,2025-01-02,2025,01,0.0028430456,NRSC VIC MODEL
Andhra Pradesh,Y.S.R.,2025-01-06,2025,01,0.0,NRSC VIC MODEL
Andhra Pradesh,Y.S.R.,2025-01-07,2025,01,0.0082787357,NRSC VIC MODEL
Andhra Pradesh,Y.S.R.,2025-01-09,2025,01,0.0,NRSC VIC MODEL
Andhra Pradesh,Y.S.R.,2025-01-15,2025,01,0.0,NRSC VIC MODEL
Andhra Pradesh,Y.S.R.,2025-01-24,2025,01,0.000864923,NRSC VIC MODEL
Andhra Pradesh,Y.S.R.,2025-01-29,2025,01,0.0102087124,NRSC VIC MODEL
Andhra Pradesh,Y.S.R.,2025-02-01,2025,02,0.0079055014,NRSC VIC MODEL
Andhra Pradesh,Y.S.R.,2025-02-02,2025,02,0.0005855384,NRSC VIC MODEL
Andhra Pradesh,Y.S.R.,2025-02-05,2025,02,0.0101666147,NRSC VIC MODEL
Andhra Pradesh,Y.S.R.,2025-02-09,2025,02,0.0006133281,NRSC VIC MODEL
Andhra Pradesh,Y.S.R.,2025-02-15,2025,02,0.0,NRSC VIC MODEL
Andhra Pradesh,Y.S.R.,2025-02-16,2025,02,0.0,NRSC VIC MODEL
Andhra Pradesh,Y.S.R.,2025-02-28,2025,02,0.0,NRSC VIC MODEL
Andhra Pradesh,Y.S.R.,2025-03-16,2025,03,0.0,NRSC VIC MODEL
Andhra Pradesh,Y.S.R.,2025-03-20,2025,03,0.0003102265,NRSC VIC MODEL
Andhra Pradesh,Y.S.R.,2025-03-23,2025,03,0.5767307329,NRSC VIC MODEL
Andhra Pradesh,Y.S.R.,2025-03-25,2025,03,0.0,NRSC VIC MODEL
Andhra Pradesh,Y.S.R.,2025-03-29,2025,03,0.000171117,NRSC VIC MODEL
Andhra Pradesh,Y.S.R.,2025-03-31,2025,03,0.0133624905,NRSC VIC MODEL
Andhra Pradesh,Y.S.R.,2025-04-04,2025,04,7.0277846929,NRSC VIC MODEL
Andhra Pradesh,Y.S.R.,2025-04-06,2025,04,0.014407945,NRSC VIC MODEL
Andhra Pradesh,Y.S.R.,2025-04-10,2025,04,5.16331e-05,NRSC VIC MODEL
Andhra Pradesh,Y.S.R.,2025-04-20,2025,04,0.0147814709,NRSC VIC MODEL
Andhra Pradesh,Y.S.R.,2025-04-23,2025,04,0.0002993081,NRSC VIC MODEL
Andhra Pradesh,Y.S.R.,2025-05-02,2025,05,6.0644347942,NRSC VIC MODEL
Andhra Pradesh,Y.S.R.,2025-05-08,2025,05,3.3788631532,NRSC VIC MODEL
Andhra Pradesh,Y.S.R.,2025-05-22,2025,05,7.6400325258,NRSC VIC MODEL
Andhra Pradesh,Y.S.R.,2025-05-27,2025,05,2.4281823677,NRSC VIC MODEL
Andhra Pradesh,Y.S.R.,2025-06-02,2025,06,0.1046455134,NRSC VIC MODEL
Andhra Pradesh,Y.S.R.,2025-06-14,2025,06,2.5433341397,NRSC VIC MODEL
Andhra Pradesh,Y.S.R.,2025-06-22,2025,06,0.7994849504,NRSC VIC MODEL
Andhra Pradesh,Y.S.R.,2025-06-24,2025,06,1.6507587815,NRSC VIC MODEL
Andhra Pradesh,Anantapur,2025-01-10,2025,01,0.0,NRSC VIC MODEL
Andhra Pradesh,Anantapur,2025-01-15,2025,01,0.0,NRSC VIC MODEL
Andhra Pradesh,Anantapur,2025-01-16,2025,01,0.0095509369,NRSC VIC MODEL
Andhra Pradesh,Anantapur,2025-01-17,2025,01,0.0002550882,NRSC VIC MODEL
Andhra Pradesh,Anantapur,2025-01-25,2025,01,0.000421238,NRSC VIC MODEL
Andhra Pradesh,Anantapur,2025-01-31,2025,01,0.0,NRSC VIC MODEL
Andhra Pradesh,Chittoor,2025-01-12,2025,01,6.8004e-06,NRSC VIC MODEL
Andhra Pradesh,Chittoor,2025-01-16,2025,01,7.22762e-05,NRSC VIC MODEL
Andhra Pradesh,Chittoor,2025-01-18,2025,01,0.0,NRSC VIC MODEL
Andhra Pradesh,Chittoor,2025-01-26,2025,01,0.0,NRSC VIC MODEL
Andhra Pradesh,Chittoor,2025-01-25,2025,01,0.0,NRSC VIC MODEL
Andhra Pradesh,Chittoor,2025-01-28,2025,01,0.0,NRSC VIC MODEL
Andhra Pradesh,Chittoor,2025-01-30,2025,01,0.0,NRSC VIC MODEL
Andhra Pradesh,East Godavari,2025-01-03,2025,01,1.1026e-06,NRSC VIC MODEL
Andhra Pradesh,East Godavari,2025-01-05,2025,01,3.35961e-05,NRSC VIC MODEL
Andhra Pradesh,East Godavari,2025-01-06,2025,01,0.0,NRSC VIC MODEL
Andhra Pradesh,East Godavari,2025-01-15,2025,01,0.0,NRSC VIC MODEL
Andhra Pradesh,East Godavari,2025-01-18,2025,01,0.0049687065,NRSC VIC MODEL
Andhra Pradesh,East Godavari,2025-01-19,2025,01,0.0,NRSC VIC MODEL
Andhra Pradesh,East Godavari,2025-01-27,2025,01,0.0,NRSC VIC MODEL
Andhra Pradesh,East Godavari,2025-01-30,2025,01,0.0,NRSC VIC MODEL
Andhra Pradesh,East Godavari,2025-01-31,2025,01,0.0,NRSC VIC MODEL
Andhra Pradesh,Guntur,2025-01-02,2025,01,5.998e-06,NRSC VIC MODEL
Andhra Pradesh,Guntur,2025-01-03,2025,01,0.0049004156,NRSC VIC MODEL
Andhra Pradesh,Guntur,2025-01-04,2025,01,0.0025523863,NRSC VIC MODEL
Andhra Pradesh,Guntur,2025-01-10,2025,01,0.0073751742,NRSC VIC MODEL
Andhra Pradesh,Guntur,2025-01-15,2025,01,0.0,NRSC VIC MODEL
Andhra Pradesh,Guntur,2025-01-17,2025,01,4.07524e-05,NRSC VIC MODEL
Andhra Pradesh,Guntur,2025-01-21,2025,01,8.76418e-05,NRSC VIC MODEL
Andhra Pradesh,Guntur,2025-01-27,2025,01,0.0002037622,NRSC VIC MODEL
Andhra Pradesh,Guntur,2025-01-28,2025,01,0.0001222573,NRSC VIC MODEL
Andhra Pradesh,Guntur,2025-01-29,2025,01,0.0387367279,NRSC VIC MODEL
Andhra Pradesh,Krishna,2025-01-02,2025,01,5.2008e-05,NRSC VIC MODEL
Andhra Pradesh,Krishna,2025-01-04,2025,01,0.0,NRSC VIC MODEL
Andhra Pradesh,Krishna,2025-01-08,2025,01,0.0,NRSC VIC MODEL
Andhra Pradesh,Krishna,2025-01-10,2025,01,0.003864629,NRSC VIC MODEL
Andhra Pradesh,Krishna,2025-01-12,2025,01,7.72895e-05,NRSC VIC MODEL
Andhra Pradesh,Krishna,2025-01-16,2025,01,0.000105373,NRSC VIC MODEL
Andhra Pradesh,Krishna,2025-01-26,2025,01,5.41499e-05,NRSC VIC MODEL
Andhra Pradesh,Kurnool,2025-01-01,2025,01,2.2093e-05,NRSC VIC MODEL
Andhra Pradesh,Kurnool,2025-01-04,2025,01,0.0,NRSC VIC MODEL
Andhra Pradesh,Kurnool,2025-01-05,2025,01,0.0021521657,NRSC VIC MODEL
Andhra Pradesh,Kurnool,2025-01-07,2025,01,0.0086121477,NRSC VIC MODEL
Andhra Pradesh,Kurnool,2025-01-08,2025,01,0.0,NRSC VIC MODEL
Andhra Pradesh,Kurnool,2025-01-11,2025,01,0.0,NRSC VIC MODEL
Andhra Pradesh,Kurnool,2025-01-15,2025,01,0.0,NRSC VIC MODEL
Andhra Pradesh,Kurnool,2025-01-23,2025,01,0.0057755773,NRSC VIC MODEL
Andhra Pradesh,Kurnool,2025-01-27,2025,01,0.0169609694,NRSC VIC MODEL
Andhra Pradesh,Kurnool,2025-01-28,2025,01,0.0001365972,NRSC VIC MODEL
Andhra Pradesh,Kurnool,2025-01-31,2025,01,0.0,NRSC VIC MODEL
Andhra Pradesh,Prakasam,2025-01-05,2025,01,3.25079e-05,NRSC VIC MODEL
Andhra Pradesh,Prakasam,2025-01-12,2025,01,0.0010038737,NRSC VIC MODEL
Andhra Pradesh,Prakasam,2025-01-20,2025,01,0.005896717,NRSC VIC MODEL
Andhra Pradesh,Prakasam,2025-01-21,2025,01,0.0,NRSC VIC MODEL
Andhra Pradesh,Prakasam,2025-01-23,2025,01,0.0,NRSC VIC MODEL
Andhra Pradesh,Prakasam,2025-01-28,2025,01,0.0,NRSC VIC MODEL
Andhra Pradesh,SPSR Nellore,2025-01-06,2025,01,0.0,NRSC VIC MODEL
Andhra Pradesh,SPSR Nellore,2025-01-09,2025,01,0.0,NRSC VIC MODEL
Andhra Pradesh,SPSR Nellore,2025-01-16,2025,01,0.0899694235,NRSC VIC MODEL
Andhra Pradesh,SPSR Nellore,2025-01-17,2025,01,0.0,NRSC VIC MODEL
Andhra Pradesh,SPSR Nellore,2025-01-23,2025,01,0.0,NRSC VIC MODEL
Andhra Pradesh,SPSR Nellore,2025-01-28,2025,01,0.0,NRSC VIC MODEL
Andhra Pradesh,Srikakulam,2025-01-02,2025,01,9.00391e-05,NRSC VIC MODEL
Andhra Pradesh,Srikakulam,2025-01-03,2025,01,0.0,NRSC VIC MODEL
Andhra Pradesh,Srikakulam,2025-01-05,2025,01,0.0006526837,NRSC VIC MODEL
Andhra Pradesh,Srikakulam,2025-01-14,2025,01,0.0,NRSC VIC MODEL
Andhra Pradesh,Srikakulam,2025-01-16,2025,01,0.0,NRSC VIC MODEL
Andhra Pradesh,Srikakulam,2025-01-17,2025,01,0.0,NRSC VIC MODEL
Andhra Pradesh,Srikakulam,2025-01-19,2025,01,8.70245e-05,NRSC VIC MODEL
Andhra Pradesh,Srikakulam,2025-01-26,2025,01,0.0,NRSC VIC MODEL
Andhra Pradesh,Srikakulam,2025-01-27,2025,01,0.0,NRSC VIC MODEL
Andhra Pradesh,Visakhapatanam,2025-01-02,2025,01,0.0,NRSC VIC MODEL
Andhra Pradesh,Visakhapatanam,2025-01-10,2025,01,0.0,NRSC VIC MODEL
Andhra Pradesh,Visakhapatanam,2025-01-12,2025,01,0.0,NRSC VIC MODEL
Andhra Pradesh,Visakhapatanam,2025-01-16,2025,01,0.0,NRSC VIC MODEL
Andhra Pradesh,Visakhapatanam,2025-01-17,2025,01,0.0,NRSC VIC MODEL
Andhra Pradesh,Visakhapatanam,2025-01-25,2025,01,0.0,NRSC VIC MODEL
Andhra Pradesh,Visakhapatanam,2025-01-28,2025,01,0.0042959457,NRSC VIC MODEL
Andhra Pradesh,Visakhapatanam,2025-01-29,2025,01,0.0,NRSC VIC MODEL
Andhra Pradesh,Vizianagaram,2025-01-03,2025,01,0.0,NRSC VIC MODEL
Andhra Pradesh,Vizianagaram,2025-01-04,2025,01,0.0,NRSC VIC MODEL
Andhra Pradesh,Vizianagaram,2025-01-05,2025,01,5.86941e-05,NRSC VIC MODEL
Andhra Pradesh,Vizianagaram,2025-01-14,2025,01,0.0,NRSC VIC MODEL
Andhra Pradesh,Vizianagaram,2025-01-27,2025,01,0.0,NRSC VIC MODEL
Andhra Pradesh,West Godavari,2025-01-01,2025,01,0.0,NRSC VIC MODEL
Andhra Pradesh,West Godavari,2025-01-02,2025,01,0.0001933344,NRSC VIC MODEL
Andhra Pradesh,West Godavari,2025-01-06,2025,01,0.0,NRSC VIC MODEL
Andhra Pradesh,West Godavari,2025-01-20,2025,01,0.0,NRSC VIC MODEL
Andhra Pradesh,West Godavari,2025-01-31,2025,01,0.0,NRSC VIC MODEL
Andhra Pradesh,Y.S.R.,2025-01-02,2025,01,0.0028430456,NRSC VIC MODEL
Andhra Pradesh,Y.S.R.,2025-01-14,2025,01,0.559908615,NRSC VIC MODEL
Andhra Pradesh,Y.S.R.,2025-01-18,2025,01,0.0,NRSC VIC MODEL
Andhra Pradesh,Y.S.R.,2025-01-22,2025,01,0.0,NRSC VIC MODEL
Andhra Pradesh,Y.S.R.,2025-01-23,2025,01,0.0,NRSC VIC MODEL
Andhra Pradesh,Anantapur,2025-02-03,2025,02,0.0004020238,NRSC VIC MODEL
Andhra Pradesh,Anantapur,2025-02-09,2025,02,0.0008953643,NRSC VIC MODEL
Andhra Pradesh,Anantapur,2025-02-08,2025,02,0.0,NRSC VIC MODEL
Andhra Pradesh,Anantapur,2025-02-19,2025,02,0.0,NRSC VIC MODEL
Andhra Pradesh,Anantapur,2025-02-20,2025,02,7.31828e-05,NRSC VIC MODEL
Andhra Pradesh,Anantapur,2025-02-22,2025,02,0.0003425422,NRSC VIC MODEL
Andhra Pradesh,Anantapur,2025-02-23,2025,02,0.0,NRSC VIC MODEL
Andhra Pradesh,Chittoor,2025-02-02,2025,02,0.0,NRSC VIC MODEL
Andhra Pradesh,Chittoor,2025-02-04,2025,02,8.0757e-06,NRSC VIC MODEL
Andhra Pradesh,Chittoor,2025-02-06,2025,02,0.0,NRSC VIC MODEL
Andhra Pradesh,Chittoor,2025-02-09,2025,02,2.6919e-06,NRSC VIC MODEL
Andhra Pradesh,Chittoor,2025-02-13,2025,02,0.0,NRSC VIC MODEL
Andhra Pradesh,Chittoor,2025-02-14,2025,02,0.0,NRSC VIC MODEL
Andhra Pradesh,Chittoor,2025-02-15,2025,02,0.0,NRSC VIC MODEL
Andhra Pradesh,Chittoor,2025-02-16,2025,02,0.0,NRSC VIC MODEL
Andhra Pradesh,Chittoor,2025-02-18,2025,02,0.0,NRSC VIC MODEL
Andhra Pradesh,Chittoor,2025-02-25,2025,02,0.0,NRSC VIC MODEL
Andhra Pradesh,Chittoor,2025-02-28,2025,02,0.0002072116,NRSC VIC MODEL
Andhra Pradesh,East Godavari,2025-02-14,2025,02,0.0,NRSC VIC MODEL
Andhra Pradesh,East Godavari,2025-02-24,2025,02,0.0,NRSC VIC MODEL
Andhra Pradesh,East Godavari,2025-02-28,2025,02,0.0,NRSC VIC MODEL
Andhra Pradesh,Guntur,2025-02-08,2025,02,0.0,NRSC VIC MODEL
Andhra Pradesh,Guntur,2025-02-10,2025,02,0.0,NRSC VIC MODEL
Andhra Pradesh,Guntur,2025-02-14,2025,02,0.0,NRSC VIC MODEL
Andhra Pradesh,Krishna,2025-02-09,2025,02,0.0,NRSC VIC MODEL
Andhra Pradesh,Krishna,2025-02-13,2025,02,0.0013583795,NRSC VIC MODEL
Andhra Pradesh,Krishna,2025-02-17,2025,02,0.0025964751,NRSC VIC MODEL
Andhra Pradesh,Krishna,2025-02-20,2025,02,0.0,NRSC VIC MODEL
Andhra Pradesh,Krishna,2025-02-25,2025,02,0.0,NRSC VIC MODEL
Andhra Pradesh,Kurnool,2025-02-02,2025,02,0.0003463712,NRSC VIC MODEL
Andhra Pradesh,Kurnool,2025-02-20,2025,02,0.002195172,NRSC VIC MODEL
Andhra Pradesh,Kurnool,2025-02-26,2025,02,0.0,NRSC VIC MODEL
Andhra Pradesh,Prakasam,2025-02-14,2025,02,0.0,NRSC VIC MODEL
Andhra Pradesh,SPSR Nellore,2025-02-05,2025,02,0.0,NRSC VIC MODEL
Andhra Pradesh,SPSR Nellore,2025-02-07,2025,02,0.0,NRSC VIC MODEL
Andhra Pradesh,SPSR Nellore,2025-02-08,2025,02,0.0,NRSC VIC MODEL
Andhra Pradesh,SPSR Nellore,2025-02-13,2025,02,0.0002371925,NRSC VIC MODEL
Andhra Pradesh,SPSR Nellore,2025-02-18,2025,02,0.0,NRSC VIC MODEL
Andhra Pradesh,SPSR Nellore,2025-02-27,2025,02,0.0007745227,NRSC VIC MODEL
Andhra Pradesh,Srikakulam,2025-02-05,2025,02,0.0,NRSC VIC MODEL
Andhra Pradesh,Srikakulam,2025-02-18,2025,02,0.0,NRSC VIC MODEL
Andhra Pradesh,Srikakulam,2025-02-23,2025,02,0.0194840162,NRSC VIC MODEL
Andhra Pradesh,Srikakulam,2025-02-24,2025,02,7.15249e-05,NRSC VIC MODEL
Andhra Pradesh,Srikakulam,2025-02-25,2025,02,0.0,NRSC VIC MODEL
Andhra Pradesh,Visakhapatanam,2025-02-04,2025,02,0.0,NRSC VIC MODEL
Andhra Pradesh,Visakhapatanam,2025-02-06,2025,02,0.0,NRSC VIC MODEL
Andhra Pradesh,Visakhapatanam,2025-02-08,2025,02,0.0245447101,NRSC VIC MODEL
Andhra Pradesh,Visakhapatanam,2025-02-13,2025,02,0.0,NRSC VIC MODEL
Andhra Pradesh,Visakhapatanam,2025-02-16,2025,02,0.0,NRSC VIC MODEL
Andhra Pradesh,Vizianagaram,2025-02-05,2025,02,0.0,NRSC VIC MODEL
Andhra Pradesh,Vizianagaram,2025-02-15,2025,02,0.0,NRSC VIC MODEL
Andhra Pradesh,Vizianagaram,2025-02-17,2025,02,0.0,NRSC VIC MODEL
Andhra Pradesh,Vizianagaram,2025-02-19,2025,02,0.0,NRSC VIC MODEL
Andhra Pradesh,Vizianagaram,2025-02-23,2025,02,0.070770505,NRSC VIC MODEL
Andhra Pradesh,Vizianagaram,2025-02-26,2025,02,0.0001068353,NRSC VIC MODEL
Andhra Pradesh,Vizianagaram,2025-02-28,2025,02,0.0,NRSC VIC MODEL
Andhra Pradesh,West Godavari,2025-02-01,2025,02,0.1957098462,NRSC VIC MODEL
Andhra Pradesh,West Godavari,2025-02-06,2025,02,0.0,NRSC VIC MODEL
Andhra Pradesh,West Godavari,2025-02-08,2025,02,0.0,NRSC VIC MODEL
Andhra Pradesh,West Godavari,2025-02-20,2025,02,0.0,NRSC VIC MODEL
Andhra Pradesh,West Godavari,2025-02-23,2025,02,0.0014000105,NRSC VIC MODEL
Andhra Pradesh,West Godavari,2025-02-25,2025,02,0.0489192177,NRSC VIC MODEL
Andhra Pradesh,Y.S.R.,2025-02-06,2025,02,0.0,NRSC VIC MODEL
Andhra Pradesh,Y.S.R.,2025-02-09,2025,02,0.0006133281,NRSC VIC MODEL
Andhra Pradesh,Y.S.R.,2025-02-13,2025,02,0.0,NRSC VIC MODEL
Andhra Pradesh,Y.S.R.,2025-02-21,2025,02,0.0,NRSC VIC MODEL
Andhra Pradesh,Y.S.R.,2025-02-23,2025,02,0.0,NRSC VIC MODEL
Andhra Pradesh,Y.S.R.,2025-02-24,2025,02,0.002512075,NRSC VIC MODEL
Andhra Pradesh,Y.S.R.,2025-02-26,2025,02,4.14632e-05,NRSC VIC MODEL
Andhra Pradesh,Y.S.R.,2025-02-27,2025,02,0.0014713069,NRSC VIC MODEL
Andhra Pradesh,Anantapur,2025-03-04,2025,03,0.0059911886,NRSC VIC MODEL
Andhra Pradesh,Anantapur,2025-03-10,2025,03,0.0020434635,NRSC VIC MODEL
Andhra Pradesh,Anantapur,2025-03-22,2025,03,0.0033229407,NRSC VIC MODEL
Andhra Pradesh,Anantapur,2025-03-27,2025,03,0.0001642137,NRSC VIC MODEL
Andhra Pradesh,Anantapur,2025-03-31,2025,03,0.0006861087,NRSC VIC MODEL
Andhra Pradesh,Chittoor,2025-03-03,2025,03,0.0,NRSC VIC MODEL
Andhra Pradesh,Chittoor,2025-03-08,2025,03,0.0001012348,NRSC VIC MODEL
Andhra Pradesh,Chittoor,2025-03-10,2025,03,5.3838e-06,NRSC VIC MODEL
Andhra Pradesh,Chittoor,2025-03-11,2025,03,0.0,NRSC VIC MODEL
Andhra Pradesh,Chittoor,2025-03-18,2025,03,5.60554e-05,NRSC VIC MODEL
Andhra Pradesh,Chittoor,2025-03-28,2025,03,0.0,NRSC VIC MODEL
Andhra Pradesh,Chittoor,2025-03-29,2025,03,2.46357e-05,NRSC VIC MODEL
Andhra Pradesh,Chittoor,2025-03-30,2025,03,0.0,NRSC VIC MODEL
Andhra Pradesh,East Godavari,2025-03-16,2025,03,0.0,NRSC VIC MODEL
Andhra Pradesh,East Godavari,2025-03-18,2025,03,0.0,NRSC VIC MODEL
Andhra Pradesh,East Godavari,2025-03-24,2025,03,0.098403799,NRSC VIC MODEL
Andhra Pradesh,East Godavari,2025-03-27,2025,03,0.1009604364,NRSC VIC MODEL
Andhra Pradesh,Guntur,2025-03-03,2025,03,0.0,NRSC VIC MODEL
Andhra Pradesh,Guntur,2025-03-17,2025,03,0.0,NRSC VIC MODEL
Andhra Pradesh,Guntur,2025-03-25,2025,03,0.0436420084,NRSC VIC MODEL
Andhra Pradesh,Guntur,2025-03-29,2025,03,0.0002388425,NRSC VIC MODEL
Andhra Pradesh,Krishna,2025-03-07,2025,03,0.0469910604,NRSC VIC MODEL
Andhra Pradesh,Krishna,2025-03-09,2025,03,0.0,NRSC VIC MODEL
Andhra Pradesh,Krishna,2025-03-17,2025,03,0.0,NRSC VIC MODEL
Andhra Pradesh,Krishna,2025-03-18,2025,03,0.0,NRSC VIC MODEL
Andhra Pradesh,Krishna,2025-03-19,2025,03,0.0,NRSC VIC MODEL
Andhra Pradesh,Krishna,2025-03-21,2025,03,0.0,NRSC VIC MODEL
Andhra Pradesh,Kurnool,2025-03-02,2025,03,0.0,NRSC VIC MODEL
Andhra Pradesh,Kurnool,2025-03-07,2025,03,0.0,NRSC VIC MODEL
Andhra Pradesh,Kurnool,2025-03-11,2025,03,0.0015603671,NRSC VIC MODEL
Andhra Pradesh,Kurnool,2025-03-24,2025,03,0.0051860487,NRSC VIC MODEL
Andhra Pradesh,Prakasam,2025-03-07,2025,03,0.0,NRSC VIC MODEL
Andhra Pradesh,Prakasam,2025-03-09,2025,03,0.0,NRSC VIC MODEL
Andhra Pradesh,Prakasam,2025-03-18,2025,03,0.0,NRSC VIC MODEL
Andhra Pradesh,Prakasam,2025-03-22,2025,03,3.27292e-05,NRSC VIC MODEL
Andhra Pradesh,Prakasam,2025-03-23,2025,03,0.9559646781,NRSC VIC MODEL
Andhra Pradesh,Prakasam,2025-03-27,2025,03,0.0,NRSC VIC MODEL
Andhra Pradesh,SPSR Nellore,2025-03-04,2025,03,0.0019241849,NRSC VIC MODEL
Andhra Pradesh,SPSR Nellore,2025-03-06,2025,03,0.0043483383,NRSC VIC MODEL
Andhra Pradesh,SPSR Nellore,2025-03-07,2025,03,0.0,NRSC VIC MODEL
Andhra Pradesh,SPSR Nellore,2025-03-12,2025,03,0.3869925252,NRSC VIC MODEL
Andhra Pradesh,SPSR Nellore,2025-03-17,2025,03,0.0,NRSC VIC MODEL
Andhra Pradesh,SPSR Nellore,2025-03-18,2025,03,0.0,NRSC VIC MODEL
Andhra Pradesh,SPSR Nellore,2025-03-22,2025,03,4.74468e-05,NRSC VIC MODEL
Andhra Pradesh,SPSR Nellore,2025-03-23,2025,03,0.1339911411,NRSC VIC MODEL
Andhra Pradesh,SPSR Nellore,2025-03-25,2025,03,0.0,NRSC VIC MODEL
Andhra Pradesh,SPSR Nellore,2025-03-30,2025,03,0.0013554148,NRSC VIC MODEL
Andhra Pradesh,SPSR Nellore,2025-03-31,2025,03,0.0,NRSC VIC MODEL
Andhra Pradesh,Srikakulam,2025-03-02,2025,03,0.0,NRSC VIC MODEL
Andhra Pradesh,Srikakulam,2025-03-05,2025,03,0.0016869644,NRSC VIC MODEL
Andhra Pradesh,Srikakulam,2025-03-06,2025,03,0.09474486,NRSC VIC MODEL
Andhra Pradesh,Srikakulam,2025-03-22,2025,03,9.45691e-05,NRSC VIC MODEL
Andhra Pradesh,Srikakulam,2025-03-23,2025,03,0.035941637,NRSC VIC MODEL
Andhra Pradesh,Srikakulam,2025-03-27,2025,03,0.0,NRSC VIC MODEL
Andhra Pradesh,Visakhapatanam,2025-03-08,2025,03,0.0,NRSC VIC MODEL
Andhra Pradesh,Visakhapatanam,2025-03-17,2025,03,0.0039051372,NRSC VIC MODEL
Andhra Pradesh,Visakhapatanam,2025-03-19,2025,03,0.0,NRSC VIC MODEL
Andhra Pradesh,Visakhapatanam,2025-03-25,2025,03,1.6004884407,NRSC VIC MODEL
Andhra Pradesh,Visakhapatanam,2025-03-26,2025,03,1.1378045215,NRSC VIC MODEL
Andhra Pradesh,Visakhapatanam,2025-03-27,2025,03,0.2571815548,NRSC VIC MODEL
Andhra Pradesh,Visakhapatanam,2025-03-28,2025,03,0.0,NRSC VIC MODEL
Andhra Pradesh,Visakhapatanam,2025-03-31,2025,03,1.73167e-05,NRSC VIC MODEL
Andhra Pradesh,Vizianagaram,2025-03-09,2025,03,0.0,NRSC VIC MODEL
Andhra Pradesh,Vizianagaram,2025-03-11,2025,03,0.0,NRSC VIC MODEL
Andhra Pradesh,Vizianagaram,2025-03-16,2025,03,0.2228920453,NRSC VIC MODEL
Andhra Pradesh,Vizianagaram,2025-03-21,2025,03,0.0,NRSC VIC MODEL
Andhra Pradesh,Vizianagaram,2025-03-31,2025,03,0.0002615254,NRSC VIC MODEL
Andhra Pradesh,West Godavari,2025-03-01,2025,03,0.0,NRSC VIC MODEL
Andhra Pradesh,Y.S.R.,2025-03-01,2025,03,0.0125497087,NRSC VIC MODEL
Andhra Pradesh,Y.S.R.,2025-03-06,2025,03,0.0036509896,NRSC VIC MODEL
Andhra Pradesh,Y.S.R.,2025-03-23,2025,03,0.5767307329,NRSC VIC MODEL
Andhra Pradesh,Y.S.R.,2025-03-29,2025,03,0.000171117,NRSC VIC MODEL
Andhra Pradesh,Anantapur,2025-04-08,2025,04,5.12279e-05,NRSC VIC MODEL
Andhra Pradesh,Anantapur,2025-04-19,2025,04,0.0571348874,NRSC VIC MODEL
Andhra Pradesh,Anantapur,2025-04-20,2025,04,0.185338546,NRSC VIC MODEL
Andhra Pradesh,Anantapur,2025-04-27,2025,04,0.4453318065,NRSC VIC MODEL
Andhra Pradesh,Chittoor,2025-04-01,2025,04,0.0,NRSC VIC MODEL
Andhra Pradesh,Chittoor,2025-04-02,2025,04,0.0,NRSC VIC MODEL
Andhra Pradesh,Chittoor,2025-04-07,2025,04,3.23516e-05,NRSC VIC MODEL
Andhra Pradesh,Chittoor,2025-04-09,2025,04,0.1388855574,NRSC VIC MODEL
Andhra Pradesh,Chittoor,2025-04-11,2025,04,0.894890508,NRSC VIC MODEL
Andhra Pradesh,Chittoor,2025-04-20,2025,04,0.0133576688,NRSC VIC MODEL
Andhra Pradesh,Chittoor,2025-04-27,2025,04,0.0065277327,NRSC VIC MODEL
Andhra Pradesh,East Godavari,2025-04-04,2025,04,2.4445298704,NRSC VIC MODEL
Andhra Pradesh,East Godavari,2025-04-06,2025,04,8.8376212987,NRSC VIC MODEL
Andhra Pradesh,East Godavari,2025-04-13,2025,04,1.1277626694,NRSC VIC MODEL
Andhra Pradesh,East Godavari,2025-04-24,2025,04,0.0359537459,NRSC VIC MODEL
Andhra Pradesh,Guntur,2025-04-01,2025,04,0.0005559641,NRSC VIC MODEL
Andhra Pradesh,Guntur,2025-04-02,2025,04,0.0080987919,NRSC VIC MODEL
Andhra Pradesh,Guntur,2025-04-09,2025,04,0.0061045269,NRSC VIC MODEL
Andhra Pradesh,Guntur,2025-04-18,2025,04,0.0,NRSC VIC MODEL
Andhra Pradesh,Guntur,2025-04-27,2025,04,0.0212202786,NRSC VIC MODEL
Andhra Pradesh,Guntur,2025-04-28,2025,04,0.0030855023,NRSC VIC MODEL
Andhra Pradesh,Krishna,2025-04-05,2025,04,0.243550105,NRSC VIC MODEL
Andhra Pradesh,Krishna,2025-04-09,2025,04,0.0346412722,NRSC VIC MODEL
Andhra Pradesh,Krishna,2025-04-12,2025,04,0.3433305299,NRSC VIC MODEL
Andhra Pradesh,Krishna,2025-04-16,2025,04,3.6108222622,NRSC VIC MODEL
Andhra Pradesh,Krishna,2025-04-29,2025,04,0.0,NRSC VIC MODEL
Andhra Pradesh,Kurnool,2025-04-01,2025,04,0.0,NRSC VIC MODEL
Andhra Pradesh,Kurnool,2025-04-07,2025,04,0.0367429508,NRSC VIC MODEL
Andhra Pradesh,Kurnool,2025-04-11,2025,04,0.6421335468,NRSC VIC MODEL
Andhra Pradesh,Kurnool,2025-04-16,2025,04,0.0565672145,NRSC VIC MODEL
Andhra Pradesh,Kurnool,2025-04-25,2025,04,2.4080407939,NRSC VIC MODEL
Andhra Pradesh,Kurnool,2025-04-27,2025,04,1.0809673632,NRSC VIC MODEL
Andhra Pradesh,Kurnool,2025-04-28,2025,04,6.564295633,NRSC VIC MODEL
Andhra Pradesh,Kurnool,2025-04-29,2025,04,0.1830091522,NRSC VIC MODEL
Andhra Pradesh,Prakasam,2025-04-12,2025,04,0.2001655312,NRSC VIC MODEL
Andhra Pradesh,Prakasam,2025-04-14,2025,04,4.2562630459,NRSC VIC MODEL
Andhra Pradesh,Prakasam,2025-04-19,2025,04,0.1431987796,NRSC VIC MODEL
Andhra Pradesh,Prakasam,2025-04-20,2025,04,0.0582714394,NRSC VIC MODEL
Andhra Pradesh,Prakasam,2025-04-24,2025,04,0.0,NRSC VIC MODEL
Andhra Pradesh,Prakasam,2025-04-25,2025,04,0.0,NRSC VIC MODEL
Andhra Pradesh,Prakasam,2025-04-28,2025,04,0.3990444016,NRSC VIC MODEL
Andhra Pradesh,SPSR Nellore,2025-04-10,2025,04,0.0,NRSC VIC MODEL
Andhra Pradesh,SPSR Nellore,2025-04-14,2025,04,0.5384331962,NRSC VIC MODEL
Andhra Pradesh,SPSR Nellore,2025-04-22,2025,04,0.0,NRSC VIC MODEL
Andhra Pradesh,SPSR Nellore,2025-04-26,2025,04,0.0,NRSC VIC MODEL
Andhra Pradesh,SPSR Nellore,2025-04-30,2025,04,4.112e-07,NRSC VIC MODEL
Andhra Pradesh,Srikakulam,2025-04-01,2025,04,0.0,NRSC VIC MODEL
Andhra Pradesh,Srikakulam,2025-04-04,2025,04,0.0011192862,NRSC VIC MODEL
Andhra Pradesh,Srikakulam,2025-04-06,2025,04,0.1692857447,NRSC VIC MODEL
Andhra Pradesh,Srikakulam,2025-04-10,2025,04,0.0,NRSC VIC MODEL
Andhra Pradesh,Srikakulam,2025-04-16,2025,04,9.3862486403,NRSC VIC MODEL
Andhra Pradesh,Srikakulam,2025-04-17,2025,04,0.0,NRSC VIC MODEL
Andhra Pradesh,Srikakulam,2025-04-22,2025,04,0.0011500665,NRSC VIC MODEL
Andhra Pradesh,Srikakulam,2025-04-27,2025,04,0.003132116,NRSC VIC MODEL
Andhra Pradesh,Visakhapatanam,2025-04-03,2025,04,0.0921765177,NRSC VIC MODEL
Andhra Pradesh,Visakhapatanam,2025-04-10,2025,04,0.0071046629,NRSC VIC MODEL
Andhra Pradesh,Visakhapatanam,2025-04-11,2025,04,2.6144498656,NRSC VIC MODEL
Andhra Pradesh,Visakhapatanam,2025-04-13,2025,04,0.7082699789,NRSC VIC MODEL
Andhra Pradesh,Visakhapatanam,2025-04-19,2025,04,0.0556839514,NRSC VIC MODEL
Andhra Pradesh,Visakhapatanam,2025-04-20,2025,04,0.3521154811,NRSC VIC MODEL
Andhra Pradesh,Visakhapatanam,2025-04-21,2025,04,1.0113521901,NRSC VIC MODEL
Andhra Pradesh,Visakhapatanam,2025-04-29,2025,04,6.2707470442,NRSC VIC MODEL
Andhra Pradesh,Visakhapatanam,2025-04-30,2025,04,3.7570791386,NRSC VIC MODEL
Andhra Pradesh,Vizianagaram,2025-04-07,2025,04,0.886922459,NRSC VIC MODEL
Andhra Pradesh,Vizianagaram,2025-04-10,2025,04,0.0329558121,NRSC VIC MODEL
Andhra Pradesh,Vizianagaram,2025-04-27,2025,04,0.3135687242,NRSC VIC MODEL
Andhra Pradesh,West Godavari,2025-04-08,2025,04,3.2231231297,NRSC VIC MODEL
Andhra Pradesh,West Godavari,2025-04-11,2025,04,2.9071608988,NRSC VIC MODEL
Andhra Pradesh,West Godavari,2025-04-12,2025,04,1.0625574599,NRSC VIC MODEL
Andhra Pradesh,West Godavari,2025-04-20,2025,04,0.0208070151,NRSC VIC MODEL
Andhra Pradesh,West Godavari,2025-04-27,2025,04,0.0046604868,NRSC VIC MODEL
Andhra Pradesh,West Godavari,2025-04-30,2025,04,4.7441501879,NRSC VIC MODEL
Andhra Pradesh,Y.S.R.,2025-04-04,2025,04,7.0277846929,NRSC VIC MODEL
Andhra Pradesh,Y.S.R.,2025-04-09,2025,04,0.0517456381,NRSC VIC MODEL
Andhra Pradesh,Y.S.R.,2025-04-14,2025,04,0.1404402659,NRSC VIC MODEL
Andhra Pradesh,Y.S.R.,2025-04-20,2025,04,0.0147814709,NRSC VIC MODEL
Andhra Pradesh,Y.S.R.,2025-04-28,2025,04,0.3540885485,NRSC VIC MODEL
Andhra Pradesh,Anantapur,2025-05-04,2025,05,0.1197399631,NRSC VIC MODEL
Andhra Pradesh,Anantapur,2025-05-06,2025,05,0.0033540757,NRSC VIC MODEL
Andhra Pradesh,Anantapur,2025-05-07,2025,05,0.497407386,NRSC VIC MODEL
Andhra Pradesh,Anantapur,2025-05-10,2025,05,0.9635368229,NRSC VIC MODEL
Andhra Pradesh,Anantapur,2025-05-16,2025,05,1.2082035496,NRSC VIC MODEL
Andhra Pradesh,Anantapur,2025-05-28,2025,05,1.1593412644,NRSC VIC MODEL
Andhra Pradesh,Anantapur,2025-05-30,2025,05,7.5967702519,NRSC VIC MODEL
Andhra Pradesh,Chittoor,2025-05-04,2025,05,1.438686408,NRSC VIC MODEL
Andhra Pradesh,Chittoor,2025-05-07,2025,05,20.3468902984,NRSC VIC MODEL
Andhra Pradesh,Chittoor,2025-05-09,2025,05,4.9263310499,NRSC VIC MODEL
Andhra Pradesh,Chittoor,2025-05-30,2025,05,3.495042741,NRSC VIC MODEL
Andhra Pradesh,East Godavari,2025-05-05,2025,05,32.8163070811,NRSC VIC MODEL
Andhra Pradesh,East Godavari,2025-05-06,2025,05,0.1306817549,NRSC VIC MODEL
Andhra Pradesh,East Godavari,2025-05-16,2025,05,10.9751999795,NRSC VIC MODEL
Andhra Pradesh,East Godavari,2025-05-20,2025,05,13.1364753099,NRSC VIC MODEL
Andhra Pradesh,East Godavari,2025-05-25,2025,05,4.6453162573,NRSC VIC MODEL
Andhra Pradesh,Guntur,2025-05-05,2025,05,3.0089582085,NRSC VIC MODEL
Andhra Pradesh,Guntur,2025-05-06,2025,05,0.0041308976,NRSC VIC MODEL
Andhra Pradesh,Guntur,2025-05-08,2025,05,0.1119043944,NRSC VIC MODEL
Andhra Pradesh,Guntur,2025-05-20,2025,05,19.4479426294,NRSC VIC MODEL
Andhra Pradesh,Guntur,2025-05-21,2025,05,8.3479391527,NRSC VIC MODEL
Andhra Pradesh,Guntur,2025-05-23,2025,05,0.4454693277,NRSC VIC MODEL
Andhra Pradesh,Krishna,2025-05-04,2025,05,1.3886812708,NRSC VIC MODEL
Andhra Pradesh,Krishna,2025-05-22,2025,05,32.8350947044,NRSC VIC MODEL
Andhra Pradesh,Krishna,2025-05-23,2025,05,4.4209883652,NRSC VIC MODEL
Andhra Pradesh,Krishna,2025-05-26,2025,05,2.1702592374,NRSC VIC MODEL
Andhra Pradesh,Krishna,2025-05-27,2025,05,0.0410223549,NRSC VIC MODEL
Andhra Pradesh,Krishna,2025-05-30,2025,05,5.1745935975,NRSC VIC MODEL
Andhra Pradesh,Kurnool,2025-05-01,2025,05,3.000042327,NRSC VIC MODEL
Andhra Pradesh,Kurnool,2025-05-04,2025,05,0.1831323734,NRSC VIC MODEL
Andhra Pradesh,Kurnool,2025-05-15,2025,05,10.7285847117,NRSC VIC MODEL
Andhra Pradesh,Kurnool,2025-05-19,2025,05,5.2294712829,NRSC VIC MODEL
Andhra Pradesh,Kurnool,2025-05-21,2025,05,9.0639929463,NRSC VIC MODEL
Andhra Pradesh,Kurnool,2025-05-22,2025,05,4.773554528,NRSC VIC MODEL
Andhra Pradesh,Kurnool,2025-05-26,2025,05,5.6232389751,NRSC VIC MODEL
Andhra Pradesh,Kurnool,2025-05-27,2025,05,10.5427965336,NRSC VIC MODEL
Andhra Pradesh,Kurnool,2025-05-28,2025,05,1.7058668036,NRSC VIC MODEL
Andhra Pradesh,Kurnool,2025-05-31,2025,05,0.1630209524,NRSC VIC MODEL
Andhra Pradesh,Prakasam,2025-05-17,2025,05,1.5639479395,NRSC VIC MODEL
Andhra Pradesh,Prakasam,2025-05-19,2025,05,7.8009156438,NRSC VIC MODEL
Andhra Pradesh,Prakasam,2025-05-21,2025,05,3.2966693515,NRSC VIC MODEL
Andhra Pradesh,Prakasam,2025-05-24,2025,05,0.8282653383,NRSC VIC MODEL
Andhra Pradesh,Prakasam,2025-05-26,2025,05,14.8959685145,NRSC VIC MODEL
Andhra Pradesh,SPSR Nellore,2025-05-01,2025,05,0.1329099033,NRSC VIC MODEL
Andhra Pradesh,SPSR Nellore,2025-05-05,2025,05,9.3324798983,NRSC VIC MODEL
Andhra Pradesh,SPSR Nellore,2025-05-06,2025,05,0.0234648347,NRSC VIC MODEL
Andhra Pradesh,SPSR Nellore,2025-05-16,2025,05,1.3359070465,NRSC VIC MODEL
Andhra Pradesh,SPSR Nellore,2025-05-18,2025,05,4.179240248,NRSC VIC MODEL
Andhra Pradesh,Srikakulam,2025-05-04,2025,05,2.063431207,NRSC VIC MODEL
Andhra Pradesh,Srikakulam,2025-05-05,2025,05,0.3640351131,NRSC VIC MODEL
Andhra Pradesh,Srikakulam,2025-05-24,2025,05,0.5035363951,NRSC VIC MODEL
Andhra Pradesh,Visakhapatanam,2025-05-02,2025,05,4.3415749327,NRSC VIC MODEL
Andhra Pradesh,Visakhapatanam,2025-05-06,2025,05,0.0171671342,NRSC VIC MODEL
Andhra Pradesh,Visakhapatanam,2025-05-19,2025,05,4.113738739,NRSC VIC MODEL
Andhra Pradesh,Visakhapatanam,2025-05-20,2025,05,6.8123759792,NRSC VIC MODEL
Andhra Pradesh,Visakhapatanam,2025-05-25,2025,05,1.7154773708,NRSC VIC MODEL
Andhra Pradesh,Vizianagaram,2025-05-02,2025,05,21.2201356806,NRSC VIC MODEL
Andhra Pradesh,Vizianagaram,2025-05-10,2025,05,0.1774530084,NRSC VIC MODEL
Andhra Pradesh,Vizianagaram,2025-05-23,2025,05,13.1704773152,NRSC VIC MODEL
Andhra Pradesh,Vizianagaram,2025-05-25,2025,05,0.2230357596,NRSC VIC MODEL
Andhra Pradesh,West Godavari,2025-05-01,2025,05,0.7543737224,NRSC VIC MODEL
Andhra Pradesh,West Godavari,2025-05-03,2025,05,0.0239627755,NRSC VIC MODEL
Andhra Pradesh,West Godavari,2025-05-06,2025,05,0.311819776,NRSC VIC MODEL
Andhra Pradesh,West Godavari,2025-05-07,2025,05,0.7784454918,NRSC VIC MODEL
Andhra Pradesh,West Godavari,2025-05-18,2025,05,10.1276693348,NRSC VIC MODEL
Andhra Pradesh,West Godavari,2025-05-28,2025,05,33.1291661087,NRSC VIC MODEL
Andhra Pradesh,West Godavari,2025-05-29,2025,05,5.3623490189,NRSC VIC MODEL
Andhra Pradesh,Y.S.R.,2025-05-05,2025,05,0.239302399,NRSC VIC MODEL
Andhra Pradesh,Y.S.R.,2025-05-07,2025,05,5.0066740391,NRSC VIC MODEL
Andhra Pradesh,Y.S.R.,2025-05-15,2025,05,8.0829419461,NRSC VIC MODEL
Andhra Pradesh,Y.S.R.,2025-05-25,2025,05,0.0099065021,NRSC VIC MODEL
Andhra Pradesh,Y.S.R.,2025-05-27,2025,05,2.4281823677,NRSC VIC MODEL
Andhra Pradesh,Y.S.R.,2025-05-29,2025,05,0.1364721563,NRSC VIC MODEL
Andhra Pradesh,Anantapur,2025-06-03,2025,06,0.2047654816,NRSC VIC MODEL
Andhra Pradesh,Anantapur,2025-06-13,2025,06,1.1111160017,NRSC VIC MODEL
Andhra Pradesh,Anantapur,2025-06-09,2025,06,12.2230118477,NRSC VIC MODEL
Andhra Pradesh,Anantapur,2025-06-16,2025,06,1.3591134861,NRSC VIC MODEL
Andhra Pradesh,Anantapur,2025-06-18,2025,06,1.3276035795,NRSC VIC MODEL
Andhra Pradesh,Anantapur,2025-06-20,2025,06,0.076531571,NRSC VIC MODEL
Andhra Pradesh,Anantapur,2025-06-23,2025,06,5.8409092517,NRSC VIC MODEL
Andhra Pradesh,Anantapur,2025-06-24,2025,06,0.8507017544,NRSC VIC MODEL
Andhra Pradesh,Anantapur,2025-06-28,2025,06,0.1133488879,NRSC VIC MODEL
Andhra Pradesh,Chittoor,2025-06-03,2025,06,1.2548690544,NRSC VIC MODEL
Andhra Pradesh,Chittoor,2025-06-06,2025,06,0.0745796073,NRSC VIC MODEL
Andhra Pradesh,Chittoor,2025-06-10,2025,06,1.8366693632,NRSC VIC MODEL
Andhra Pradesh,Chittoor,2025-06-22,2025,06,1.5576494511,NRSC VIC MODEL
Andhra Pradesh,Chittoor,2025-06-27,2025,06,1.264286816,NRSC VIC MODEL
Andhra Pradesh,East Godavari,2025-06-03,2025,06,0.4355803522,NRSC VIC MODEL
Andhra Pradesh,East Godavari,2025-06-05,2025,06,0.0720973564,NRSC VIC MODEL
Andhra Pradesh,East Godavari,2025-06-07,2025,06,0.8469930786,NRSC VIC MODEL
Andhra Pradesh,East Godavari,2025-06-14,2025,06,3.4939719378,NRSC VIC MODEL
Andhra Pradesh,East Godavari,2025-06-16,2025,06,1.8410537129,NRSC VIC MODEL
Andhra Pradesh,East Godavari,2025-06-19,2025,06,0.1986666592,NRSC VIC MODEL
Andhra Pradesh,East Godavari,2025-06-23,2025,06,7.8910394259,NRSC VIC MODEL
Andhra Pradesh,East Godavari,2025-06-29,2025,06,5.1262014402,NRSC VIC MODEL
Andhra Pradesh,Guntur,2025-06-01,2025,06,0.2821693085,NRSC VIC MODEL
Andhra Pradesh,Guntur,2025-06-04,2025,06,0.0102677992,NRSC VIC MODEL
Andhra Pradesh,Guntur,2025-06-08,2025,06,1.8516598504,NRSC VIC MODEL
Andhra Pradesh,Guntur,2025-06-10,2025,06,0.0076472672,NRSC VIC MODEL
Andhra Pradesh,Guntur,2025-06-09,2025,06,1.5746512894,NRSC VIC MODEL
Andhra Pradesh,Guntur,2025-06-14,2025,06,0.7991919141,NRSC VIC MODEL
Andhra Pradesh,Guntur,2025-06-15,2025,06,1.3663502483,NRSC VIC MODEL
Andhra Pradesh,Guntur,2025-06-17,2025,06,0.3621981808,NRSC VIC MODEL
Andhra Pradesh,Guntur,2025-06-24,2025,06,5.9041180614,NRSC VIC MODEL
Andhra Pradesh,Guntur,2025-06-25,2025,06,9.5283193075,NRSC VIC MODEL
Andhra Pradesh,Guntur,2025-06-27,2025,06,6.4575127322,NRSC VIC MODEL
Andhra Pradesh,Guntur,2025-06-28,2025,06,0.1469120123,NRSC VIC MODEL
Andhra Pradesh,Krishna,2025-06-07,2025,06,4.4829618515,NRSC VIC MODEL
Andhra Pradesh,Krishna,2025-06-15,2025,06,3.5640371027,NRSC VIC MODEL
Andhra Pradesh,Krishna,2025-06-18,2025,06,0.1419239813,NRSC VIC MODEL
Andhra Pradesh,Krishna,2025-06-20,2025,06,0.1660206101,NRSC VIC MODEL
Andhra Pradesh,Krishna,2025-06-24,2025,06,7.6094171639,NRSC VIC MODEL
Andhra Pradesh,Krishna,2025-06-25,2025,06,9.7999943274,NRSC VIC MODEL
Andhra Pradesh,Krishna,2025-06-28,2025,06,0.3170259857,NRSC VIC MODEL
Andhra Pradesh,Kurnool,2025-06-02,2025,06,0.0421336976,NRSC VIC MODEL
Andhra Pradesh,Kurnool,2025-06-12,2025,06,21.7583427382,NRSC VIC MODEL
Andhra Pradesh,Kurnool,2025-06-21,2025,06,3.803955112,NRSC VIC MODEL
Andhra Pradesh,Kurnool,2025-06-26,2025,06,2.0841988615,NRSC VIC MODEL
Andhra Pradesh,Prakasam,2025-06-01,2025,06,0.1362968083,NRSC VIC MODEL
Andhra Pradesh,Prakasam,2025-06-12,2025,06,6.6637200598,NRSC VIC MODEL
Andhra Pradesh,Prakasam,2025-06-14,2025,06,0.5062473364,NRSC VIC MODEL
Andhra Pradesh,Prakasam,2025-06-16,2025,06,3.7449106715,NRSC VIC MODEL
Andhra Pradesh,Prakasam,2025-06-19,2025,06,0.1924543364,NRSC VIC MODEL
Andhra Pradesh,Prakasam,2025-06-26,2025,06,3.9621399774,NRSC VIC MODEL
Andhra Pradesh,Prakasam,2025-06-30,2025,06,4.2826643433,NRSC VIC MODEL
Andhra Pradesh,SPSR Nellore,2025-06-05,2025,06,0.0612470156,NRSC VIC MODEL
Andhra Pradesh,SPSR Nellore,2025-06-08,2025,06,0.7027683962,NRSC VIC MODEL
Andhra Pradesh,SPSR Nellore,2025-06-16,2025,06,3.2490241944,NRSC VIC MODEL
Andhra Pradesh,SPSR Nellore,2025-06-17,2025,06,0.0142824892,NRSC VIC MODEL
Andhra Pradesh,Srikakulam,2025-06-05,2025,06,3.3561715359,NRSC VIC MODEL
Andhra Pradesh,Srikakulam,2025-06-07,2025,06,1.0744365717,NRSC VIC MODEL
Andhra Pradesh,Srikakulam,2025-06-12,2025,06,5.9558327839,NRSC VIC MODEL
Andhra Pradesh,Srikakulam,2025-06-13,2025,06,1.8912522852,NRSC VIC MODEL
Andhra Pradesh,Srikakulam,2025-06-15,2025,06,9.8724524545,NRSC VIC MODEL
Andhra Pradesh,Srikakulam,2025-06-21,2025,06,0.0224403575,NRSC VIC MODEL
Andhra Pradesh,Srikakulam,2025-06-26,2025,06,4.9363743267,NRSC VIC MODEL
Andhra Pradesh,Srikakulam,2025-06-29,2025,06,2.2448056932,NRSC VIC MODEL
Andhra Pradesh,Srikakulam,2025-06-30,2025,06,4.0268738333,NRSC VIC MODEL
Andhra Pradesh,Visakhapatanam,2025-06-15,2025,06,8.5763435417,NRSC VIC MODEL
Andhra Pradesh,Visakhapatanam,2025-06-17,2025,06,3.931167438,NRSC VIC MODEL
Andhra Pradesh,Visakhapatanam,2025-06-19,2025,06,0.6541510753,NRSC VIC MODEL
Andhra Pradesh,Visakhapatanam,2025-06-22,2025,06,2.3736403378,NRSC VIC MODEL
Andhra Pradesh,Visakhapatanam,2025-06-23,2025,06,6.5976189417,NRSC VIC MODEL
Andhra Pradesh,Visakhapatanam,2025-06-28,2025,06,1.1099674308,NRSC VIC MODEL
Andhra Pradesh,Vizianagaram,2025-06-11,2025,06,13.8501613954,NRSC VIC MODEL
Andhra Pradesh,Vizianagaram,2025-06-14,2025,06,1.3994367849,NRSC VIC MODEL
Andhra Pradesh,West Godavari,2025-06-05,2025,06,0.0153368717,NRSC VIC MODEL
Andhra Pradesh,West Godavari,2025-06-06,2025,06,0.0085421124,NRSC VIC MODEL
Andhra Pradesh,West Godavari,2025-06-15,2025,06,10.7271360666,NRSC VIC MODEL
Andhra Pradesh,West Godavari,2025-06-16,2025,06,0.5701221491,NRSC VIC MODEL
Andhra Pradesh,West Godavari,2025-06-21,2025,06,6.8968095393,NRSC VIC MODEL
Andhra Pradesh,West Godavari,2025-06-24,2025,06,6.5538178658,NRSC VIC MODEL
Andhra Pradesh,West Godavari,2025-06-27,2025,06,15.9361919541,NRSC VIC MODEL
Andhra Pradesh,West Godavari,2025-06-30,2025,06,15.8401102554,NRSC VIC MODEL
Andhra Pradesh,Y.S.R.,2025-06-01,2025,06,0.282352035,NRSC VIC MODEL
Andhra Pradesh,Y.S.R.,2025-06-03,2025,06,0.3301089313,NRSC VIC MODEL
Andhra Pradesh,Y.S.R.,2025-06-05,2025,06,0.0052999701,NRSC VIC MODEL
Andhra Pradesh,Y.S.R.,2025-06-08,2025,06,0.6538909722,NRSC VIC MODEL
Andhra Pradesh,Y.S.R.,2025-06-19,2025,06,0.477310336,NRSC VIC MODEL
Andhra Pradesh,Y.S.R.,2025-06-30,2025,06,0.5245279559,NRSC VIC MODEL
Andhra Pradesh,Anantapur,2025-01-06,2025,01,7.92768e-05,NRSC VIC MODEL
Andhra Pradesh,Anantapur,2025-01-09,2025,01,0.0,NRSC VIC MODEL
Andhra Pradesh,Anantapur,2025-01-13,2025,01,2.846e-05,NRSC VIC MODEL
Andhra Pradesh,Anantapur,2025-01-16,2025,01,0.0095509369,NRSC VIC MODEL
Andhra Pradesh,Anantapur,2025-01-12,2025,01,0.0002226571,NRSC VIC MODEL
Andhra Pradesh,Anantapur,2025-01-19,2025,01,0.0265144486,NRSC VIC MODEL
Andhra Pradesh,Anantapur,2025-01-23,2025,01,0.0004269867,NRSC VIC MODEL
Andhra Pradesh,Anantapur,2025-01-24,2025,01,0.0025712624,NRSC VIC MODEL
Andhra Pradesh,Anantapur,2025-02-01,2025,02,0.0003661792,NRSC VIC MODEL
Andhra Pradesh,Anantapur,2025-02-02,2025,02,0.0014148327,NRSC VIC MODEL
Andhra Pradesh,Anantapur,2025-02-10,2025,02,0.0003473331,NRSC VIC MODEL
Andhra Pradesh,Anantapur,2025-02-16,2025,02,0.0,NRSC VIC MODEL
Andhra Pradesh,Anantapur,2025-02-18,2025,02,0.0,NRSC VIC MODEL
Andhra Pradesh,Anantapur,2025-02-21,2025,02,0.0,NRSC VIC MODEL
Andhra Pradesh,Anantapur,2025-02-26,2025,02,0.0021837245,NRSC VIC MODEL
Andhra Pradesh,Anantapur,2025-03-04,2025,03,0.0059911886,NRSC VIC MODEL
Andhra Pradesh,Anantapur,2025-03-05,2025,03,0.0048122749,NRSC VIC MODEL
Andhra Pradesh,Anantapur,2025-03-06,2025,03,0.0007541005,NRSC VIC MODEL
Andhra Pradesh,Anantapur,2025-03-08,2025,03,0.0004734177,NRSC VIC MODEL
Andhra Pradesh,Anantapur,2025-03-12,2025,03,0.0,NRSC VIC MODEL
Andhra Pradesh,Anantapur,2025-03-14,2025,03,0.0,NRSC VIC MODEL
Andhra Pradesh,Anantapur,2025-03-18,2025,03,3.40082e-05,NRSC VIC MODEL
Andhra Pradesh,Anantapur,2025-03-25,2025,03,0.0,NRSC VIC MODEL
Andhra Pradesh,Anantapur,2025-04-03,2025,04,0.2131975393,NRSC VIC MODEL
Andhra Pradesh,Anantapur,2025-04-06,2025,04,0.1323566467,NRSC VIC MODEL
Andhra Pradesh,Anantapur,2025-04-08,2025,04,5.12279e-05,NRSC VIC MODEL
Andhra Pradesh,Anantapur,2025-04-14,2025,04,0.1360124405,NRSC VIC MODEL
Andhra Pradesh,Anantapur,2025-04-15,2025,04,1.3317064277,NRSC VIC MODEL
Andhra Pradesh,Anantapur,2025-04-23,2025,04,0.0,NRSC VIC MODEL
Andhra Pradesh,Anantapur,2025-04-24,2025,04,0.0,NRSC VIC MODEL
Andhra Pradesh,Anantapur,2025-04-25,2025,04,5.9678357978,NRSC VIC MODEL
Andhra Pradesh,Anantapur,2025-04-30,2025,04,0.0151796764,NRSC VIC MODEL
Andhra Pradesh,Anantapur,2025-05-01,2025,05,3.0444185716,NRSC VIC MODEL
Andhra Pradesh,Anantapur,2025-05-02,2025,05,0.5895012628,NRSC VIC MODEL
Andhra Pradesh,Anantapur,2025-05-07,2025,05,0.497407386,NRSC VIC MODEL
Andhra Pradesh,Anantapur,2025-05-20,2025,05,2.3131948854,NRSC VIC MODEL
Andhra Pradesh,Anantapur,2025-05-21,2025,05,9.0984121053,NRSC VIC MODEL
Andhra Pradesh,Anantapur,2025-05-31,2025,05,0.0190934547,NRSC VIC MODEL
Andhra Pradesh,Anantapur,2025-06-01,2025,06,0.1223374507,NRSC VIC MODEL
Andhra Pradesh,Anantapur,2025-06-03,2025,06,0.2047654816,NRSC VIC MODEL
Andhra Pradesh,Anantapur,2025-06-06,2025,06,0.2449362081,NRSC VIC MODEL
Andhra Pradesh,Anantapur,2025-06-07,2025,06,1.179144022,NRSC VIC MODEL
Andhra Pradesh,Anantapur,2025-06-16,2025,06,1.3591134861,NRSC VIC MODEL
Andhra Pradesh,Anantapur,2025-06-25,2025,06,0.3908938912,NRSC VIC MODEL
Andhra Pradesh,Anantapur,2025-06-27,2025,06,0.3941020079,NRSC VIC MODEL
Andhra Pradesh,Chittoor,2025-01-01,2025,01,0.0,NRSC VIC MODEL
Andhra Pradesh,Chittoor,2025-01-06,2025,01,0.0,NRSC VIC MODEL
Andhra Pradesh,Chittoor,2025-01-10,2025,01,0.0,NRSC VIC MODEL
Andhra Pradesh,Chittoor,2025-01-12,2025,01,6.8004e-06,NRSC VIC MODEL
Andhra Pradesh,Chittoor,2025-01-17,2025,01,0.0,NRSC VIC MODEL
Andhra Pradesh,Chittoor,2025-01-22,2025,01,0.0,NRSC VIC MODEL
Andhra Pradesh,Chittoor,2025-02-01,2025,02,0.0,NRSC VIC MODEL
Andhra Pradesh,Chittoor,2025-02-08,2025,02,0.0,NRSC VIC MODEL
Andhra Pradesh,Chittoor,2025-02-10,2025,02,0.0,NRSC VIC MODEL
Andhra Pradesh,Chittoor,2025-02-15,2025,02,0.0,NRSC VIC MODEL
Andhra Pradesh,Chittoor,2025-02-20,2025,02,0.0,NRSC VIC MODEL
Andhra Pradesh,Chittoor,2025-02-22,2025,02,7.65991e-05,NRSC VIC MODEL
Andhra Pradesh,Chittoor,2025-02-23,2025,02,0.0,NRSC VIC MODEL
Andhra Pradesh,Chittoor,2025-03-02,2025,03,-0.0077065887,NRSC VIC MODEL
Andhra Pradesh,Chittoor,2025-03-04,2025,03,0.0019931505,NRSC VIC MODEL
Andhra Pradesh,Chittoor,2025-03-12,2025,03,1.2448400681,NRSC VIC MODEL
Andhra Pradesh,Chittoor,2025-04-08,2025,04,0.0,NRSC VIC MODEL
Andhra Pradesh,Chittoor,2025-04-09,2025,04,0.1388855574,NRSC VIC MODEL
Andhra Pradesh,Chittoor,2025-04-13,2025,04,0.0424359668,NRSC VIC MODEL
Andhra Pradesh,Chittoor,2025-04-15,2025,04,2.2546096496,NRSC VIC MODEL
Andhra Pradesh,Chittoor,2025-04-20,2025,04,0.0133576688,NRSC VIC MODEL
Andhra Pradesh,Chittoor,2025-04-21,2025,04,0.2346255244,NRSC VIC MODEL
Andhra Pradesh,Chittoor,2025-04-23,2025,04,0.000955473,NRSC VIC MODEL
Andhra Pradesh,Chittoor,2025-04-29,2025,04,0.0,NRSC VIC MODEL
Andhra Pradesh,Chittoor,2025-04-30,2025,04,0.0,NRSC VIC MODEL
Andhra Pradesh,Chittoor,2025-05-02,2025,05,2.4934804338,NRSC VIC MODEL
Andhra Pradesh,Chittoor,2025-05-15,2025,05,6.1748219401,NRSC VIC MODEL
Andhra Pradesh,Chittoor,2025-05-17,2025,05,9.2795138934,NRSC VIC MODEL
Andhra Pradesh,Chittoor,2025-05-30,2025,05,3.495042741,NRSC VIC MODEL
Andhra Pradesh,Chittoor,2025-06-05,2025,06,0.1012174929,NRSC VIC MODEL
Andhra Pradesh,Chittoor,2025-06-06,2025,06,0.0745796073,NRSC VIC MODEL
Andhra Pradesh,Chittoor,2025-06-08,2025,06,1.2126015462,NRSC VIC MODEL
Andhra Pradesh,Chittoor,2025-06-09,2025,06,0.9731461674,NRSC VIC MODEL
Andhra Pradesh,Chittoor,2025-06-12,2025,06,0.3372926573,NRSC VIC MODEL
Andhra Pradesh,Chittoor,2025-06-17,2025,06,0.0474084424,NRSC VIC MODEL
Andhra Pradesh,Chittoor,2025-06-18,2025,06,0.3244419833,NRSC VIC MODEL
Andhra Pradesh,Chittoor,2025-06-19,2025,06,0.2477887312,NRSC VIC MODEL
Andhra Pradesh,Chittoor,2025-06-26,2025,06,1.9300167266,NRSC VIC MODEL
Andhra Pradesh,Chittoor,2025-06-30,2025,06,0.3527367593,NRSC VIC MODEL
Andhra Pradesh,East Godavari,2025-01-03,2025,01,1.1026e-06,NRSC VIC MODEL
Andhra Pradesh,East Godavari,2025-01-04,2025,01,0.0,NRSC VIC MODEL
Andhra Pradesh,East Godavari,2025-01-10,2025,01,0.0001175864,NRSC VIC MODEL
Andhra Pradesh,East Godavari,2025-01-11,2025,01,0.0,NRSC VIC MODEL
Andhra Pradesh,East Godavari,2025-01-17,2025,01,0.0,NRSC VIC MODEL
Andhra Pradesh,East Godavari,2025-01-21,2025,01,0.0,NRSC VIC MODEL
Andhra Pradesh,East Godavari,2025-01-30,2025,01,0.0,NRSC VIC MODEL
Andhra Pradesh,East Godavari,2025-02-02,2025,02,0.0,NRSC VIC MODEL
Andhra Pradesh,East Godavari,2025-02-05,2025,02,0.0,NRSC VIC MODEL
Andhra Pradesh,East Godavari,2025-02-06,2025,02,0.0,NRSC VIC MODEL
Andhra Pradesh,East Godavari,2025-02-07,2025,02,0.0,NRSC VIC MODEL
Andhra Pradesh,East Godavari,2025-02-18,2025,02,0.0,NRSC VIC MODEL
Andhra Pradesh,East Godavari,2025-02-19,2025,02,0.0,NRSC VIC MODEL
Andhra Pradesh,East Godavari,2025-02-21,2025,02,0.0,NRSC VIC MODEL
Andhra Pradesh,East Godavari,2025-02-24,2025,02,0.0,NRSC VIC MODEL
Andhra Pradesh,East Godavari,2025-02-25,2025,02,1.56268e-05,NRSC VIC MODEL
Andhra Pradesh,East Godavari,2025-02-26,2025,02,0.0,NRSC VIC MODEL
Andhra Pradesh,East Godavari,2025-03-04,2025,03,0.0,NRSC VIC MODEL
Andhra Pradesh,East Godavari,2025-03-05,2025,03,0.7022073813,NRSC VIC MODEL
Andhra Pradesh,East Godavari,2025-03-09,2025,03,0.0001847787,NRSC VIC MODEL
Andhra Pradesh,East Godavari,2025-03-13,2025,03,0.0,NRSC VIC MODEL
Andhra Pradesh,East Godavari,2025-03-14,2025,03,0.0,NRSC VIC MODEL
Andhra Pradesh,East Godavari,2025-03-18,2025,03,0.0,NRSC VIC MODEL
Andhra Pradesh,East Godavari,2025-03-19,2025,03,0.0,NRSC VIC MODEL
Andhra Pradesh,East Godavari,2025-03-23,2025,03,0.6401090526,NRSC VIC MODEL
Andhra Pradesh,East Godavari,2025-04-01,2025,04,0.0880631504,NRSC VIC MODEL
Andhra Pradesh,East Godavari,2025-04-06,2025,04,8.8376212987,NRSC VIC MODEL
Andhra Pradesh,East Godavari,2025-04-25,2025,04,0.0089228952,NRSC VIC MODEL
Andhra Pradesh,East Godavari,2025-05-06,2025,05,0.1306817549,NRSC VIC MODEL
Andhra Pradesh,East Godavari,2025-05-15,2025,05,2.222726956,NRSC VIC MODEL
Andhra Pradesh,East Godavari,2025-05-25,2025,05,4.6453162573,NRSC VIC MODEL
Andhra Pradesh,East Godavari,2025-05-27,2025,05,6.7619943174,NRSC VIC MODEL
Andhra Pradesh,East Godavari,2025-05-30,2025,05,8.7468887965,NRSC VIC MODEL
Andhra Pradesh,Guntur,2025-01-03,2025,01,0.0049004156,NRSC VIC MODEL
Andhra Pradesh,Guntur,2025-01-13,2025,01,0.0,NRSC VIC MODEL
Andhra Pradesh,Guntur,2025-01-14,2025,01,0.0,NRSC VIC MODEL
Andhra Pradesh,Guntur,2025-01-15,2025,01,0.0,NRSC VIC MODEL
Andhra Pradesh,Guntur,2025-01-12,2025,01,0.0001072061,NRSC VIC MODEL
Andhra Pradesh,Guntur,2025-01-24,2025,01,0.0184069263,NRSC VIC MODEL
Andhra Pradesh,Guntur,2025-01-27,2025,01,0.0002037622,NRSC VIC MODEL
Andhra Pradesh,Guntur,2025-02-07,2025,02,0.0,NRSC VIC MODEL
Andhra Pradesh,Guntur,2025-02-10,2025,02,0.0,NRSC VIC MODEL
Andhra Pradesh,Guntur,2025-02-13,2025,02,3.811e-07,NRSC VIC MODEL
Andhra Pradesh,Guntur,2025-02-14,2025,02,0.0,NRSC VIC MODEL
Andhra Pradesh,Guntur,2025-02-15,2025,02,0.0,NRSC VIC MODEL
Andhra Pradesh,Guntur,2025-02-16,2025,02,0.0,NRSC VIC MODEL
Andhra Pradesh,Guntur,2025-03-02,2025,03,0.0,NRSC VIC MODEL
Andhra Pradesh,Guntur,2025-03-07,2025,03,0.0,NRSC VIC MODEL
Andhra Pradesh,Guntur,2025-03-12,2025,03,0.0,NRSC VIC MODEL
Andhra Pradesh,Guntur,2025-03-14,2025,03,0.0,NRSC VIC MODEL
Andhra Pradesh,Guntur,2025-03-18,2025,03,0.0,NRSC VIC MODEL
Andhra Pradesh,Guntur,2025-03-24,2025,03,0.0569823344,NRSC VIC MODEL
Andhra Pradesh,Guntur,2025-03-26,2025,03,0.0,NRSC VIC MODEL
Andhra Pradesh,Guntur,2025-03-29,2025,03,0.0002388425,NRSC VIC MODEL
Andhra Pradesh,Guntur,2025-03-30,2025,03,0.0,NRSC VIC MODEL
Andhra Pradesh,Guntur,2025-04-07,2025,04,0.4349718537,NRSC VIC MODEL
Andhra Pradesh,Guntur,2025-04-29,2025,04,5.27484e-05,NRSC VIC MODEL
Andhra Pradesh,Guntur,2025-05-05,2025,05,3.0089582085,NRSC VIC MODEL
Andhra Pradesh,Guntur,2025-05-09,2025,05,5.8555291964,NRSC VIC MODEL
Andhra Pradesh,Guntur,2025-05-16,2025,05,29.2340165594,NRSC VIC MODEL
Andhra Pradesh,Guntur,2025-05-25,2025,05,26.3713151367,NRSC VIC MODEL
Andhra Pradesh,Guntur,2025-05-28,2025,05,9.3816579829,NRSC VIC MODEL
Andhra Pradesh,Guntur,2025-05-30,2025,05,4.8559309287,NRSC VIC MODEL
Andhra Pradesh,Guntur,2025-06-05,2025,06,0.0166015774,NRSC VIC MODEL
Andhra Pradesh,Srikakulam,2025-03-22,2025,03,9.45691e-05,NRSC VIC MODEL
Andhra Pradesh,Srikakulam,2025-04-05,2025,04,0.0245677432,NRSC VIC MODEL
Andhra Pradesh,Srikakulam,2025-04-11,2025,04,0.8782618327,NRSC VIC MODEL
Andhra Pradesh,Srikakulam,2025-04-12,2025,04,0.1399504406,NRSC VIC MODEL
Andhra Pradesh,Srikakulam,2025-04-21,2025,04,0.0460254189,NRSC VIC MODEL
Andhra Pradesh,Srikakulam,2025-05-08,2025,05,0.2965120135,NRSC VIC MODEL
Andhra Pradesh,Srikakulam,2025-05-15,2025,05,11.7333162707,NRSC VIC MODEL
Andhra Pradesh,Srikakulam,2025-05-20,2025,05,2.0189995611,NRSC VIC MODEL
Andhra Pradesh,Srikakulam,2025-05-21,2025,05,5.107719974,NRSC VIC MODEL
Andhra Pradesh,Srikakulam,2025-05-28,2025,05,34.7762348443,NRSC VIC MODEL
Andhra Pradesh,Srikakulam,2025-05-31,2025,05,2.0568431517,NRSC VIC MODEL
Andhra Pradesh,Srikakulam,2025-06-07,2025,06,1.0744365717,NRSC VIC MODEL
Andhra Pradesh,Srikakulam,2025-06-10,2025,06,10.1094037628,NRSC VIC MODEL
Andhra Pradesh,Srikakulam,2025-06-12,2025,06,5.9558327839,NRSC VIC MODEL
Andhra Pradesh,Srikakulam,2025-06-13,2025,06,1.8912522852,NRSC VIC MODEL
Andhra Pradesh,Srikakulam,2025-06-14,2025,06,0.4856954263,NRSC VIC MODEL
Andhra Pradesh,Srikakulam,2025-06-16,2025,06,2.6759520746,NRSC VIC MODEL
Andhra Pradesh,Srikakulam,2025-06-19,2025,06,0.226395525,NRSC VIC MODEL
Andhra Pradesh,Srikakulam,2025-06-23,2025,06,1.6096567943,NRSC VIC MODEL
Andhra Pradesh,Srikakulam,2025-06-15,2025,06,9.8724524545,NRSC VIC MODEL
Andhra Pradesh,Srikakulam,2025-06-30,2025,06,4.0268738333,NRSC VIC MODEL
Andhra Pradesh,Visakhapatanam,2025-01-01,2025,01,0.0002920154,NRSC VIC MODEL
Andhra Pradesh,Visakhapatanam,2025-01-07,2025,01,0.0,NRSC VIC MODEL
Andhra Pradesh,Visakhapatanam,2025-01-13,2025,01,0.006484262,NRSC VIC MODEL
Andhra Pradesh,Visakhapatanam,2025-01-12,2025,01,0.0,NRSC VIC MODEL
Andhra Pradesh,Visakhapatanam,2025-02-14,2025,02,0.0,NRSC VIC MODEL
Andhra Pradesh,Visakhapatanam,2025-02-22,2025,02,0.1958570604,NRSC VIC MODEL
Andhra Pradesh,Visakhapatanam,2025-03-09,2025,03,0.0,NRSC VIC MODEL
Andhra Pradesh,Visakhapatanam,2025-03-10,2025,03,0.0,NRSC VIC MODEL
Andhra Pradesh,Visakhapatanam,2025-03-11,2025,03,0.0,NRSC VIC MODEL
Andhra Pradesh,Visakhapatanam,2025-03-14,2025,03,0.0,NRSC VIC MODEL
Andhra Pradesh,Visakhapatanam,2025-03-26,2025,03,1.1378045215,NRSC VIC MODEL
Andhra Pradesh,Visakhapatanam,2025-04-08,2025,04,0.3464591874,NRSC VIC MODEL
Andhra Pradesh,Visakhapatanam,2025-04-09,2025,04,0.3363303788,NRSC VIC MODEL
Andhra Pradesh,Visakhapatanam,2025-04-11,2025,04,2.6144498656,NRSC VIC MODEL
Andhra Pradesh,Visakhapatanam,2025-04-16,2025,04,8.8759944466,NRSC VIC MODEL
Andhra Pradesh,Visakhapatanam,2025-04-29,2025,04,6.2707470442,NRSC VIC MODEL
Andhra Pradesh,Visakhapatanam,2025-05-01,2025,05,11.425032425,NRSC VIC MODEL
Andhra Pradesh,Visakhapatanam,2025-05-06,2025,05,0.0171671342,NRSC VIC MODEL
Andhra Pradesh,Visakhapatanam,2025-05-09,2025,05,1.8646054698,NRSC VIC MODEL
Andhra Pradesh,Visakhapatanam,2025-05-15,2025,05,7.104270206,NRSC VIC MODEL
Andhra Pradesh,Visakhapatanam,2025-05-24,2025,05,1.3303561688,NRSC VIC MODEL
Andhra Pradesh,Visakhapatanam,2025-06-23,2025,06,6.5976189417,NRSC VIC MODEL
Andhra Pradesh,Visakhapatanam,2025-06-27,2025,06,7.2082878404,NRSC VIC MODEL
Andhra Pradesh,Visakhapatanam,2025-06-28,2025,06,1.1099674308,NRSC VIC MODEL
Andhra Pradesh,Vizianagaram,2025-01-08,2025,01,0.0,NRSC VIC MODEL
Andhra Pradesh,Vizianagaram,2025-01-10,2025,01,0.0,NRSC VIC MODEL
Andhra Pradesh,Vizianagaram,2025-01-14,2025,01,0.0,NRSC VIC MODEL
Andhra Pradesh,Vizianagaram,2025-01-12,2025,01,1.92345e-05,NRSC VIC MODEL
Andhra Pradesh,Vizianagaram,2025-01-17,2025,01,1.15845e-05,NRSC VIC MODEL
Andhra Pradesh,Vizianagaram,2025-01-19,2025,01,0.0,NRSC VIC MODEL
Andhra Pradesh,Vizianagaram,2025-01-25,2025,01,0.0,NRSC VIC MODEL
Andhra Pradesh,Vizianagaram,2025-02-14,2025,02,0.0,NRSC VIC MODEL
Andhra Pradesh,Vizianagaram,2025-02-16,2025,02,0.0,NRSC VIC MODEL
Andhra Pradesh,Vizianagaram,2025-02-24,2025,02,0.0,NRSC VIC MODEL
Andhra Pradesh,Vizianagaram,2025-03-01,2025,03,0.0,NRSC VIC MODEL
Andhra Pradesh,Vizianagaram,2025-03-07,2025,03,0.0,NRSC VIC MODEL
Andhra Pradesh,Vizianagaram,2025-03-15,2025,03,0.0,NRSC VIC MODEL
Andhra Pradesh,Vizianagaram,2025-03-16,2025,03,0.2228920453,NRSC VIC MODEL
Andhra Pradesh,Vizianagaram,2025-03-17,2025,03,1.36816e-05,NRSC VIC MODEL
Andhra Pradesh,Vizianagaram,2025-03-23,2025,03,0.2990293189,NRSC VIC MODEL
Andhra Pradesh,Vizianagaram,2025-03-26,2025,03,0.6742228303,NRSC VIC MODEL
Andhra Pradesh,Vizianagaram,2025-04-02,2025,04,0.0,NRSC VIC MODEL
Andhra Pradesh,Vizianagaram,2025-04-03,2025,04,0.0004276658,NRSC VIC MODEL
Andhra Pradesh,Vizianagaram,2025-04-04,2025,04,0.251348666,NRSC VIC MODEL
Andhra Pradesh,Vizianagaram,2025-04-10,2025,04,0.0329558121,NRSC VIC MODEL
Andhra Pradesh,Vizianagaram,2025-04-12,2025,04,0.4993825015,NRSC VIC MODEL
Andhra Pradesh,Vizianagaram,2025-04-18,2025,04,0.0084495265,NRSC VIC MODEL
Andhra Pradesh,Vizianagaram,2025-04-24,2025,04,0.1365801302,NRSC VIC MODEL
Andhra Pradesh,Vizianagaram,2025-04-27,2025,04,0.3135687242,NRSC VIC MODEL
Andhra Pradesh,Vizianagaram,2025-05-06,2025,05,0.0049692663,NRSC VIC MODEL
Andhra Pradesh,Vizianagaram,2025-05-08,2025,05,2.8541715982,NRSC VIC MODEL
Andhra Pradesh,Vizianagaram,2025-05-22,2025,05,7.1526761249,NRSC VIC MODEL
Andhra Pradesh,Vizianagaram,2025-05-28,2025,05,32.1426435371,NRSC VIC MODEL
Andhra Pradesh,Vizianagaram,2025-05-31,2025,05,3.2440161379,NRSC VIC MODEL
Andhra Pradesh,Vizianagaram,2025-06-04,2025,06,1.261130306,NRSC VIC MODEL
Andhra Pradesh,Vizianagaram,2025-06-05,2025,06,5.510050824,NRSC VIC MODEL
Andhra Pradesh,Vizianagaram,2025-06-06,2025,06,2.0868304273,NRSC VIC MODEL
Andhra Pradesh,Vizianagaram,2025-06-12,2025,06,17.2983970009,NRSC VIC MODEL
Andhra Pradesh,Vizianagaram,2025-06-16,2025,06,4.7780807079,NRSC VIC MODEL
Andhra Pradesh,Vizianagaram,2025-06-20,2025,06,1.57768192,NRSC VIC MODEL
Andhra Pradesh,Vizianagaram,2025-06-26,2025,06,6.6406046281,NRSC VIC MODEL
Andhra Pradesh,Vizianagaram,2025-06-28,2025,06,0.292183213,NRSC VIC MODEL
Andhra Pradesh,Vizianagaram,2025-06-29,2025,06,10.39682136,NRSC VIC MODEL
Andhra Pradesh,Vizianagaram,2025-06-30,2025,06,7.2556379717,NRSC VIC MODEL
Andhra Pradesh,West Godavari,2025-01-02,2025,01,0.0001933344,NRSC VIC MODEL
Andhra Pradesh,West Godavari,2025-01-08,2025,01,0.0,NRSC VIC MODEL
Andhra Pradesh,West Godavari,2025-01-22,2025,01,0.0,NRSC VIC MODEL
Andhra Pradesh,West Godavari,2025-01-24,2025,01,5.2141e-05,NRSC VIC MODEL
Andhra Pradesh,West Godavari,2025-01-25,2025,01,0.0,NRSC VIC MODEL
Andhra Pradesh,West Godavari,2025-02-01,2025,02,0.1957098462,NRSC VIC MODEL
Andhra Pradesh,West Godavari,2025-02-07,2025,02,0.0,NRSC VIC MODEL
Andhra Pradesh,West Godavari,2025-02-15,2025,02,0.0,NRSC VIC MODEL
Andhra Pradesh,West Godavari,2025-02-16,2025,02,0.0,NRSC VIC MODEL
Andhra Pradesh,West Godavari,2025-02-25,2025,02,0.0489192177,NRSC VIC MODEL
Andhra Pradesh,West Godavari,2025-03-06,2025,03,0.1827841871,NRSC VIC MODEL
Andhra Pradesh,West Godavari,2025-03-08,2025,03,0.0,NRSC VIC MODEL
Andhra Pradesh,West Godavari,2025-03-11,2025,03,0.0,NRSC VIC MODEL
Andhra Pradesh,West Godavari,2025-03-23,2025,03,0.0074175126,NRSC VIC MODEL
Andhra Pradesh,West Godavari,2025-03-27,2025,03,0.0004487048,NRSC VIC MODEL
Andhra Pradesh,West Godavari,2025-04-01,2025,04,0.0002043945,NRSC VIC MODEL
Andhra Pradesh,West Godavari,2025-04-08,2025,04,3.2231231297,NRSC VIC MODEL
Andhra Pradesh,West Godavari,2025-05-01,2025,05,0.7543737224,NRSC VIC MODEL
Andhra Pradesh,West Godavari,2025-05-09,2025,05,0.9904607205,NRSC VIC MODEL
Andhra Pradesh,West Godavari,2025-05-03,2025,05,0.0239627755,NRSC VIC MODEL
Andhra Pradesh,West Godavari,2025-05-18,2025,05,10.1276693348,NRSC VIC MODEL
Andhra Pradesh,West Godavari,2025-06-03,2025,06,0.451384343,NRSC VIC MODEL
Andhra Pradesh,West Godavari,2025-06-05,2025,06,0.0153368717,NRSC VIC MODEL
Andhra Pradesh,West Godavari,2025-06-27,2025,06,15.9361919541,NRSC VIC MODEL
Andhra Pradesh,Y.S.R.,2025-01-10,2025,01,0.0,NRSC VIC MODEL
Andhra Pradesh,Y.S.R.,2025-01-13,2025,01,0.0080251428,NRSC VIC MODEL
Andhra Pradesh,Y.S.R.,2025-01-18,2025,01,0.0,NRSC VIC MODEL
Andhra Pradesh,Y.S.R.,2025-01-20,2025,01,0.071363415,NRSC VIC MODEL
Andhra Pradesh,Y.S.R.,2025-01-22,2025,01,0.0,NRSC VIC MODEL
Andhra Pradesh,Y.S.R.,2025-01-25,2025,01,0.0017424658,NRSC VIC MODEL
Andhra Pradesh,Y.S.R.,2025-02-10,2025,02,0.006338374,NRSC VIC MODEL
Andhra Pradesh,Y.S.R.,2025-02-14,2025,02,0.0,NRSC VIC MODEL
Andhra Pradesh,Y.S.R.,2025-02-18,2025,02,0.0,NRSC VIC MODEL
Andhra Pradesh,Y.S.R.,2025-02-21,2025,02,0.0,NRSC VIC MODEL
Andhra Pradesh,Y.S.R.,2025-02-23,2025,02,0.0,NRSC VIC MODEL
Andhra Pradesh,Y.S.R.,2025-02-24,2025,02,0.002512075,NRSC VIC MODEL
Andhra Pradesh,Y.S.R.,2025-03-02,2025,03,0.0,NRSC VIC MODEL
Andhra Pradesh,Y.S.R.,2025-03-04,2025,03,0.0003416001,NRSC VIC MODEL
Andhra Pradesh,Y.S.R.,2025-03-07,2025,03,0.0,NRSC VIC MODEL
Andhra Pradesh,Y.S.R.,2025-03-08,2025,03,0.0006894156,NRSC VIC MODEL
Andhra Pradesh,Y.S.R.,2025-03-17,2025,03,0.0,NRSC VIC MODEL
Andhra Pradesh,Y.S.R.,2025-03-27,2025,03,0.0,NRSC VIC MODEL
Andhra Pradesh,Y.S.R.,2025-03-30,2025,03,0.0020951565,NRSC VIC MODEL
Andhra Pradesh,Y.S.R.,2025-04-01,2025,04,0.0001658527,NRSC VIC MODEL
Andhra Pradesh,Y.S.R.,2025-04-12,2025,04,0.6827895854,NRSC VIC MODEL
Andhra Pradesh,Y.S.R.,2025-04-13,2025,04,0.0159639167,NRSC VIC MODEL
Andhra Pradesh,Y.S.R.,2025-04-14,2025,04,0.1404402659,NRSC VIC MODEL
Andhra Pradesh,Y.S.R.,2025-04-16,2025,04,2.544551437,NRSC VIC MODEL
Andhra Pradesh,Y.S.R.,2025-04-24,2025,04,0.0,NRSC VIC MODEL
Andhra Pradesh,Y.S.R.,2025-04-26,2025,04,0.0002819622,NRSC VIC MODEL
Andhra Pradesh,Y.S.R.,2025-05-04,2025,05,0.0313314885,NRSC VIC MODEL
Andhra Pradesh,Y.S.R.,2025-05-06,2025,05,0.0257198514,NRSC VIC MODEL
Andhra Pradesh,Y.S.R.,2025-05-03,2025,05,4.9282994711,NRSC VIC MODEL
Andhra Pradesh,Y.S.R.,2025-05-24,2025,05,0.2994943184,NRSC VIC MODEL
Andhra Pradesh,Y.S.R.,2025-05-26,2025,05,8.5344418861,NRSC VIC MODEL
Andhra Pradesh,Y.S.R.,2025-06-01,2025,06,0.282352035,NRSC VIC MODEL
Andhra Pradesh,Y.S.R.,2025-06-05,2025,06,0.0052999701,NRSC VIC MODEL
Andhra Pradesh,Y.S.R.,2025-06-12,2025,06,3.1404409198,NRSC VIC MODEL
Andhra Pradesh,Y.S.R.,2025-06-13,2025,06,3.1493026957,NRSC VIC MODEL
Andhra Pradesh,Y.S.R.,2025-06-16,2025,06,2.2965395261,NRSC VIC MODEL
Andhra Pradesh,Y.S.R.,2025-06-17,2025,06,0.0346687699,NRSC VIC MODEL
Andhra Pradesh,Y.S.R.,2025-06-18,2025,06,0.7363736613,NRSC VIC MODEL
Andhra Pradesh,Guntur,2025-06-11,2025,06,8.1944561536,NRSC VIC MODEL
Andhra Pradesh,Guntur,2025-06-13,2025,06,5.3324054639,NRSC VIC MODEL
Andhra Pradesh,Guntur,2025-06-18,2025,06,0.0934302396,NRSC VIC MODEL
Andhra Pradesh,Guntur,2025-06-22,2025,06,1.6467196015,NRSC VIC MODEL
Andhra Pradesh,Guntur,2025-06-23,2025,06,0.9679134544,NRSC VIC MODEL
Andhra Pradesh,Guntur,2025-06-25,2025,06,9.5283193075,NRSC VIC MODEL
Andhra Pradesh,Guntur,2025-06-27,2025,06,6.4575127322,NRSC VIC MODEL
Andhra Pradesh,Krishna,2025-01-06,2025,01,0.0005143776,NRSC VIC MODEL
Andhra Pradesh,Krishna,2025-01-07,2025,01,0.0062563435,NRSC VIC MODEL
Andhra Pradesh,Krishna,2025-01-11,2025,01,0.0,NRSC VIC MODEL
Andhra Pradesh,Krishna,2025-01-13,2025,01,7.06692e-05,NRSC VIC MODEL
Andhra Pradesh,Krishna,2025-01-21,2025,01,0.0019376651,NRSC VIC MODEL
Andhra Pradesh,Krishna,2025-01-22,2025,01,0.0,NRSC VIC MODEL
Andhra Pradesh,Krishna,2025-01-24,2025,01,0.0084535479,NRSC VIC MODEL
Andhra Pradesh,Krishna,2025-01-27,2025,01,0.0,NRSC VIC MODEL
Andhra Pradesh,Krishna,2025-01-28,2025,01,0.0,NRSC VIC MODEL
Andhra Pradesh,Krishna,2025-02-02,2025,02,0.0,NRSC VIC MODEL
Andhra Pradesh,Krishna,2025-02-05,2025,02,0.0,NRSC VIC MODEL
Andhra Pradesh,Krishna,2025-02-23,2025,02,0.0004799913,NRSC VIC MODEL
Andhra Pradesh,Krishna,2025-03-06,2025,03,0.0371715157,NRSC VIC MODEL
Andhra Pradesh,Krishna,2025-03-08,2025,03,0.0002022526,NRSC VIC MODEL
Andhra Pradesh,Krishna,2025-03-10,2025,03,0.0,NRSC VIC MODEL
Andhra Pradesh,Krishna,2025-03-16,2025,03,0.0,NRSC VIC MODEL
Andhra Pradesh,Krishna,2025-03-25,2025,03,0.0083941383,NRSC VIC MODEL
Andhra Pradesh,Krishna,2025-04-03,2025,04,0.0,NRSC VIC MODEL
Andhra Pradesh,Krishna,2025-04-04,2025,04,5.5002346481,NRSC VIC MODEL
Andhra Pradesh,Krishna,2025-04-06,2025,04,0.348337898,NRSC VIC MODEL
Andhra Pradesh,Krishna,2025-04-12,2025,04,0.3433305299,NRSC VIC MODEL
Andhra Pradesh,Krishna,2025-04-13,2025,04,0.7188847915,NRSC VIC MODEL
Andhra Pradesh,Krishna,2025-04-15,2025,04,0.002719472,NRSC VIC MODEL
Andhra Pradesh,Krishna,2025-04-16,2025,04,3.6108222622,NRSC VIC MODEL
Andhra Pradesh,Krishna,2025-04-17,2025,04,0.0041134981,NRSC VIC MODEL
Andhra Pradesh,Krishna,2025-04-23,2025,04,2.142e-06,NRSC VIC MODEL
Andhra Pradesh,Krishna,2025-04-26,2025,04,0.0014584882,NRSC VIC MODEL
Andhra Pradesh,Krishna,2025-04-29,2025,04,0.0,NRSC VIC MODEL
Andhra Pradesh,Krishna,2025-05-08,2025,05,0.672299888,NRSC VIC MODEL
Andhra Pradesh,Krishna,2025-05-15,2025,05,2.7546996967,NRSC VIC MODEL
Andhra Pradesh,Krishna,2025-05-16,2025,05,22.2725240956,NRSC VIC MODEL
Andhra Pradesh,Krishna,2025-05-21,2025,05,8.5104122522,NRSC VIC MODEL
Andhra Pradesh,Krishna,2025-05-23,2025,05,4.4209883652,NRSC VIC MODEL
Andhra Pradesh,Krishna,2025-05-24,2025,05,9.1767001095,NRSC VIC MODEL
Andhra Pradesh,Krishna,2025-05-25,2025,05,7.7887499311,NRSC VIC MODEL
Andhra Pradesh,Krishna,2025-05-27,2025,05,0.0410223549,NRSC VIC MODEL
Andhra Pradesh,Krishna,2025-06-02,2025,06,0.0056872209,NRSC VIC MODEL
Andhra Pradesh,Krishna,2025-06-06,2025,06,0.0611283064,NRSC VIC MODEL
Andhra Pradesh,Krishna,2025-06-07,2025,06,4.4829618515,NRSC VIC MODEL
Andhra Pradesh,Krishna,2025-06-09,2025,06,0.7188453177,NRSC VIC MODEL
Andhra Pradesh,Krishna,2025-06-11,2025,06,31.5805476285,NRSC VIC MODEL
Andhra Pradesh,Krishna,2025-06-15,2025,06,3.5640371027,NRSC VIC MODEL
Andhra Pradesh,Krishna,2025-06-23,2025,06,5.8780004109,NRSC VIC MODEL
Andhra Pradesh,Krishna,2025-06-25,2025,06,9.7999943274,NRSC VIC MODEL
Andhra Pradesh,Kurnool,2025-01-04,2025,01,0.0,NRSC VIC MODEL
Andhra Pradesh,Kurnool,2025-01-07,2025,01,0.0086121477,NRSC VIC MODEL
Andhra Pradesh,Kurnool,2025-01-22,2025,01,0.0,NRSC VIC MODEL
Andhra Pradesh,Kurnool,2025-01-29,2025,01,0.0096280996,NRSC VIC MODEL
Andhra Pradesh,Kurnool,2025-02-02,2025,02,0.0003463712,NRSC VIC MODEL
Andhra Pradesh,Kurnool,2025-02-16,2025,02,0.0,NRSC VIC MODEL
Andhra Pradesh,Kurnool,2025-02-25,2025,02,0.0,NRSC VIC MODEL
Andhra Pradesh,Kurnool,2025-02-27,2025,02,8.308e-06,NRSC VIC MODEL
Andhra Pradesh,Kurnool,2025-03-15,2025,03,0.0,NRSC VIC MODEL
Andhra Pradesh,Kurnool,2025-03-22,2025,03,0.0793709043,NRSC VIC MODEL
Andhra Pradesh,Kurnool,2025-03-23,2025,03,5.5015839379,NRSC VIC MODEL
Andhra Pradesh,Kurnool,2025-04-01,2025,04,0.0,NRSC VIC MODEL
Andhra Pradesh,Kurnool,2025-04-02,2025,04,0.0004096057,NRSC VIC MODEL
Andhra Pradesh,Kurnool,2025-04-19,2025,04,0.111924306,NRSC VIC MODEL
Andhra Pradesh,Kurnool,2025-04-28,2025,04,6.564295633,NRSC VIC MODEL
Andhra Pradesh,Kurnool,2025-05-01,2025,05,3.000042327,NRSC VIC MODEL
Andhra Pradesh,Kurnool,2025-05-10,2025,05,0.0006298772,NRSC VIC MODEL
Andhra Pradesh,Kurnool,2025-05-21,2025,05,9.0639929463,NRSC VIC MODEL
Andhra Pradesh,Kurnool,2025-05-30,2025,05,4.3849895579,NRSC VIC MODEL
Andhra Pradesh,Kurnool,2025-06-09,2025,06,7.6699032498,NRSC VIC MODEL
Andhra Pradesh,Kurnool,2025-06-27,2025,06,0.2194925429,NRSC VIC MODEL
Andhra Pradesh,Prakasam,2025-01-05,2025,01,3.25079e-05,NRSC VIC MODEL
Andhra Pradesh,Prakasam,2025-01-21,2025,01,0.0,NRSC VIC MODEL
Andhra Pradesh,Prakasam,2025-01-22,2025,01,0.0,NRSC VIC MODEL
Andhra Pradesh,Prakasam,2025-01-26,2025,01,0.0061900983,NRSC VIC MODEL
Andhra Pradesh,Prakasam,2025-01-31,2025,01,0.0,NRSC VIC MODEL
Andhra Pradesh,Prakasam,2025-02-10,2025,02,0.0,NRSC VIC MODEL
Andhra Pradesh,Prakasam,2025-02-16,2025,02,0.0,NRSC VIC MODEL
Andhra Pradesh,Prakasam,2025-02-21,2025,02,0.0,NRSC VIC MODEL
Andhra Pradesh,Prakasam,2025-02-25,2025,02,0.0,NRSC VIC MODEL
Andhra Pradesh,Prakasam,2025-02-27,2025,02,0.0,NRSC VIC MODEL
Andhra Pradesh,Prakasam,2025-03-04,2025,03,0.0,NRSC VIC MODEL
Andhra Pradesh,Prakasam,2025-03-08,2025,03,0.0,NRSC VIC MODEL
Andhra Pradesh,Prakasam,2025-03-11,2025,03,0.0,NRSC VIC MODEL
Andhra Pradesh,Prakasam,2025-03-12,2025,03,0.0,NRSC VIC MODEL
Andhra Pradesh,Prakasam,2025-03-15,2025,03,0.0,NRSC VIC MODEL
Andhra Pradesh,Prakasam,2025-03-23,2025,03,0.9559646781,NRSC VIC MODEL
Andhra Pradesh,Prakasam,2025-03-28,2025,03,0.0,NRSC VIC MODEL
Andhra Pradesh,Prakasam,2025-04-03,2025,04,0.0003051682,NRSC VIC MODEL
Andhra Pradesh,Prakasam,2025-04-06,2025,04,0.025036497,NRSC VIC MODEL
Andhra Pradesh,Prakasam,2025-04-09,2025,04,0.0031022858,NRSC VIC MODEL
Andhra Pradesh,Prakasam,2025-04-10,2025,04,0.0,NRSC VIC MODEL
Andhra Pradesh,Prakasam,2025-04-12,2025,04,0.2001655312,NRSC VIC MODEL
Andhra Pradesh,Prakasam,2025-04-13,2025,04,0.0337282498,NRSC VIC MODEL
Andhra Pradesh,Prakasam,2025-04-14,2025,04,4.2562630459,NRSC VIC MODEL
Andhra Pradesh,Prakasam,2025-04-16,2025,04,7.7176527995,NRSC VIC MODEL
Andhra Pradesh,Prakasam,2025-04-23,2025,04,0.0,NRSC VIC MODEL
Andhra Pradesh,Prakasam,2025-04-24,2025,04,0.0,NRSC VIC MODEL
Andhra Pradesh,Prakasam,2025-04-30,2025,04,0.0319073633,NRSC VIC MODEL
Andhra Pradesh,Prakasam,2025-05-01,2025,05,1.926402819,NRSC VIC MODEL
Andhra Pradesh,Prakasam,2025-05-19,2025,05,7.8009156438,NRSC VIC MODEL
Andhra Pradesh,Prakasam,2025-05-28,2025,05,3.4082543704,NRSC VIC MODEL
Andhra Pradesh,Prakasam,2025-06-09,2025,06,3.5402756063,NRSC VIC MODEL
Andhra Pradesh,Prakasam,2025-06-14,2025,06,0.5062473364,NRSC VIC MODEL
Andhra Pradesh,Prakasam,2025-06-18,2025,06,0.1692943417,NRSC VIC MODEL
Andhra Pradesh,Prakasam,2025-06-20,2025,06,0.2626547333,NRSC VIC MODEL
Andhra Pradesh,Prakasam,2025-06-28,2025,06,0.1112843793,NRSC VIC MODEL
Andhra Pradesh,SPSR Nellore,2025-01-10,2025,01,0.0002898122,NRSC VIC MODEL
Andhra Pradesh,SPSR Nellore,2025-01-16,2025,01,0.0899694235,NRSC VIC MODEL
Andhra Pradesh,SPSR Nellore,2025-01-19,2025,01,1.4397228821,NRSC VIC MODEL
Andhra Pradesh,SPSR Nellore,2025-01-20,2025,01,0.0944686135,NRSC VIC MODEL
Andhra Pradesh,SPSR Nellore,2025-01-24,2025,01,0.0005508031,NRSC VIC MODEL
Andhra Pradesh,SPSR Nellore,2025-01-25,2025,01,0.0,NRSC VIC MODEL
Andhra Pradesh,SPSR Nellore,2025-01-26,2025,01,0.017852749,NRSC VIC MODEL
Andhra Pradesh,SPSR Nellore,2025-01-30,2025,01,0.0,NRSC VIC MODEL
Andhra Pradesh,SPSR Nellore,2025-02-01,2025,02,0.0,NRSC VIC MODEL
Andhra Pradesh,SPSR Nellore,2025-02-04,2025,02,0.0,NRSC VIC MODEL
Andhra Pradesh,SPSR Nellore,2025-02-05,2025,02,0.0,NRSC VIC MODEL
Andhra Pradesh,SPSR Nellore,2025-02-15,2025,02,0.0,NRSC VIC MODEL
Andhra Pradesh,SPSR Nellore,2025-02-16,2025,02,0.0,NRSC VIC MODEL
Andhra Pradesh,SPSR Nellore,2025-02-21,2025,02,0.0,NRSC VIC MODEL
Andhra Pradesh,SPSR Nellore,2025-03-06,2025,03,0.0043483383,NRSC VIC MODEL
Andhra Pradesh,SPSR Nellore,2025-03-09,2025,03,0.0,NRSC VIC MODEL
Andhra Pradesh,SPSR Nellore,2025-03-13,2025,03,0.0,NRSC VIC MODEL
Andhra Pradesh,SPSR Nellore,2025-03-24,2025,03,0.0023100619,NRSC VIC MODEL
Andhra Pradesh,SPSR Nellore,2025-03-30,2025,03,0.0013554148,NRSC VIC MODEL
Andhra Pradesh,SPSR Nellore,2025-04-01,2025,04,0.0,NRSC VIC MODEL
Andhra Pradesh,SPSR Nellore,2025-04-04,2025,04,1.558350206,NRSC VIC MODEL
Andhra Pradesh,SPSR Nellore,2025-04-07,2025,04,0.0007216423,NRSC VIC MODEL
Andhra Pradesh,SPSR Nellore,2025-04-11,2025,04,0.220836528,NRSC VIC MODEL
Andhra Pradesh,SPSR Nellore,2025-04-21,2025,04,0.0,NRSC VIC MODEL
Andhra Pradesh,SPSR Nellore,2025-04-26,2025,04,0.0,NRSC VIC MODEL
Andhra Pradesh,SPSR Nellore,2025-04-29,2025,04,0.0,NRSC VIC MODEL
Andhra Pradesh,SPSR Nellore,2025-04-30,2025,04,4.112e-07,NRSC VIC MODEL
Andhra Pradesh,SPSR Nellore,2025-05-08,2025,05,0.7455922233,NRSC VIC MODEL
Andhra Pradesh,SPSR Nellore,2025-05-10,2025,05,0.0415052581,NRSC VIC MODEL
Andhra Pradesh,SPSR Nellore,2025-05-16,2025,05,1.3359070465,NRSC VIC MODEL
Andhra Pradesh,SPSR Nellore,2025-05-17,2025,05,1.2857194772,NRSC VIC MODEL
Andhra Pradesh,SPSR Nellore,2025-05-26,2025,05,12.7462891496,NRSC VIC MODEL
Andhra Pradesh,SPSR Nellore,2025-05-29,2025,05,0.0065689659,NRSC VIC MODEL
Andhra Pradesh,SPSR Nellore,2025-06-01,2025,06,0.3295013637,NRSC VIC MODEL
Andhra Pradesh,SPSR Nellore,2025-06-07,2025,06,1.2314784784,NRSC VIC MODEL
Andhra Pradesh,SPSR Nellore,2025-06-09,2025,06,2.30785956,NRSC VIC MODEL
Andhra Pradesh,SPSR Nellore,2025-06-18,2025,06,0.8936451667,NRSC VIC MODEL
Andhra Pradesh,SPSR Nellore,2025-06-15,2025,06,1.2827483337,NRSC VIC MODEL
Andhra Pradesh,SPSR Nellore,2025-06-26,2025,06,5.1993011497,NRSC VIC MODEL
Andhra Pradesh,SPSR Nellore,2025-06-27,2025,06,1.81108911,NRSC VIC MODEL
Andhra Pradesh,SPSR Nellore,2025-06-29,2025,06,0.3670785387,NRSC VIC MODEL
Andhra Pradesh,SPSR Nellore,2025-06-30,2025,06,1.6335074477,NRSC VIC MODEL
Andhra Pradesh,Srikakulam,2025-01-05,2025,01,0.0006526837,NRSC VIC MODEL
Andhra Pradesh,Srikakulam,2025-01-11,2025,01,0.0,NRSC VIC MODEL
Andhra Pradesh,Srikakulam,2025-01-16,2025,01,0.0,NRSC VIC MODEL
Andhra Pradesh,Srikakulam,2025-01-18,2025,01,4.59e-07,NRSC VIC MODEL
Andhra Pradesh,Srikakulam,2025-01-25,2025,01,0.0030358698,NRSC VIC MODEL
Andhra Pradesh,Srikakulam,2025-02-01,2025,02,0.0,NRSC VIC MODEL
Andhra Pradesh,Srikakulam,2025-02-13,2025,02,0.0,NRSC VIC MODEL
Andhra Pradesh,Srikakulam,2025-02-23,2025,02,0.0194840162,NRSC VIC MODEL
Andhra Pradesh,Srikakulam,2025-02-24,2025,02,7.15249e-05,NRSC VIC MODEL
Andhra Pradesh,Srikakulam,2025-02-27,2025,02,0.0,NRSC VIC MODEL
Andhra Pradesh,Srikakulam,2025-03-07,2025,03,0.0,NRSC VIC MODEL
Andhra Pradesh,Srikakulam,2025-03-10,2025,03,0.0,NRSC VIC MODEL
Andhra Pradesh,Srikakulam,2025-03-13,2025,03,0.0,NRSC VIC MODEL
Andhra Pradesh,Anantapur,2025-01-04,2025,01,0.0,NRSC VIC MODEL
Andhra Pradesh,Anantapur,2025-01-05,2025,01,0.0002238122,NRSC VIC MODEL
Andhra Pradesh,Anantapur,2025-01-08,2025,01,0.0,NRSC VIC MODEL
Andhra Pradesh,Anantapur,2025-01-27,2025,01,0.0005991417,NRSC VIC MODEL
Andhra Pradesh,Chittoor,2025-01-01,2025,01,0.0,NRSC VIC MODEL
Andhra Pradesh,Chittoor,2025-01-06,2025,01,0.0,NRSC VIC MODEL
Andhra Pradesh,Chittoor,2025-01-14,2025,01,3.1984362117,NRSC VIC MODEL
Andhra Pradesh,Chittoor,2025-01-17,2025,01,0.0,NRSC VIC MODEL
Andhra Pradesh,Chittoor,2025-01-19,2025,01,5.3685608192,NRSC VIC MODEL
Andhra Pradesh,Chittoor,2025-01-20,2025,01,6.0797437069,NRSC VIC MODEL
Andhra Pradesh,Chittoor,2025-01-24,2025,01,6.14898e-05,NRSC VIC MODEL
Andhra Pradesh,Chittoor,2025-01-29,2025,01,8.0757e-06,NRSC VIC MODEL
Andhra Pradesh,East Godavari,2025-01-02,2025,01,0.0001610004,NRSC VIC MODEL
Andhra Pradesh,East Godavari,2025-01-07,2025,01,0.0001082656,NRSC VIC MODEL
Andhra Pradesh,East Godavari,2025-01-09,2025,01,0.0,NRSC VIC MODEL
Andhra Pradesh,East Godavari,2025-01-14,2025,01,0.0,NRSC VIC MODEL
Andhra Pradesh,East Godavari,2025-01-17,2025,01,0.0,NRSC VIC MODEL
Andhra Pradesh,East Godavari,2025-01-22,2025,01,0.0,NRSC VIC MODEL
Andhra Pradesh,East Godavari,2025-01-23,2025,01,0.0,NRSC VIC MODEL
Andhra Pradesh,East Godavari,2025-01-24,2025,01,0.0,NRSC VIC MODEL
Andhra Pradesh,East Godavari,2025-01-26,2025,01,1.3076e-06,NRSC VIC MODEL
Andhra Pradesh,East Godavari,2025-01-25,2025,01,0.0,NRSC VIC MODEL
Andhra Pradesh,East Godavari,2025-01-28,2025,01,0.0,NRSC VIC MODEL
Andhra Pradesh,Guntur,2025-01-01,2025,01,0.0001455635,NRSC VIC MODEL
Andhra Pradesh,Guntur,2025-01-06,2025,01,0.0049813028,NRSC VIC MODEL
Andhra Pradesh,Guntur,2025-01-09,2025,01,0.0,NRSC VIC MODEL
Andhra Pradesh,Guntur,2025-01-19,2025,01,0.0337454818,NRSC VIC MODEL
Andhra Pradesh,Guntur,2025-01-22,2025,01,0.0,NRSC VIC MODEL
Andhra Pradesh,Guntur,2025-01-23,2025,01,8.76418e-05,NRSC VIC MODEL
Andhra Pradesh,Guntur,2025-01-30,2025,01,0.0,NRSC VIC MODEL
Andhra Pradesh,Krishna,2025-01-05,2025,01,0.0144574035,NRSC VIC MODEL
Andhra Pradesh,Krishna,2025-01-13,2025,01,7.06692e-05,NRSC VIC MODEL
Andhra Pradesh,Krishna,2025-01-17,2025,01,0.0,NRSC VIC MODEL
Andhra Pradesh,Krishna,2025-01-18,2025,01,0.0001427675,NRSC VIC MODEL
Andhra Pradesh,Krishna,2025-01-19,2025,01,1.59868e-05,NRSC VIC MODEL
Andhra Pradesh,Krishna,2025-01-20,2025,01,0.0,NRSC VIC MODEL
Andhra Pradesh,Krishna,2025-01-21,2025,01,0.0019376651,NRSC VIC MODEL
Andhra Pradesh,Krishna,2025-01-23,2025,01,0.0006620211,NRSC VIC MODEL
Andhra Pradesh,Kurnool,2025-01-02,2025,01,0.0029616267,NRSC VIC MODEL
Andhra Pradesh,Kurnool,2025-01-06,2025,01,0.0009106779,NRSC VIC MODEL
Andhra Pradesh,Kurnool,2025-01-18,2025,01,0.0,NRSC VIC MODEL
Andhra Pradesh,Kurnool,2025-01-19,2025,01,0.0085247223,NRSC VIC MODEL
Andhra Pradesh,Kurnool,2025-01-26,2025,01,0.0094943222,NRSC VIC MODEL
Andhra Pradesh,Prakasam,2025-01-01,2025,01,0.0,NRSC VIC MODEL
Andhra Pradesh,Prakasam,2025-01-03,2025,01,0.0003119122,NRSC VIC MODEL
Andhra Pradesh,Prakasam,2025-01-07,2025,01,0.0,NRSC VIC MODEL
Andhra Pradesh,Prakasam,2025-01-08,2025,01,0.0,NRSC VIC MODEL
Andhra Pradesh,Prakasam,2025-01-14,2025,01,0.0,NRSC VIC MODEL
Andhra Pradesh,Prakasam,2025-01-18,2025,01,0.0,NRSC VIC MODEL
Andhra Pradesh,Prakasam,2025-01-19,2025,01,0.0043011476,NRSC VIC MODEL
Andhra Pradesh,SPSR Nellore,2025-01-05,2025,01,0.0,NRSC VIC MODEL
Andhra Pradesh,SPSR Nellore,2025-01-18,2025,01,0.0,NRSC VIC MODEL
Andhra Pradesh,Srikakulam,2025-01-04,2025,01,0.0,NRSC VIC MODEL
Andhra Pradesh,Srikakulam,2025-01-09,2025,01,0.0,NRSC VIC MODEL
Andhra Pradesh,Srikakulam,2025-01-13,2025,01,0.0,NRSC VIC MODEL
Andhra Pradesh,Srikakulam,2025-01-21,2025,01,0.0006315462,NRSC VIC MODEL
Andhra Pradesh,Srikakulam,2025-01-24,2025,01,3.38e-08,NRSC VIC MODEL
Andhra Pradesh,Srikakulam,2025-01-25,2025,01,0.0030358698,NRSC VIC MODEL
Andhra Pradesh,Srikakulam,2025-01-29,2025,01,0.0,NRSC VIC MODEL
Andhra Pradesh,Srikakulam,2025-01-30,2025,01,0.0,NRSC VIC MODEL
Andhra Pradesh,Visakhapatanam,2025-01-06,2025,01,0.0,NRSC VIC MODEL
Andhra Pradesh,Visakhapatanam,2025-01-13,2025,01,0.006484262,NRSC VIC MODEL
Andhra Pradesh,Visakhapatanam,2025-01-22,2025,01,0.0,NRSC VIC MODEL
Andhra Pradesh,Visakhapatanam,2025-01-24,2025,01,0.0,NRSC VIC MODEL
Andhra Pradesh,Visakhapatanam,2025-01-31,2025,01,0.0,NRSC VIC MODEL
Andhra Pradesh,Vizianagaram,2025-01-06,2025,01,0.0,NRSC VIC MODEL
Andhra Pradesh,Vizianagaram,2025-01-17,2025,01,1.15845e-05,NRSC VIC MODEL
Andhra Pradesh,Vizianagaram,2025-01-20,2025,01,0.0,NRSC VIC MODEL
Andhra Pradesh,Vizianagaram,2025-01-21,2025,01,0.0,NRSC VIC MODEL
Andhra Pradesh,Vizianagaram,2025-01-31,2025,01,0.0,NRSC VIC MODEL
Andhra Pradesh,West Godavari,2025-01-14,2025,01,0.0,NRSC VIC MODEL
Andhra Pradesh,West Godavari,2025-01-16,2025,01,0.0018449627,NRSC VIC MODEL
Andhra Pradesh,West Godavari,2025-01-25,2025,01,0.0,NRSC VIC MODEL
Andhra Pradesh,Y.S.R.,2025-01-04,2025,01,0.0,NRSC VIC MODEL
Andhra Pradesh,Y.S.R.,2025-01-06,2025,01,0.0,NRSC VIC MODEL
Andhra Pradesh,Y.S.R.,2025-01-09,2025,01,0.0,NRSC VIC MODEL
Andhra Pradesh,Y.S.R.,2025-01-10,2025,01,0.0,NRSC VIC MODEL
Andhra Pradesh,Y.S.R.,2025-01-24,2025,01,0.000864923,NRSC VIC MODEL
Andhra Pradesh,Y.S.R.,2025-01-30,2025,01,0.0,NRSC VIC MODEL
Andhra Pradesh,Anantapur,2025-02-02,2025,02,0.0014148327,NRSC VIC MODEL
Andhra Pradesh,Anantapur,2025-02-15,2025,02,0.0,NRSC VIC MODEL
Andhra Pradesh,Anantapur,2025-02-18,2025,02,0.0,NRSC VIC MODEL
Andhra Pradesh,Anantapur,2025-02-24,2025,02,0.0037977111,NRSC VIC MODEL
Andhra Pradesh,Anantapur,2025-02-27,2025,02,0.0001726839,NRSC VIC MODEL
Andhra Pradesh,Anantapur,2025-02-28,2025,02,0.0,NRSC VIC MODEL
Andhra Pradesh,Chittoor,2025-02-03,2025,02,0.0,NRSC VIC MODEL
Andhra Pradesh,East Godavari,2025-02-04,2025,02,0.0,NRSC VIC MODEL
Andhra Pradesh,East Godavari,2025-02-06,2025,02,0.0,NRSC VIC MODEL
Andhra Pradesh,East Godavari,2025-02-15,2025,02,0.0,NRSC VIC MODEL
Andhra Pradesh,East Godavari,2025-02-16,2025,02,0.0,NRSC VIC MODEL
Andhra Pradesh,East Godavari,2025-02-18,2025,02,0.0,NRSC VIC MODEL
Andhra Pradesh,East Godavari,2025-02-20,2025,02,0.0,NRSC VIC MODEL
Andhra Pradesh,East Godavari,2025-02-22,2025,02,0.0730767112,NRSC VIC MODEL
Andhra Pradesh,East Godavari,2025-02-25,2025,02,1.56268e-05,NRSC VIC MODEL
Andhra Pradesh,Guntur,2025-02-05,2025,02,0.0,NRSC VIC MODEL
Andhra Pradesh,Guntur,2025-02-15,2025,02,0.0,NRSC VIC MODEL
Andhra Pradesh,Guntur,2025-02-19,2025,02,0.0,NRSC VIC MODEL
Andhra Pradesh,Guntur,2025-02-22,2025,02,0.0031638735,NRSC VIC MODEL
Andhra Pradesh,Guntur,2025-02-24,2025,02,0.0,NRSC VIC MODEL
Andhra Pradesh,Krishna,2025-02-14,2025,02,0.0,NRSC VIC MODEL
Andhra Pradesh,Krishna,2025-02-16,2025,02,0.0,NRSC VIC MODEL
Andhra Pradesh,Krishna,2025-02-18,2025,02,0.0,NRSC VIC MODEL
Andhra Pradesh,Krishna,2025-02-23,2025,02,0.0004799913,NRSC VIC MODEL
Andhra Pradesh,Krishna,2025-02-26,2025,02,0.000291762,NRSC VIC MODEL
Andhra Pradesh,Kurnool,2025-02-04,2025,02,0.0002669607,NRSC VIC MODEL
Andhra Pradesh,Kurnool,2025-02-08,2025,02,0.0,NRSC VIC MODEL
Andhra Pradesh,Kurnool,2025-02-23,2025,02,0.0,NRSC VIC MODEL
Andhra Pradesh,Prakasam,2025-02-03,2025,02,0.0,NRSC VIC MODEL
Andhra Pradesh,Prakasam,2025-02-04,2025,02,0.0,NRSC VIC MODEL
Andhra Pradesh,Prakasam,2025-02-08,2025,02,0.0,NRSC VIC MODEL
Andhra Pradesh,Prakasam,2025-02-13,2025,02,0.0006546136,NRSC VIC MODEL
Andhra Pradesh,Prakasam,2025-02-17,2025,02,0.0,NRSC VIC MODEL
Andhra Pradesh,Prakasam,2025-02-20,2025,02,0.0,NRSC VIC MODEL
Andhra Pradesh,Prakasam,2025-02-21,2025,02,0.0,NRSC VIC MODEL
Andhra Pradesh,Prakasam,2025-02-24,2025,02,0.0,NRSC VIC MODEL
Andhra Pradesh,SPSR Nellore,2025-02-10,2025,02,0.0,NRSC VIC MODEL
Andhra Pradesh,SPSR Nellore,2025-02-16,2025,02,0.0,NRSC VIC MODEL
Andhra Pradesh,SPSR Nellore,2025-02-19,2025,02,0.0,NRSC VIC MODEL
Andhra Pradesh,SPSR Nellore,2025-02-23,2025,02,0.0,NRSC VIC MODEL
Andhra Pradesh,SPSR Nellore,2025-02-24,2025,02,0.0,NRSC VIC MODEL
Andhra Pradesh,SPSR Nellore,2025-02-25,2025,02,0.0,NRSC VIC MODEL
Andhra Pradesh,SPSR Nellore,2025-02-28,2025,02,0.0061989839,NRSC VIC MODEL
Andhra Pradesh,Srikakulam,2025-02-01,2025,02,0.0,NRSC VIC MODEL
Andhra Pradesh,Srikakulam,2025-02-13,2025,02,0.0,NRSC VIC MODEL
Andhra Pradesh,Srikakulam,2025-02-21,2025,02,0.2297314546,NRSC VIC MODEL
Andhra Pradesh,Srikakulam,2025-02-27,2025,02,0.0,NRSC VIC MODEL
Andhra Pradesh,Visakhapatanam,2025-02-07,2025,02,0.0,NRSC VIC MODEL
Andhra Pradesh,Visakhapatanam,2025-02-17,2025,02,0.0,NRSC VIC MODEL
Andhra Pradesh,Visakhapatanam,2025-02-19,2025,02,0.0,NRSC VIC MODEL
Andhra Pradesh,Visakhapatanam,2025-02-24,2025,02,0.0,NRSC VIC MODEL
Andhra Pradesh,Visakhapatanam,2025-02-27,2025,02,0.0,NRSC VIC MODEL
Andhra Pradesh,Vizianagaram,2025-02-01,2025,02,0.0,NRSC VIC MODEL
Andhra Pradesh,Vizianagaram,2025-02-03,2025,02,0.0,NRSC VIC MODEL
Andhra Pradesh,Vizianagaram,2025-02-08,2025,02,0.0631953243,NRSC VIC MODEL
Andhra Pradesh,Vizianagaram,2025-02-14,2025,02,0.0,NRSC VIC MODEL
Andhra Pradesh,Vizianagaram,2025-02-20,2025,02,0.0022626407,NRSC VIC MODEL
Andhra Pradesh,Vizianagaram,2025-02-21,2025,02,0.7964279814,NRSC VIC MODEL
Andhra Pradesh,Vizianagaram,2025-02-22,2025,02,0.1509776863,NRSC VIC MODEL
Andhra Pradesh,Vizianagaram,2025-02-25,2025,02,0.0,NRSC VIC MODEL
Andhra Pradesh,West Godavari,2025-02-02,2025,02,0.0,NRSC VIC MODEL
Andhra Pradesh,West Godavari,2025-02-09,2025,02,0.0,NRSC VIC MODEL
Andhra Pradesh,West Godavari,2025-02-10,2025,02,0.0,NRSC VIC MODEL
Andhra Pradesh,West Godavari,2025-02-13,2025,02,9.11561e-05,NRSC VIC MODEL
Andhra Pradesh,West Godavari,2025-02-22,2025,02,0.0874386009,NRSC VIC MODEL
Andhra Pradesh,West Godavari,2025-02-24,2025,02,0.0,NRSC VIC MODEL
Andhra Pradesh,Y.S.R.,2025-02-02,2025,02,0.0005855384,NRSC VIC MODEL
Andhra Pradesh,Y.S.R.,2025-02-03,2025,02,0.000456625,NRSC VIC MODEL
Andhra Pradesh,Y.S.R.,2025-02-04,2025,02,0.001797424,NRSC VIC MODEL
Andhra Pradesh,Y.S.R.,2025-02-07,2025,02,0.0,NRSC VIC MODEL
Andhra Pradesh,Y.S.R.,2025-02-10,2025,02,0.006338374,NRSC VIC MODEL
Andhra Pradesh,Y.S.R.,2025-02-16,2025,02,0.0,NRSC VIC MODEL
Andhra Pradesh,Anantapur,2025-03-03,2025,03,0.0,NRSC VIC MODEL
Andhra Pradesh,Anantapur,2025-03-06,2025,03,0.0007541005,NRSC VIC MODEL
Andhra Pradesh,Anantapur,2025-03-12,2025,03,0.0,NRSC VIC MODEL
Andhra Pradesh,Anantapur,2025-03-16,2025,03,0.0,NRSC VIC MODEL
Andhra Pradesh,Anantapur,2025-03-20,2025,03,0.0004125526,NRSC VIC MODEL
Andhra Pradesh,Chittoor,2025-03-05,2025,03,0.0208273001,NRSC VIC MODEL
Andhra Pradesh,Chittoor,2025-03-17,2025,03,0.0,NRSC VIC MODEL
Andhra Pradesh,Chittoor,2025-03-19,2025,03,0.0,NRSC VIC MODEL
Andhra Pradesh,Chittoor,2025-03-21,2025,03,0.0,NRSC VIC MODEL
Andhra Pradesh,Chittoor,2025-03-22,2025,03,0.0,NRSC VIC MODEL
Andhra Pradesh,Chittoor,2025-03-27,2025,03,0.0,NRSC VIC MODEL
Andhra Pradesh,Chittoor,2025-03-31,2025,03,0.000106387,NRSC VIC MODEL
Andhra Pradesh,East Godavari,2025-03-03,2025,03,0.0002741831,NRSC VIC MODEL
Andhra Pradesh,East Godavari,2025-03-14,2025,03,0.0,NRSC VIC MODEL
Andhra Pradesh,East Godavari,2025-03-20,2025,03,0.0,NRSC VIC MODEL
Andhra Pradesh,East Godavari,2025-03-21,2025,03,0.0,NRSC VIC MODEL
Andhra Pradesh,East Godavari,2025-03-22,2025,03,0.1478335358,NRSC VIC MODEL
Andhra Pradesh,East Godavari,2025-03-23,2025,03,0.6401090526,NRSC VIC MODEL
Andhra Pradesh,East Godavari,2025-03-25,2025,03,0.6379720255,NRSC VIC MODEL
Andhra Pradesh,Guntur,2025-03-08,2025,03,0.0,NRSC VIC MODEL
Andhra Pradesh,Guntur,2025-03-12,2025,03,0.0,NRSC VIC MODEL
Andhra Pradesh,Guntur,2025-03-21,2025,03,0.0,NRSC VIC MODEL
Andhra Pradesh,Guntur,2025-03-23,2025,03,0.0632087683,NRSC VIC MODEL
Andhra Pradesh,Krishna,2025-03-01,2025,03,0.0,NRSC VIC MODEL
Andhra Pradesh,Krishna,2025-03-05,2025,03,0.2063728204,NRSC VIC MODEL
Andhra Pradesh,Krishna,2025-03-12,2025,03,0.0049254095,NRSC VIC MODEL
Andhra Pradesh,Krishna,2025-03-23,2025,03,1.6233999681,NRSC VIC MODEL
Andhra Pradesh,Kurnool,2025-03-10,2025,03,7.36994e-05,NRSC VIC MODEL
Andhra Pradesh,Kurnool,2025-03-12,2025,03,0.0,NRSC VIC MODEL
Andhra Pradesh,Kurnool,2025-03-13,2025,03,0.0,NRSC VIC MODEL
Andhra Pradesh,Kurnool,2025-03-23,2025,03,5.5015839379,NRSC VIC MODEL
Andhra Pradesh,Prakasam,2025-03-01,2025,03,-0.0003498345,NRSC VIC MODEL
Andhra Pradesh,Prakasam,2025-03-03,2025,03,0.0,NRSC VIC MODEL
Andhra Pradesh,Prakasam,2025-03-12,2025,03,0.0,NRSC VIC MODEL
Andhra Pradesh,Prakasam,2025-03-17,2025,03,0.0,NRSC VIC MODEL
Andhra Pradesh,Prakasam,2025-03-19,2025,03,0.0,NRSC VIC MODEL
Andhra Pradesh,Prakasam,2025-03-20,2025,03,0.0,NRSC VIC MODEL
Andhra Pradesh,Prakasam,2025-03-21,2025,03,0.0,NRSC VIC MODEL
Andhra Pradesh,Prakasam,2025-03-26,2025,03,0.0,NRSC VIC MODEL
Andhra Pradesh,SPSR Nellore,2025-03-09,2025,03,0.0,NRSC VIC MODEL
Andhra Pradesh,SPSR Nellore,2025-03-13,2025,03,0.0,NRSC VIC MODEL
Andhra Pradesh,SPSR Nellore,2025-03-27,2025,03,0.0,NRSC VIC MODEL
Andhra Pradesh,Srikakulam,2025-03-01,2025,03,0.0,NRSC VIC MODEL
Andhra Pradesh,Srikakulam,2025-03-03,2025,03,0.0911713497,NRSC VIC MODEL
Andhra Pradesh,Srikakulam,2025-03-07,2025,03,0.0,NRSC VIC MODEL
Andhra Pradesh,Srikakulam,2025-03-11,2025,03,0.0,NRSC VIC MODEL
Andhra Pradesh,Srikakulam,2025-03-31,2025,03,4.59e-07,NRSC VIC MODEL
Andhra Pradesh,Visakhapatanam,2025-03-14,2025,03,0.0,NRSC VIC MODEL
Andhra Pradesh,Visakhapatanam,2025-03-16,2025,03,0.0789956518,NRSC VIC MODEL
Andhra Pradesh,Visakhapatanam,2025-03-30,2025,03,0.8489559197,NRSC VIC MODEL
Andhra Pradesh,Vizianagaram,2025-03-01,2025,03,0.0,NRSC VIC MODEL
Andhra Pradesh,Vizianagaram,2025-03-07,2025,03,0.0,NRSC VIC MODEL
Andhra Pradesh,Vizianagaram,2025-03-08,2025,03,0.0,NRSC VIC MODEL
Andhra Pradesh,Vizianagaram,2025-03-17,2025,03,1.36816e-05,NRSC VIC MODEL
Andhra Pradesh,Vizianagaram,2025-03-22,2025,03,0.0049313417,NRSC VIC MODEL
Andhra Pradesh,Vizianagaram,2025-03-27,2025,03,0.0,NRSC VIC MODEL
Andhra Pradesh,West Godavari,2025-03-06,2025,03,0.1827841871,NRSC VIC MODEL
Andhra Pradesh,West Godavari,2025-03-12,2025,03,0.0950172225,NRSC VIC MODEL
Andhra Pradesh,West Godavari,2025-03-18,2025,03,0.0,NRSC VIC MODEL
Andhra Pradesh,West Godavari,2025-03-22,2025,03,0.0209997173,NRSC VIC MODEL
Andhra Pradesh,West Godavari,2025-03-25,2025,03,0.0497244971,NRSC VIC MODEL
Andhra Pradesh,West Godavari,2025-03-31,2025,03,0.0033307726,NRSC VIC MODEL
Andhra Pradesh,Y.S.R.,2025-03-04,2025,03,0.0003416001,NRSC VIC MODEL
Andhra Pradesh,Y.S.R.,2025-03-10,2025,03,0.0014072118,NRSC VIC MODEL
Andhra Pradesh,Y.S.R.,2025-03-15,2025,03,0.0,NRSC VIC MODEL
Andhra Pradesh,Y.S.R.,2025-03-17,2025,03,0.0,NRSC VIC MODEL
Andhra Pradesh,Y.S.R.,2025-03-18,2025,03,0.0,NRSC VIC MODEL
Andhra Pradesh,Y.S.R.,2025-03-19,2025,03,0.0,NRSC VIC MODEL
Andhra Pradesh,Y.S.R.,2025-03-31,2025,03,0.0133624905,NRSC VIC MODEL
Andhra Pradesh,Anantapur,2025-04-01,2025,04,0.0003361011,NRSC VIC MODEL
Andhra Pradesh,Anantapur,2025-04-07,2025,04,0.018947695,NRSC VIC MODEL
Andhra Pradesh,Anantapur,2025-04-11,2025,04,1.18052969,NRSC VIC MODEL
Andhra Pradesh,Anantapur,2025-04-12,2025,04,0.4972993148,NRSC VIC MODEL
Andhra Pradesh,Anantapur,2025-04-14,2025,04,0.1360124405,NRSC VIC MODEL
Andhra Pradesh,Anantapur,2025-04-16,2025,04,0.0452822558,NRSC VIC MODEL
Andhra Pradesh,Anantapur,2025-04-23,2025,04,0.0,NRSC VIC MODEL
Andhra Pradesh,Anantapur,2025-04-26,2025,04,0.0688155016,NRSC VIC MODEL
Andhra Pradesh,Chittoor,2025-04-06,2025,04,0.0363410421,NRSC VIC MODEL
Andhra Pradesh,Chittoor,2025-04-08,2025,04,0.0,NRSC VIC MODEL
Andhra Pradesh,Chittoor,2025-04-10,2025,04,0.002423181,NRSC VIC MODEL
Andhra Pradesh,Chittoor,2025-04-12,2025,04,1.0090133422,NRSC VIC MODEL
Andhra Pradesh,Chittoor,2025-04-13,2025,04,0.0424359668,NRSC VIC MODEL
Andhra Pradesh,Chittoor,2025-04-15,2025,04,2.2546096496,NRSC VIC MODEL
Andhra Pradesh,Chittoor,2025-04-17,2025,04,1.143240512,NRSC VIC MODEL
Andhra Pradesh,Chittoor,2025-04-21,2025,04,0.2346255244,NRSC VIC MODEL
Andhra Pradesh,Chittoor,2025-04-26,2025,04,2.6919e-06,NRSC VIC MODEL
Andhra Pradesh,Chittoor,2025-04-29,2025,04,0.0,NRSC VIC MODEL
Andhra Pradesh,East Godavari,2025-04-15,2025,04,0.0011131419,NRSC VIC MODEL
Andhra Pradesh,East Godavari,2025-04-27,2025,04,0.0401488496,NRSC VIC MODEL
Andhra Pradesh,East Godavari,2025-04-30,2025,04,5.7365777464,NRSC VIC MODEL
Andhra Pradesh,Guntur,2025-04-06,2025,04,0.5691388041,NRSC VIC MODEL
Andhra Pradesh,Guntur,2025-04-07,2025,04,0.4349718537,NRSC VIC MODEL
Andhra Pradesh,Guntur,2025-04-16,2025,04,3.7447697693,NRSC VIC MODEL
Andhra Pradesh,Guntur,2025-04-20,2025,04,0.070368101,NRSC VIC MODEL
Andhra Pradesh,Guntur,2025-04-22,2025,04,0.0,NRSC VIC MODEL
Andhra Pradesh,Guntur,2025-04-26,2025,04,0.0,NRSC VIC MODEL
Andhra Pradesh,Guntur,2025-04-29,2025,04,5.27484e-05,NRSC VIC MODEL
Andhra Pradesh,Krishna,2025-04-07,2025,04,0.2629880747,NRSC VIC MODEL
Andhra Pradesh,Krishna,2025-04-19,2025,04,0.0308634726,NRSC VIC MODEL
Andhra Pradesh,Krishna,2025-04-21,2025,04,0.1211517045,NRSC VIC MODEL
Andhra Pradesh,Krishna,2025-04-22,2025,04,0.0,NRSC VIC MODEL
Andhra Pradesh,Krishna,2025-04-24,2025,04,0.0,NRSC VIC MODEL
Andhra Pradesh,Krishna,2025-04-26,2025,04,0.0014584882,NRSC VIC MODEL
Andhra Pradesh,Kurnool,2025-04-08,2025,04,0.0014866267,NRSC VIC MODEL
Andhra Pradesh,Kurnool,2025-04-12,2025,04,0.183073337,NRSC VIC MODEL
Andhra Pradesh,Kurnool,2025-04-15,2025,04,0.6069523164,NRSC VIC MODEL
Andhra Pradesh,Kurnool,2025-04-18,2025,04,0.284381688,NRSC VIC MODEL
Andhra Pradesh,Kurnool,2025-04-23,2025,04,0.0012680249,NRSC VIC MODEL
Andhra Pradesh,Prakasam,2025-04-07,2025,04,0.0034300529,NRSC VIC MODEL
Andhra Pradesh,Prakasam,2025-04-08,2025,04,0.043975357,NRSC VIC MODEL
Andhra Pradesh,Prakasam,2025-04-09,2025,04,0.0031022858,NRSC VIC MODEL
Andhra Pradesh,Prakasam,2025-04-13,2025,04,0.0337282498,NRSC VIC MODEL
Andhra Pradesh,Prakasam,2025-04-18,2025,04,0.0521163997,NRSC VIC MODEL
Andhra Pradesh,Prakasam,2025-04-21,2025,04,0.029699971,NRSC VIC MODEL
Andhra Pradesh,Prakasam,2025-04-22,2025,04,0.0,NRSC VIC MODEL
Andhra Pradesh,Prakasam,2025-04-30,2025,04,0.0319073633,NRSC VIC MODEL
Andhra Pradesh,SPSR Nellore,2025-04-05,2025,04,0.2516858618,NRSC VIC MODEL
Andhra Pradesh,SPSR Nellore,2025-04-07,2025,04,0.0007216423,NRSC VIC MODEL
Andhra Pradesh,SPSR Nellore,2025-04-08,2025,04,0.0,NRSC VIC MODEL
Andhra Pradesh,SPSR Nellore,2025-04-13,2025,04,-0.0053560228,NRSC VIC MODEL
Andhra Pradesh,SPSR Nellore,2025-04-19,2025,04,0.0,NRSC VIC MODEL
Andhra Pradesh,SPSR Nellore,2025-04-21,2025,04,0.0,NRSC VIC MODEL
Andhra Pradesh,SPSR Nellore,2025-04-23,2025,04,0.0040939802,NRSC VIC MODEL
Andhra Pradesh,SPSR Nellore,2025-04-24,2025,04,0.0,NRSC VIC MODEL
Andhra Pradesh,SPSR Nellore,2025-04-27,2025,04,0.0,NRSC VIC MODEL
Andhra Pradesh,SPSR Nellore,2025-04-29,2025,04,0.0,NRSC VIC MODEL
Andhra Pradesh,Srikakulam,2025-04-11,2025,04,0.8782618327,NRSC VIC MODEL
Andhra Pradesh,Srikakulam,2025-04-20,2025,04,0.0011118491,NRSC VIC MODEL
Andhra Pradesh,Srikakulam,2025-04-28,2025,04,0.4457671284,NRSC VIC MODEL
Andhra Pradesh,Srikakulam,2025-04-29,2025,04,5.1811037712,NRSC VIC MODEL
Andhra Pradesh,Visakhapatanam,2025-04-01,2025,04,0.0245393041,NRSC VIC MODEL
Andhra Pradesh,Visakhapatanam,2025-04-06,2025,04,5.6865521207,NRSC VIC MODEL
Andhra Pradesh,Visakhapatanam,2025-04-08,2025,04,0.3464591874,NRSC VIC MODEL
Andhra Pradesh,Visakhapatanam,2025-04-16,2025,04,8.8759944466,NRSC VIC MODEL
Andhra Pradesh,Visakhapatanam,2025-04-18,2025,04,0.2022740518,NRSC VIC MODEL
Andhra Pradesh,Visakhapatanam,2025-04-22,2025,04,0.0,NRSC VIC MODEL
Andhra Pradesh,Vizianagaram,2025-04-01,2025,04,0.000249805,NRSC VIC MODEL
Andhra Pradesh,Vizianagaram,2025-04-02,2025,04,0.0,NRSC VIC MODEL
Andhra Pradesh,Vizianagaram,2025-04-03,2025,04,0.0004276658,NRSC VIC MODEL
Andhra Pradesh,Vizianagaram,2025-04-13,2025,04,0.2907517172,NRSC VIC MODEL
Andhra Pradesh,Vizianagaram,2025-04-15,2025,04,0.150660268,NRSC VIC MODEL
Andhra Pradesh,Vizianagaram,2025-04-18,2025,04,0.0084495265,NRSC VIC MODEL
Andhra Pradesh,Vizianagaram,2025-04-20,2025,04,0.0103956318,NRSC VIC MODEL
Andhra Pradesh,Vizianagaram,2025-04-25,2025,04,0.1672893172,NRSC VIC MODEL
Andhra Pradesh,Vizianagaram,2025-04-30,2025,04,14.3477348025,NRSC VIC MODEL
Andhra Pradesh,West Godavari,2025-04-03,2025,04,0.0,NRSC VIC MODEL
Andhra Pradesh,West Godavari,2025-04-05,2025,04,0.492804585,NRSC VIC MODEL
Andhra Pradesh,West Godavari,2025-04-06,2025,04,0.6331011314,NRSC VIC MODEL
Andhra Pradesh,West Godavari,2025-04-10,2025,04,0.6407051328,NRSC VIC MODEL
Andhra Pradesh,West Godavari,2025-04-14,2025,04,11.14802348,NRSC VIC MODEL
Andhra Pradesh,Y.S.R.,2025-04-02,2025,04,0.0005459018,NRSC VIC MODEL
Andhra Pradesh,Y.S.R.,2025-04-03,2025,04,0.0007601752,NRSC VIC MODEL
Andhra Pradesh,Y.S.R.,2025-04-06,2025,04,0.014407945,NRSC VIC MODEL
Andhra Pradesh,Y.S.R.,2025-04-15,2025,04,0.701508446,NRSC VIC MODEL
Andhra Pradesh,Y.S.R.,2025-04-16,2025,04,2.544551437,NRSC VIC MODEL
Andhra Pradesh,Y.S.R.,2025-04-18,2025,04,0.0673034532,NRSC VIC MODEL
Andhra Pradesh,Y.S.R.,2025-04-21,2025,04,0.7977043328,NRSC VIC MODEL
Andhra Pradesh,Y.S.R.,2025-04-26,2025,04,0.0002819622,NRSC VIC MODEL
Andhra Pradesh,Y.S.R.,2025-04-27,2025,04,0.0,NRSC VIC MODEL
Andhra Pradesh,Y.S.R.,2025-04-29,2025,04,0.0076984396,NRSC VIC MODEL
Andhra Pradesh,Anantapur,2025-05-02,2025,05,0.5895012628,NRSC VIC MODEL
Andhra Pradesh,Anantapur,2025-05-19,2025,05,10.3134235309,NRSC VIC MODEL
Andhra Pradesh,Anantapur,2025-05-21,2025,05,9.0984121053,NRSC VIC MODEL
Andhra Pradesh,Anantapur,2025-05-23,2025,05,0.1859259821,NRSC VIC MODEL
Andhra Pradesh,Anantapur,2025-05-27,2025,05,2.8237683112,NRSC VIC MODEL
Andhra Pradesh,Chittoor,2025-05-05,2025,05,3.952780447,NRSC VIC MODEL
Andhra Pradesh,Chittoor,2025-05-08,2025,05,8.5802026426,NRSC VIC MODEL
Andhra Pradesh,Chittoor,2025-05-19,2025,05,15.0044106362,NRSC VIC MODEL
Andhra Pradesh,Chittoor,2025-05-22,2025,05,3.0348267334,NRSC VIC MODEL
Andhra Pradesh,Chittoor,2025-05-27,2025,05,0.5934004671,NRSC VIC MODEL
Andhra Pradesh,Chittoor,2025-05-29,2025,05,0.357518724,NRSC VIC MODEL
Andhra Pradesh,Chittoor,2025-05-31,2025,05,0.1775342912,NRSC VIC MODEL
Andhra Pradesh,East Godavari,2025-05-04,2025,05,6.2701211806,NRSC VIC MODEL
Andhra Pradesh,East Godavari,2025-05-10,2025,05,2.5074476911,NRSC VIC MODEL
Andhra Pradesh,East Godavari,2025-05-15,2025,05,2.222726956,NRSC VIC MODEL
Andhra Pradesh,East Godavari,2025-05-21,2025,05,21.4097933629,NRSC VIC MODEL
Andhra Pradesh,East Godavari,2025-05-22,2025,05,11.5044662054,NRSC VIC MODEL
Andhra Pradesh,East Godavari,2025-05-23,2025,05,8.5521317434,NRSC VIC MODEL
Andhra Pradesh,East Godavari,2025-05-30,2025,05,8.7468887965,NRSC VIC MODEL
Andhra Pradesh,East Godavari,2025-05-31,2025,05,2.6911221593,NRSC VIC MODEL
Andhra Pradesh,Guntur,2025-05-01,2025,05,1.0898240735,NRSC VIC MODEL
Andhra Pradesh,Guntur,2025-05-02,2025,05,2.5966022614,NRSC VIC MODEL
Andhra Pradesh,Guntur,2025-05-22,2025,05,36.2501214516,NRSC VIC MODEL
Andhra Pradesh,Guntur,2025-05-24,2025,05,10.4996571998,NRSC VIC MODEL
Andhra Pradesh,Guntur,2025-05-26,2025,05,5.3074195922,NRSC VIC MODEL
Andhra Pradesh,Guntur,2025-05-27,2025,05,0.0567193143,NRSC VIC MODEL
Andhra Pradesh,Guntur,2025-05-29,2025,05,0.5711563901,NRSC VIC MODEL
Andhra Pradesh,Krishna,2025-05-03,2025,05,0.026471358,NRSC VIC MODEL
Andhra Pradesh,Krishna,2025-05-05,2025,05,14.8629004898,NRSC VIC MODEL
Andhra Pradesh,Krishna,2025-05-08,2025,05,0.672299888,NRSC VIC MODEL
Andhra Pradesh,Krishna,2025-05-16,2025,05,22.2725240956,NRSC VIC MODEL
Andhra Pradesh,Krishna,2025-05-24,2025,05,9.1767001095,NRSC VIC MODEL
Andhra Pradesh,Kurnool,2025-05-03,2025,05,6.099564145,NRSC VIC MODEL
Andhra Pradesh,Kurnool,2025-05-08,2025,05,2.1320950806,NRSC VIC MODEL
Andhra Pradesh,Kurnool,2025-05-09,2025,05,0.1670096125,NRSC VIC MODEL
Andhra Pradesh,Kurnool,2025-05-29,2025,05,2.5646795538,NRSC VIC MODEL
Andhra Pradesh,Prakasam,2025-05-07,2025,05,7.3953119149,NRSC VIC MODEL
Andhra Pradesh,Prakasam,2025-05-10,2025,05,1.6932e-06,NRSC VIC MODEL
Andhra Pradesh,Prakasam,2025-05-18,2025,05,11.6000172686,NRSC VIC MODEL
Andhra Pradesh,Prakasam,2025-05-30,2025,05,1.8160182842,NRSC VIC MODEL
Andhra Pradesh,Prakasam,2025-05-31,2025,05,0.3300340107,NRSC VIC MODEL
Andhra Pradesh,SPSR Nellore,2025-05-09,2025,05,5.5078058102,NRSC VIC MODEL
Andhra Pradesh,SPSR Nellore,2025-05-19,2025,05,10.2047224419,NRSC VIC MODEL
Andhra Pradesh,SPSR Nellore,2025-05-21,2025,05,11.4374821792,NRSC VIC MODEL
Andhra Pradesh,SPSR Nellore,2025-05-29,2025,05,0.0065689659,NRSC VIC MODEL
Andhra Pradesh,SPSR Nellore,2025-05-30,2025,05,2.3416695384,NRSC VIC MODEL
Andhra Pradesh,Srikakulam,2025-05-01,2025,05,0.3728642526,NRSC VIC MODEL
Andhra Pradesh,Srikakulam,2025-05-08,2025,05,0.2965120135,NRSC VIC MODEL
Andhra Pradesh,Srikakulam,2025-05-15,2025,05,11.7333162707,NRSC VIC MODEL
Andhra Pradesh,Srikakulam,2025-05-26,2025,05,3.1976675489,NRSC VIC MODEL
Andhra Pradesh,Srikakulam,2025-05-27,2025,05,5.3600537777,NRSC VIC MODEL
Andhra Pradesh,Srikakulam,2025-05-28,2025,05,34.7762348443,NRSC VIC MODEL
Andhra Pradesh,Visakhapatanam,2025-05-03,2025,05,0.0240254693,NRSC VIC MODEL
Andhra Pradesh,Visakhapatanam,2025-05-04,2025,05,11.6738086874,NRSC VIC MODEL
Andhra Pradesh,Visakhapatanam,2025-05-10,2025,05,0.3104911761,NRSC VIC MODEL
Andhra Pradesh,Visakhapatanam,2025-05-16,2025,05,9.6121337269,NRSC VIC MODEL
Andhra Pradesh,Visakhapatanam,2025-05-17,2025,05,3.7301883811,NRSC VIC MODEL
Andhra Pradesh,Visakhapatanam,2025-05-24,2025,05,1.3303561688,NRSC VIC MODEL
Andhra Pradesh,Visakhapatanam,2025-05-26,2025,05,12.4498635659,NRSC VIC MODEL
Andhra Pradesh,Visakhapatanam,2025-05-28,2025,05,54.0164235257,NRSC VIC MODEL
Andhra Pradesh,Visakhapatanam,2025-05-29,2025,05,13.29305981,NRSC VIC MODEL
Andhra Pradesh,Visakhapatanam,2025-05-30,2025,05,11.9647698898,NRSC VIC MODEL
Andhra Pradesh,Visakhapatanam,2025-05-31,2025,05,5.2408592775,NRSC VIC MODEL
Andhra Pradesh,Vizianagaram,2025-05-01,2025,05,6.0344348748,NRSC VIC MODEL
Andhra Pradesh,Vizianagaram,2025-05-03,2025,05,1.95647e-05,NRSC VIC MODEL
Andhra Pradesh,Vizianagaram,2025-05-04,2025,05,6.931841052,NRSC VIC MODEL
Andhra Pradesh,Vizianagaram,2025-05-06,2025,05,0.0049692663,NRSC VIC MODEL
Andhra Pradesh,Vizianagaram,2025-05-08,2025,05,2.8541715982,NRSC VIC MODEL
Andhra Pradesh,Vizianagaram,2025-05-15,2025,05,9.4592843993,NRSC VIC MODEL
Andhra Pradesh,Vizianagaram,2025-05-21,2025,05,9.0118033813,NRSC VIC MODEL
Andhra Pradesh,Vizianagaram,2025-05-28,2025,05,32.1426435371,NRSC VIC MODEL
Andhra Pradesh,West Godavari,2025-05-04,2025,05,4.4031326251,NRSC VIC MODEL
Andhra Pradesh,West Godavari,2025-05-09,2025,05,0.9904607205,NRSC VIC MODEL
Andhra Pradesh,West Godavari,2025-05-21,2025,05,12.2872055546,NRSC VIC MODEL
Andhra Pradesh,West Godavari,2025-05-22,2025,05,13.6368140573,NRSC VIC MODEL
Andhra Pradesh,West Godavari,2025-05-26,2025,05,5.3066423039,NRSC VIC MODEL
Andhra Pradesh,West Godavari,2025-05-30,2025,05,5.8231782502,NRSC VIC MODEL
Andhra Pradesh,Y.S.R.,2025-05-10,2025,05,0.0665661257,NRSC VIC MODEL
Andhra Pradesh,Y.S.R.,2025-05-28,2025,05,0.1693139375,NRSC VIC MODEL
Andhra Pradesh,Anantapur,2025-06-02,2025,06,0.4499040504,NRSC VIC MODEL
Andhra Pradesh,Anantapur,2025-06-15,2025,06,0.0684515402,NRSC VIC MODEL
Andhra Pradesh,Anantapur,2025-06-17,2025,06,0.0412200606,NRSC VIC MODEL
Andhra Pradesh,Anantapur,2025-06-21,2025,06,1.2912402492,NRSC VIC MODEL
Andhra Pradesh,Chittoor,2025-06-07,2025,06,0.2221410291,NRSC VIC MODEL
Andhra Pradesh,Chittoor,2025-06-08,2025,06,1.2126015462,NRSC VIC MODEL
Andhra Pradesh,Chittoor,2025-06-11,2025,06,1.2805035429,NRSC VIC MODEL
Andhra Pradesh,Chittoor,2025-06-09,2025,06,0.9731461674,NRSC VIC MODEL
Andhra Pradesh,Chittoor,2025-06-13,2025,06,16.0693778148,NRSC VIC MODEL
Andhra Pradesh,Chittoor,2025-06-25,2025,06,0.0217540667,NRSC VIC MODEL
Andhra Pradesh,Chittoor,2025-06-28,2025,06,0.7197965314,NRSC VIC MODEL
Andhra Pradesh,East Godavari,2025-06-04,2025,06,0.1314965569,NRSC VIC MODEL
Andhra Pradesh,East Godavari,2025-06-06,2025,06,0.1254442988,NRSC VIC MODEL
Andhra Pradesh,Guntur,2025-06-30,2025,06,5.2396168221,NRSC VIC MODEL
Andhra Pradesh,Krishna,2025-06-03,2025,06,0.2214154261,NRSC VIC MODEL
Andhra Pradesh,Krishna,2025-06-05,2025,06,0.0229941485,NRSC VIC MODEL
Andhra Pradesh,Krishna,2025-06-06,2025,06,0.0611283064,NRSC VIC MODEL
Andhra Pradesh,Krishna,2025-06-09,2025,06,0.7188453177,NRSC VIC MODEL
Andhra Pradesh,Krishna,2025-06-21,2025,06,0.2921871985,NRSC VIC MODEL
Andhra Pradesh,Krishna,2025-06-22,2025,06,8.1646784886,NRSC VIC MODEL
Andhra Pradesh,Krishna,2025-06-26,2025,06,12.2518319105,NRSC VIC MODEL
Andhra Pradesh,Kurnool,2025-06-05,2025,06,0.0545940733,NRSC VIC MODEL
Andhra Pradesh,Kurnool,2025-06-06,2025,06,0.0,NRSC VIC MODEL
Andhra Pradesh,Kurnool,2025-06-08,2025,06,4.9481178622,NRSC VIC MODEL
Andhra Pradesh,Kurnool,2025-06-23,2025,06,4.6673642435,NRSC VIC MODEL
Andhra Pradesh,Kurnool,2025-06-25,2025,06,2.1821862924,NRSC VIC MODEL
Andhra Pradesh,Prakasam,2025-06-02,2025,06,0.0313769591,NRSC VIC MODEL
Andhra Pradesh,Prakasam,2025-06-05,2025,06,0.0148753341,NRSC VIC MODEL
Andhra Pradesh,Prakasam,2025-06-07,2025,06,2.1194446594,NRSC VIC MODEL
Andhra Pradesh,Prakasam,2025-06-08,2025,06,1.5870392638,NRSC VIC MODEL
Andhra Pradesh,Prakasam,2025-06-13,2025,06,3.0597100172,NRSC VIC MODEL
Andhra Pradesh,Prakasam,2025-06-25,2025,06,3.1346106625,NRSC VIC MODEL
Andhra Pradesh,SPSR Nellore,2025-06-01,2025,06,0.3295013637,NRSC VIC MODEL
Andhra Pradesh,SPSR Nellore,2025-06-06,2025,06,0.1121765956,NRSC VIC MODEL
Andhra Pradesh,SPSR Nellore,2025-06-10,2025,06,0.0202711874,NRSC VIC MODEL
Andhra Pradesh,SPSR Nellore,2025-06-12,2025,06,1.2327540904,NRSC VIC MODEL
Andhra Pradesh,SPSR Nellore,2025-06-26,2025,06,5.1993011497,NRSC VIC MODEL
Andhra Pradesh,SPSR Nellore,2025-06-27,2025,06,1.81108911,NRSC VIC MODEL
Andhra Pradesh,Srikakulam,2025-06-03,2025,06,0.1540537546,NRSC VIC MODEL
Andhra Pradesh,Srikakulam,2025-06-04,2025,06,0.3404272692,NRSC VIC MODEL
Andhra Pradesh,Srikakulam,2025-06-10,2025,06,10.1094037628,NRSC VIC MODEL
Andhra Pradesh,Srikakulam,2025-06-17,2025,06,2.7006083068,NRSC VIC MODEL
Andhra Pradesh,Srikakulam,2025-06-25,2025,06,4.2240005923,NRSC VIC MODEL
Andhra Pradesh,Visakhapatanam,2025-06-05,2025,06,1.7467585248,NRSC VIC MODEL
Andhra Pradesh,Visakhapatanam,2025-06-06,2025,06,1.0897443397,NRSC VIC MODEL
Andhra Pradesh,Visakhapatanam,2025-06-10,2025,06,1.8097847129,NRSC VIC MODEL
Andhra Pradesh,Visakhapatanam,2025-06-14,2025,06,2.0292797242,NRSC VIC MODEL
Andhra Pradesh,Visakhapatanam,2025-06-26,2025,06,10.0690316593,NRSC VIC MODEL
Andhra Pradesh,Vizianagaram,2025-06-01,2025,06,7.2014450007,NRSC VIC MODEL
Andhra Pradesh,Vizianagaram,2025-06-15,2025,06,11.4513122561,NRSC VIC MODEL
Andhra Pradesh,Vizianagaram,2025-06-19,2025,06,0.1487926003,NRSC VIC MODEL
Andhra Pradesh,Vizianagaram,2025-06-21,2025,06,0.0573118308,NRSC VIC MODEL
Andhra Pradesh,West Godavari,2025-06-11,2025,06,13.4586353916,NRSC VIC MODEL
Andhra Pradesh,West Godavari,2025-06-17,2025,06,5.2226366507,NRSC VIC MODEL
Andhra Pradesh,West Godavari,2025-06-25,2025,06,9.054461225,NRSC VIC MODEL
Andhra Pradesh,West Godavari,2025-06-26,2025,06,27.1896234964,NRSC VIC MODEL
Andhra Pradesh,West Godavari,2025-06-29,2025,06,2.1872195384,NRSC VIC MODEL
Andhra Pradesh,Y.S.R.,2025-06-06,2025,06,0.0055307774,NRSC VIC MODEL
Andhra Pradesh,Y.S.R.,2025-06-10,2025,06,0.3590109032,NRSC VIC MODEL
Andhra Pradesh,Y.S.R.,2025-06-29,2025,06,0.1736194867,NRSC VIC MODEL
